,location,total_sqft,bath,price,bhk,price_per_feet
0,1st Block Jayanagar,2850.0,4.0,428.0,4.0,15017.543859649122
1,1st Block Jayanagar,1630.0,3.0,194.0,3.0,11901.840490797545
2,1st Block Jayanagar,1875.0,2.0,235.0,3.0,12533.333333333334
3,1st Block Jayanagar,1200.0,2.0,130.0,3.0,10833.333333333334
4,1st Block Jayanagar,1235.0,2.0,148.0,2.0,11983.805668016194
5,1st Block Jayanagar,2750.0,4.0,413.0,4.0,15018.181818181818
6,1st Block Jayanagar,2450.0,4.0,368.0,4.0,15020.408163265307
7,1st Phase JP Nagar,2825.0,4.0,250.0,4.0,8849.557522123894
8,1st Phase JP Nagar,1875.0,3.0,167.0,3.0,8906.666666666666
9,1st Phase JP Nagar,1500.0,5.0,85.0,5.0,5666.666666666667
10,1st Phase JP Nagar,2065.0,4.0,210.0,3.0,10169.49152542373
11,1st Phase JP Nagar,2024.0,3.0,157.0,3.0,7756.916996047431
12,1st Phase JP Nagar,2059.0,3.0,225.0,3.0,10927.634774162214
13,1st Phase JP Nagar,1394.0,2.0,100.0,2.0,7173.601147776184
14,1st Phase JP Nagar,1077.0,2.0,93.0,2.0,8635.097493036212
15,1st Phase JP Nagar,1566.0,2.0,180.0,2.0,11494.252873563219
16,1st Phase JP Nagar,840.0,2.0,50.0,1.0,5952.380952380952
17,1st Phase JP Nagar,1590.0,3.0,131.0,3.0,8238.993710691824
18,1st Phase JP Nagar,2180.0,3.0,210.0,3.0,9633.02752293578
19,1st Phase JP Nagar,1180.0,2.0,88.5,2.0,7500.0
20,1st Phase JP Nagar,1200.0,2.0,86.0,2.0,7166.666666666667
21,1st Phase JP Nagar,1394.0,2.0,85.0,2.0,6097.5609756097565
22,1st Phase JP Nagar,2077.0,3.0,175.0,3.0,8425.613866153106
23,1st Phase JP Nagar,4550.0,2.0,240.0,4.0,5274.725274725275
24,1st Phase JP Nagar,1205.0,2.0,85.0,2.0,7053.941908713693
25,1st Phase JP Nagar,2615.0,5.0,222.0,4.0,8489.483747609942
26,1st Phase JP Nagar,900.0,2.0,75.0,2.0,8333.333333333334
27,2nd Phase Judicial Layout,1450.0,2.0,50.75,3.0,3500.0
28,2nd Phase Judicial Layout,1150.0,2.0,40.25,2.0,3500.0
29,2nd Phase Judicial Layout,1350.0,2.0,47.25,3.0,3500.0
30,2nd Phase Judicial Layout,1350.0,2.0,47.25,3.0,3500.0
31,2nd Phase Judicial Layout,900.0,2.0,41.0,2.0,4555.555555555556
32,2nd Phase Judicial Layout,1681.0,3.0,69.0,3.0,4104.699583581201
33,2nd Phase Judicial Layout,1350.0,2.0,47.25,3.0,3500.0
34,2nd Phase Judicial Layout,1150.0,2.0,40.25,2.0,3500.0
35,2nd Stage Nagarbhavi,1500.0,4.0,220.0,4.0,14666.666666666666
36,2nd Stage Nagarbhavi,3000.0,8.0,451.0,6.0,15033.333333333334
37,2nd Stage Nagarbhavi,2400.0,8.0,450.0,6.0,18750.0
38,2nd Stage Nagarbhavi,1350.0,4.0,200.0,4.0,14814.814814814816
39,2nd Stage Nagarbhavi,1200.0,4.0,225.0,4.0,18750.0
40,2nd Stage Nagarbhavi,1500.0,3.0,230.0,4.0,15333.333333333334
41,5th Block Hbr Layout,1206.0,2.0,56.0,2.0,4643.449419568822
42,5th Block Hbr Layout,1270.0,2.0,70.0,3.0,5511.811023622047
43,5th Block Hbr Layout,1312.0,2.0,69.0,2.0,5259.1463414634145
44,5th Block Hbr Layout,1100.0,2.0,48.0,2.0,4363.636363636364
45,5th Block Hbr Layout,3600.0,5.0,130.0,5.0,3611.1111111111113
46,5th Block Hbr Layout,5100.0,5.0,300.0,6.0,5882.35294117647
47,5th Phase JP Nagar,1075.0,2.0,60.0,2.0,5581.395348837209
48,5th Phase JP Nagar,1150.0,3.0,52.5,2.0,4565.217391304348
49,5th Phase JP Nagar,1256.0,2.0,62.8,2.0,5000.0
50,5th Phase JP Nagar,1207.0,2.0,63.0,2.0,5219.552609776305
51,5th Phase JP Nagar,1725.0,2.0,100.0,3.0,5797.101449275362
52,5th Phase JP Nagar,1440.0,2.0,60.0,2.0,4166.666666666667
53,5th Phase JP Nagar,1700.0,2.0,100.0,3.0,5882.35294117647
54,5th Phase JP Nagar,1485.0,2.0,67.0,3.0,4511.784511784512
55,5th Phase JP Nagar,2500.0,5.0,110.0,5.0,4400.0
56,5th Phase JP Nagar,600.0,1.0,30.0,1.0,5000.0
57,5th Phase JP Nagar,1390.0,2.0,65.0,2.0,4676.258992805755
58,5th Phase JP Nagar,1256.0,2.0,62.8,2.0,5000.0
59,5th Phase JP Nagar,1000.0,2.0,48.0,2.0,4800.0
60,5th Phase JP Nagar,1350.0,2.0,75.0,3.0,5555.555555555556
61,5th Phase JP Nagar,552.0,1.0,23.5,1.0,4257.246376811594
62,5th Phase JP Nagar,1200.0,2.0,51.0,2.0,4250.0
63,5th Phase JP Nagar,1240.0,3.0,60.0,3.0,4838.709677419355
64,5th Phase JP Nagar,1550.0,3.0,75.0,3.0,4838.709677419355
65,5th Phase JP Nagar,1485.0,2.0,66.0,3.0,4444.444444444444
66,5th Phase JP Nagar,1030.0,2.0,57.0,2.0,5533.980582524272
67,5th Phase JP Nagar,1200.0,2.0,68.0,2.0,5666.666666666667
68,5th Phase JP Nagar,1190.0,2.0,61.8,2.0,5193.27731092437
69,5th Phase JP Nagar,4000.0,5.0,170.0,5.0,4250.0
70,5th Phase JP Nagar,1080.0,2.0,53.0,2.0,4907.407407407408
71,5th Phase JP Nagar,1041.0,2.0,54.0,2.0,5187.319884726225
72,5th Phase JP Nagar,812.0,2.0,42.0,2.0,5172.413793103448
73,5th Phase JP Nagar,1010.0,2.0,57.0,2.0,5643.564356435643
74,5th Phase JP Nagar,1450.0,2.0,73.0,3.0,5034.482758620689
75,5th Phase JP Nagar,1075.0,2.0,60.0,2.0,5581.395348837209
76,6th Phase JP Nagar,1192.0,2.0,74.0,2.0,6208.053691275168
77,6th Phase JP Nagar,1180.0,2.0,80.0,2.0,6779.661016949152
78,6th Phase JP Nagar,3245.0,4.0,250.0,4.0,7704.160246533128
79,6th Phase JP Nagar,1645.0,3.0,100.0,3.0,6079.0273556231
80,6th Phase JP Nagar,1140.0,2.0,65.0,2.0,5701.754385964912
81,6th Phase JP Nagar,2040.0,3.0,200.0,3.0,9803.921568627451
82,6th Phase JP Nagar,1213.0,2.0,63.0,2.0,5193.734542456719
83,6th Phase JP Nagar,1216.0,2.0,60.0,2.0,4934.210526315789
84,6th Phase JP Nagar,1460.0,2.0,80.0,2.0,5479.45205479452
85,6th Phase JP Nagar,2003.0,3.0,200.0,3.0,9985.022466300548
86,6th Phase JP Nagar,1810.0,3.0,131.0,3.0,7237.5690607734805
87,6th Phase JP Nagar,1515.0,2.0,135.0,3.0,8910.89108910891
88,6th Phase JP Nagar,1192.0,2.0,75.0,2.0,6291.946308724832
89,6th Phase JP Nagar,1280.0,2.0,88.0,2.0,6875.0
90,7th Phase JP Nagar,1080.0,2.0,72.0,2.0,6666.666666666667
91,7th Phase JP Nagar,1270.0,2.0,93.0,2.0,7322.834645669292
92,7th Phase JP Nagar,1420.0,2.0,100.0,3.0,7042.2535211267605
93,7th Phase JP Nagar,1850.0,3.0,150.0,3.0,8108.108108108108
94,7th Phase JP Nagar,1245.0,2.0,94.0,2.0,7550.2008032128515
95,7th Phase JP Nagar,1175.0,2.0,82.0,2.0,6978.723404255319
96,7th Phase JP Nagar,1400.0,2.0,95.0,3.0,6785.714285714285
97,7th Phase JP Nagar,2225.0,3.0,160.0,3.0,7191.011235955056
98,7th Phase JP Nagar,1050.0,2.0,71.0,2.0,6761.9047619047615
99,7th Phase JP Nagar,1100.0,2.0,46.0,2.0,4181.818181818182
100,7th Phase JP Nagar,918.0,2.0,50.49,2.0,5500.0
101,7th Phase JP Nagar,1450.0,2.0,100.0,3.0,6896.551724137931
102,7th Phase JP Nagar,1190.0,2.0,49.98,2.0,4200.0
103,7th Phase JP Nagar,1420.0,2.0,96.0,3.0,6760.56338028169
104,7th Phase JP Nagar,1680.0,3.0,120.0,3.0,7142.857142857143
105,7th Phase JP Nagar,980.0,2.0,69.0,2.0,7040.816326530612
106,7th Phase JP Nagar,1180.0,2.0,72.0,2.0,6101.6949152542375
107,7th Phase JP Nagar,1050.0,2.0,57.0,3.0,5428.571428571428
108,7th Phase JP Nagar,1343.0,2.0,56.41,3.0,4200.297840655249
109,7th Phase JP Nagar,1405.0,2.0,59.01,3.0,4200.0
110,7th Phase JP Nagar,1400.0,3.0,115.0,3.0,8214.285714285714
111,7th Phase JP Nagar,1270.0,2.0,83.0,2.0,6535.433070866142
112,7th Phase JP Nagar,3300.0,4.0,150.0,4.0,4545.454545454545
113,7th Phase JP Nagar,2503.0,4.0,188.0,4.0,7510.986815821015
114,7th Phase JP Nagar,2200.0,3.0,190.0,3.0,8636.363636363636
115,7th Phase JP Nagar,1250.0,3.0,65.0,3.0,5200.0
116,7th Phase JP Nagar,1385.0,2.0,58.17,3.0,4200.0
117,7th Phase JP Nagar,1575.0,2.0,110.0,3.0,6984.126984126984
118,7th Phase JP Nagar,1850.0,3.0,140.0,3.0,7567.5675675675675
119,7th Phase JP Nagar,1575.0,2.0,120.0,3.0,7619.047619047619
120,7th Phase JP Nagar,1850.0,3.0,150.0,3.0,8108.108108108108
121,7th Phase JP Nagar,1680.0,3.0,120.0,3.0,7142.857142857143
122,7th Phase JP Nagar,1175.0,2.0,82.5,2.0,7021.276595744681
123,7th Phase JP Nagar,3300.0,4.0,160.0,3.0,4848.484848484848
124,7th Phase JP Nagar,2200.0,4.0,105.0,3.0,4772.727272727273
125,7th Phase JP Nagar,1215.0,2.0,90.0,2.0,7407.407407407408
126,7th Phase JP Nagar,1050.0,2.0,75.0,2.0,7142.857142857143
127,7th Phase JP Nagar,1300.0,3.0,89.13,3.0,6856.153846153846
128,7th Phase JP Nagar,1130.0,2.0,73.0,2.0,6460.1769911504425
129,7th Phase JP Nagar,1450.0,3.0,100.0,3.0,6896.551724137931
130,7th Phase JP Nagar,1350.0,3.0,58.0,3.0,4296.2962962962965
131,7th Phase JP Nagar,1050.0,2.0,50.0,2.0,4761.9047619047615
132,7th Phase JP Nagar,1275.0,2.0,87.0,2.0,6823.529411764706
133,7th Phase JP Nagar,1460.0,3.0,70.0,3.0,4794.520547945205
134,7th Phase JP Nagar,1650.0,3.0,110.0,3.0,6666.666666666667
135,7th Phase JP Nagar,850.0,2.0,42.0,2.0,4941.176470588235
136,7th Phase JP Nagar,1680.0,3.0,117.0,3.0,6964.285714285715
137,7th Phase JP Nagar,1850.0,3.0,150.0,3.0,8108.108108108108
138,7th Phase JP Nagar,1236.0,2.0,61.33,2.0,4961.974110032363
139,7th Phase JP Nagar,1000.0,2.0,53.0,2.0,5300.0
140,7th Phase JP Nagar,1680.0,3.0,125.0,3.0,7440.476190476191
141,7th Phase JP Nagar,1675.0,2.0,135.0,3.0,8059.701492537313
142,7th Phase JP Nagar,1187.0,2.0,59.0,2.0,4970.513900589722
143,7th Phase JP Nagar,1850.0,3.0,155.0,3.0,8378.378378378378
144,7th Phase JP Nagar,1000.0,2.0,61.0,2.0,6100.0
145,7th Phase JP Nagar,1460.0,2.0,100.0,3.0,6849.315068493151
146,7th Phase JP Nagar,1650.0,3.0,110.0,3.0,6666.666666666667
147,7th Phase JP Nagar,1200.0,2.0,62.5,2.0,5208.333333333333
148,7th Phase JP Nagar,1000.0,2.0,70.65,2.0,7065.000000000001
149,7th Phase JP Nagar,1080.0,2.0,75.0,2.0,6944.444444444444
150,7th Phase JP Nagar,1415.0,3.0,65.0,3.0,4593.639575971732
151,7th Phase JP Nagar,1680.0,3.0,125.0,3.0,7440.476190476191
152,7th Phase JP Nagar,1460.0,2.0,97.0,3.0,6643.835616438356
153,7th Phase JP Nagar,1120.0,2.0,65.0,2.0,5803.571428571428
154,7th Phase JP Nagar,1100.0,3.0,60.0,2.0,5454.545454545455
155,7th Phase JP Nagar,1790.0,3.0,120.0,3.0,6703.91061452514
156,7th Phase JP Nagar,1680.0,3.0,117.0,3.0,6964.285714285715
157,7th Phase JP Nagar,1050.0,2.0,77.0,2.0,7333.333333333333
158,7th Phase JP Nagar,1050.0,2.0,75.0,2.0,7142.857142857143
159,7th Phase JP Nagar,1040.0,2.0,75.0,2.0,7211.538461538462
160,7th Phase JP Nagar,1400.0,2.0,95.0,3.0,6785.714285714285
161,7th Phase JP Nagar,1800.0,3.0,130.0,3.0,7222.222222222223
162,7th Phase JP Nagar,1050.0,2.0,68.0,2.0,6476.190476190476
163,7th Phase JP Nagar,1000.0,2.0,60.0,2.0,6000.0
164,7th Phase JP Nagar,1680.0,3.0,125.0,3.0,7440.476190476191
165,7th Phase JP Nagar,1050.0,2.0,77.47,2.0,7378.0952380952385
166,7th Phase JP Nagar,1270.0,2.0,80.0,2.0,6299.212598425197
167,7th Phase JP Nagar,1463.0,2.0,61.45,3.0,4200.273410799727
168,7th Phase JP Nagar,1680.0,3.0,122.0,3.0,7261.9047619047615
169,7th Phase JP Nagar,1130.0,2.0,85.0,2.0,7522.123893805309
170,7th Phase JP Nagar,1680.0,3.0,130.0,3.0,7738.0952380952385
171,7th Phase JP Nagar,980.0,2.0,77.44,2.0,7902.040816326531
172,7th Phase JP Nagar,1680.0,3.0,112.0,3.0,6666.666666666667
173,7th Phase JP Nagar,1515.0,2.0,76.0,3.0,5016.501650165016
174,7th Phase JP Nagar,2095.0,3.0,150.0,3.0,7159.904534606205
175,7th Phase JP Nagar,1976.0,3.0,145.0,3.0,7338.056680161943
176,7th Phase JP Nagar,1600.0,2.0,110.0,3.0,6875.0
177,7th Phase JP Nagar,1765.0,3.0,118.0,3.0,6685.552407932011
178,7th Phase JP Nagar,1275.0,2.0,88.0,3.0,6901.9607843137255
179,7th Phase JP Nagar,1450.0,2.0,102.0,3.0,7034.482758620689
180,7th Phase JP Nagar,1575.0,2.0,110.0,3.0,6984.126984126984
181,7th Phase JP Nagar,1075.0,2.0,57.0,3.0,5302.325581395349
182,7th Phase JP Nagar,750.0,1.0,47.0,1.0,6266.666666666667
183,7th Phase JP Nagar,990.0,2.0,50.0,2.0,5050.50505050505
184,7th Phase JP Nagar,1000.0,1.0,60.0,1.0,6000.0
185,7th Phase JP Nagar,1680.0,2.0,92.0,3.0,5476.190476190476
186,7th Phase JP Nagar,1430.0,2.0,102.0,3.0,7132.867132867133
187,7th Phase JP Nagar,1128.0,2.0,60.0,2.0,5319.148936170212
188,7th Phase JP Nagar,1140.0,2.0,57.0,2.0,5000.0
189,7th Phase JP Nagar,1420.0,3.0,90.0,3.0,6338.028169014085
190,7th Phase JP Nagar,1530.0,2.0,108.0,2.0,7058.823529411765
191,8th Phase JP Nagar,451.0,1.0,29.9,1.0,6629.711751662971
192,8th Phase JP Nagar,1240.0,3.0,43.5,3.0,3508.064516129032
193,8th Phase JP Nagar,1062.0,2.0,42.47,2.0,3999.0583804143125
194,8th Phase JP Nagar,1230.0,2.0,43.5,3.0,3536.5853658536585
195,8th Phase JP Nagar,1455.0,3.0,73.31,3.0,5038.487972508591
196,8th Phase JP Nagar,871.0,2.0,55.0,2.0,6314.580941446613
197,8th Phase JP Nagar,1098.0,2.0,43.91,2.0,3999.089253187614
198,8th Phase JP Nagar,1800.0,3.0,80.0,3.0,4444.444444444444
199,8th Phase JP Nagar,2700.0,4.0,130.0,4.0,4814.814814814815
200,8th Phase JP Nagar,1080.0,2.0,38.0,2.0,3518.5185185185187
201,8th Phase JP Nagar,1059.0,2.0,34.5,2.0,3257.790368271955
202,8th Phase JP Nagar,1080.0,2.0,35.0,2.0,3240.740740740741
203,8th Phase JP Nagar,1275.0,2.0,41.5,3.0,3254.901960784314
204,8th Phase JP Nagar,1062.0,2.0,42.47,2.0,3999.0583804143125
205,8th Phase JP Nagar,500.0,1.0,31.0,1.0,6200.0
206,8th Phase JP Nagar,1100.0,2.0,35.0,2.0,3181.818181818182
207,8th Phase JP Nagar,2100.0,4.0,92.0,4.0,4380.952380952381
208,8th Phase JP Nagar,1035.0,2.0,39.33,2.0,3800.0
209,8th Phase JP Nagar,909.0,2.0,40.9,2.0,4499.4499449945
210,8th Phase JP Nagar,1900.0,4.0,90.0,3.0,4736.8421052631575
211,8th Phase JP Nagar,500.0,1.0,30.0,1.0,6000.0
212,8th Phase JP Nagar,1125.0,2.0,36.94,2.0,3283.5555555555557
213,8th Phase JP Nagar,1100.0,2.0,35.0,2.0,3181.818181818182
214,8th Phase JP Nagar,1089.0,2.0,43.55,2.0,3999.0817263544536
215,8th Phase JP Nagar,1605.0,2.0,65.0,3.0,4049.8442367601247
216,8th Phase JP Nagar,1504.0,2.0,83.0,3.0,5518.617021276596
217,8th Phase JP Nagar,2600.0,4.0,115.0,4.0,4423.076923076923
218,8th Phase JP Nagar,1368.0,2.0,54.71,3.0,3999.2690058479534
219,8th Phase JP Nagar,1089.0,2.0,43.55,2.0,3999.0817263544536
220,8th Phase JP Nagar,1224.0,2.0,48.95,3.0,3999.1830065359477
221,8th Phase JP Nagar,1513.0,2.0,62.0,2.0,4097.818902842036
222,8th Phase JP Nagar,1298.0,2.0,59.0,2.0,4545.454545454545
223,8th Phase JP Nagar,1006.0,2.0,44.0,2.0,4373.75745526839
224,8th Phase JP Nagar,500.0,1.0,33.0,1.0,6600.0
225,8th Phase JP Nagar,1160.0,2.0,95.0,2.0,8189.6551724137935
226,8th Phase JP Nagar,1245.0,2.0,59.0,2.0,4738.955823293173
227,8th Phase JP Nagar,1510.0,2.0,80.0,2.0,5298.013245033113
228,8th Phase JP Nagar,3300.0,3.0,165.0,3.0,5000.0
229,8th Phase JP Nagar,1730.0,5.0,75.0,5.0,4335.260115606937
230,8th Phase JP Nagar,1296.0,2.0,51.83,3.0,3999.2283950617284
231,8th Phase JP Nagar,1275.0,3.0,45.0,3.0,3529.4117647058824
232,8th Phase JP Nagar,1046.0,2.0,48.0,2.0,4588.910133843212
233,8th Phase JP Nagar,1269.0,2.0,50.75,3.0,3999.211977935382
234,8th Phase JP Nagar,1408.0,3.0,80.0,3.0,5681.818181818182
235,8th Phase JP Nagar,1500.0,2.0,55.0,3.0,3666.6666666666665
236,9th Phase JP Nagar,1005.0,2.0,50.0,2.0,4975.124378109453
237,9th Phase JP Nagar,1890.0,2.0,85.0,3.0,4497.354497354498
238,9th Phase JP Nagar,1100.0,2.0,65.0,2.0,5909.090909090909
239,9th Phase JP Nagar,1080.0,2.0,37.0,2.0,3425.925925925926
240,9th Phase JP Nagar,1035.0,2.0,45.0,2.0,4347.826086956522
241,9th Phase JP Nagar,5000.0,4.0,290.0,4.0,5800.0
242,9th Phase JP Nagar,1164.0,2.0,56.0,2.0,4810.996563573884
243,9th Phase JP Nagar,1005.0,2.0,42.0,2.0,4179.104477611941
244,9th Phase JP Nagar,1127.0,2.0,50.0,2.0,4436.557231588287
245,9th Phase JP Nagar,1005.0,2.0,43.0,2.0,4278.606965174129
246,9th Phase JP Nagar,835.0,2.0,37.0,2.0,4431.137724550898
247,9th Phase JP Nagar,1050.0,2.0,39.0,2.0,3714.285714285714
248,9th Phase JP Nagar,660.0,2.0,27.0,2.0,4090.909090909091
249,9th Phase JP Nagar,600.0,1.0,20.0,1.0,3333.3333333333335
250,9th Phase JP Nagar,1466.0,2.0,71.0,2.0,4843.110504774898
251,9th Phase JP Nagar,1890.0,2.0,93.0,3.0,4920.6349206349205
252,9th Phase JP Nagar,1079.0,2.0,60.0,2.0,5560.704355885079
253,9th Phase JP Nagar,1480.0,2.0,80.0,2.0,5405.405405405405
254,9th Phase JP Nagar,1200.0,2.0,80.0,2.0,6666.666666666667
255,9th Phase JP Nagar,905.0,2.0,32.0,2.0,3535.9116022099447
256,9th Phase JP Nagar,1073.0,2.0,52.36,2.0,4879.77632805219
257,9th Phase JP Nagar,1719.3,2.0,88.0,3.0,5118.362124120282
258,9th Phase JP Nagar,1780.0,3.0,88.0,3.0,4943.820224719101
259,9th Phase JP Nagar,1300.0,2.0,58.0,3.0,4461.538461538462
260,9th Phase JP Nagar,1522.0,3.0,90.0,3.0,5913.272010512484
261,9th Phase JP Nagar,1571.0,3.0,65.0,3.0,4137.492043284532
262,9th Phase JP Nagar,1900.0,4.0,80.0,4.0,4210.526315789473
263,9th Phase JP Nagar,890.0,2.0,45.0,2.0,5056.179775280899
264,9th Phase JP Nagar,1240.0,2.0,39.89,3.0,3216.935483870968
265,9th Phase JP Nagar,5000.0,4.0,300.0,4.0,6000.0
266,9th Phase JP Nagar,1240.0,2.0,42.85,3.0,3455.6451612903224
267,9th Phase JP Nagar,1050.0,2.0,35.0,2.0,3333.3333333333335
268,9th Phase JP Nagar,1331.95,2.0,69.0,2.0,5180.374638687638
269,AECS Layout,1100.0,2.0,45.0,2.0,4090.909090909091
270,AECS Layout,1028.0,2.0,42.0,2.0,4085.603112840467
271,AECS Layout,1199.0,2.0,65.0,2.0,5421.184320266889
272,AECS Layout,1080.0,2.0,55.0,2.0,5092.592592592592
273,AECS Layout,1123.0,2.0,64.0,2.0,5699.020480854853
274,AECS Layout,1308.0,2.0,60.0,2.0,4587.155963302752
275,AECS Layout,1005.0,2.0,55.0,2.0,5472.636815920398
276,AECS Layout,2000.0,3.0,90.0,3.0,4500.0
277,Abbigere,985.0,2.0,40.39,2.0,4100.507614213198
278,Abbigere,2200.0,6.0,68.0,6.0,3090.909090909091
279,Abbigere,765.0,2.0,30.0,1.0,3921.5686274509803
280,Abbigere,880.0,2.0,35.0,2.0,3977.2727272727275
281,Abbigere,795.0,2.0,32.54,2.0,4093.0817610062895
282,Abbigere,1005.0,2.0,39.59,2.0,3939.303482587065
283,Abbigere,734.0,1.0,19.82,1.0,2700.272479564033
284,Abbigere,1260.0,2.0,45.0,3.0,3571.4285714285716
285,Abbigere,1020.0,2.0,41.82,2.0,4100.0
286,Abbigere,985.0,2.0,40.39,2.0,4100.507614213198
287,Abbigere,2500.0,6.0,81.0,6.0,3240.0
288,Abbigere,795.0,2.0,32.54,2.0,4093.0817610062895
289,Abbigere,1130.0,2.0,46.33,2.0,4100.0
290,Abbigere,795.0,1.0,32.6,2.0,4100.62893081761
291,Abbigere,3000.0,8.0,150.0,8.0,5000.0
292,Abbigere,985.0,2.0,38.92,2.0,3951.269035532995
293,Abbigere,1000.0,2.0,41.0,2.0,4100.0
294,Abbigere,995.0,2.0,40.8,2.0,4100.5025125628135
295,Abbigere,1020.0,2.0,40.8,2.0,3999.9999999999995
296,Akshaya Nagar,1388.0,2.0,57.0,2.0,4106.628242074928
297,Akshaya Nagar,1070.0,2.0,54.0,2.0,5046.728971962617
298,Akshaya Nagar,1280.0,2.0,58.0,2.0,4531.25
299,Akshaya Nagar,1662.0,3.0,85.1,3.0,5120.336943441636
300,Akshaya Nagar,1897.0,3.0,120.0,3.0,6325.77754348972
301,Akshaya Nagar,1410.0,2.0,75.0,3.0,5319.148936170212
302,Akshaya Nagar,1360.0,2.0,85.0,3.0,6250.0
303,Akshaya Nagar,1600.0,2.0,65.0,3.0,4062.5
304,Akshaya Nagar,1410.0,2.0,80.0,3.0,5673.758865248227
305,Akshaya Nagar,1662.0,3.0,85.0,3.0,5114.320096269555
306,Akshaya Nagar,1662.0,3.0,85.5,3.0,5144.404332129964
307,Akshaya Nagar,1280.0,2.0,60.0,2.0,4687.5
308,Akshaya Nagar,1666.0,3.0,95.0,3.0,5702.280912364946
309,Akshaya Nagar,1575.0,3.0,90.0,3.0,5714.285714285715
310,Akshaya Nagar,1430.0,2.0,75.0,3.0,5244.755244755244
311,Akshaya Nagar,1419.0,2.0,73.0,3.0,5144.46793516561
312,Akshaya Nagar,1280.0,2.0,60.0,2.0,4687.5
313,Akshaya Nagar,1200.0,2.0,50.0,2.0,4166.666666666667
314,Akshaya Nagar,1092.0,2.0,60.0,2.0,5494.505494505494
315,Akshaya Nagar,1690.0,3.0,85.0,3.0,5029.585798816568
316,Akshaya Nagar,1700.0,3.0,80.0,3.0,4705.882352941177
317,Akshaya Nagar,1897.0,4.0,93.0,3.0,4902.477596204533
318,Akshaya Nagar,1884.0,3.0,98.0,3.0,5201.698513800425
319,Akshaya Nagar,1314.0,2.0,68.8,2.0,5235.920852359209
320,Akshaya Nagar,1690.0,3.0,85.0,3.0,5029.585798816568
321,Akshaya Nagar,1265.0,2.0,67.0,2.0,5296.442687747036
322,Akshaya Nagar,1126.0,2.0,55.0,2.0,4884.547069271758
323,Akshaya Nagar,2300.0,4.0,102.0,3.0,4434.782608695652
324,Akshaya Nagar,1662.0,3.0,90.0,3.0,5415.162454873646
325,Akshaya Nagar,1420.0,2.0,75.0,3.0,5281.69014084507
326,Akshaya Nagar,1412.0,2.0,88.0,3.0,6232.294617563739
327,Akshaya Nagar,1434.0,3.0,84.0,3.0,5857.740585774059
328,Akshaya Nagar,1890.0,4.0,100.0,3.0,5291.005291005291
329,Akshaya Nagar,2650.0,3.0,125.0,3.0,4716.981132075472
330,Akshaya Nagar,1419.0,2.0,87.0,3.0,6131.0782241014795
331,Akshaya Nagar,1300.0,2.0,54.0,2.0,4153.846153846154
332,Akshaya Nagar,1690.0,3.0,85.0,3.0,5029.585798816568
333,Akshaya Nagar,1113.0,2.0,52.0,2.0,4672.057502246182
334,Akshaya Nagar,1820.0,4.0,95.0,3.0,5219.780219780219
335,Akshaya Nagar,1100.0,2.0,48.0,2.0,4363.636363636364
336,Akshaya Nagar,1896.0,3.0,102.0,3.0,5379.7468354430375
337,Akshaya Nagar,1300.0,2.0,66.0,2.0,5076.923076923077
338,Akshaya Nagar,1225.0,2.0,68.0,2.0,5551.0204081632655
339,Akshaya Nagar,1179.0,2.0,51.0,2.0,4325.699745547074
340,Akshaya Nagar,1421.0,2.0,73.0,3.0,5137.227304714989
341,Akshaya Nagar,1893.0,4.0,95.0,3.0,5018.489170628632
342,Akshaya Nagar,900.0,2.0,45.0,2.0,5000.0
343,Ambalipura,1105.0,2.0,75.0,2.0,6787.330316742082
344,Ambalipura,1800.0,3.0,110.0,3.0,6111.111111111111
345,Ambalipura,1150.0,2.0,80.0,2.0,6956.521739130435
346,Ambalipura,1250.0,2.0,66.25,2.0,5300.0
347,Ambalipura,1332.0,2.0,79.0,2.0,5930.930930930931
348,Ambalipura,1730.0,3.0,120.0,3.0,6936.416184971098
349,Ambalipura,3500.0,3.0,198.0,3.0,5657.142857142857
350,Ambalipura,1230.0,2.0,66.25,2.0,5386.178861788618
351,Ambalipura,1351.0,2.0,77.0,2.0,5699.481865284974
352,Ambalipura,2550.0,4.0,149.0,4.0,5843.137254901961
353,Ambalipura,1817.0,3.0,102.0,3.0,5613.648871766648
354,Ambalipura,2750.0,4.0,142.0,4.0,5163.636363636364
355,Ambalipura,1303.0,2.0,80.0,2.0,6139.677666922486
356,Ambalipura,1607.0,2.0,112.0,3.0,6969.508400746733
357,Ambalipura,770.0,1.0,43.82,1.0,5690.909090909091
358,Ambalipura,1700.0,2.0,76.0,2.0,4470.588235294118
359,Ambalipura,1060.0,2.0,58.5,2.0,5518.867924528302
360,Ambalipura,1650.0,3.0,100.0,3.0,6060.606060606061
361,Ambalipura,1607.0,2.0,112.0,3.0,6969.508400746733
362,Ambalipura,1198.0,2.0,80.0,2.0,6677.79632721202
363,Ambedkar Nagar,1935.0,4.0,130.0,3.0,6718.3462532299745
364,Ambedkar Nagar,1424.0,2.0,90.0,2.0,6320.224719101124
365,Ambedkar Nagar,2225.0,4.0,169.0,3.0,7595.505617977528
366,Ambedkar Nagar,1862.0,3.0,120.0,3.0,6444.68313641246
367,Ambedkar Nagar,1850.0,4.0,139.0,3.0,7513.513513513513
368,Ambedkar Nagar,1936.0,4.0,126.0,3.0,6508.264462809917
369,Ambedkar Nagar,1862.0,3.0,119.0,3.0,6390.977443609023
370,Ambedkar Nagar,1424.0,2.0,90.0,2.0,6320.224719101124
371,Ambedkar Nagar,2150.0,4.0,125.0,3.0,5813.953488372093
372,Ambedkar Nagar,3530.0,4.0,290.0,4.0,8215.297450424929
373,Ambedkar Nagar,1856.0,3.0,120.0,3.0,6465.517241379311
374,Ambedkar Nagar,1852.0,3.0,130.0,3.0,7019.438444924406
375,Ambedkar Nagar,1850.0,4.0,120.0,3.0,6486.486486486487
376,Ambedkar Nagar,1367.0,2.0,86.0,2.0,6291.148500365764
377,Ambedkar Nagar,3565.0,4.0,255.0,4.0,7152.875175315568
378,Ambedkar Nagar,1409.0,2.0,95.0,2.0,6742.370475514549
379,Ambedkar Nagar,1950.0,4.0,120.0,3.0,6153.846153846154
380,Ambedkar Nagar,1921.0,4.0,129.0,3.0,6715.252472670484
381,Ambedkar Nagar,1920.0,4.0,121.0,3.0,6302.083333333333
382,Ambedkar Nagar,1935.0,4.0,125.0,3.0,6459.948320413437
383,Ambedkar Nagar,1852.0,4.0,122.0,3.0,6587.473002159827
384,Ambedkar Nagar,1950.0,4.0,120.0,3.0,6153.846153846154
385,Ambedkar Nagar,1852.0,3.0,125.0,3.0,6749.460043196545
386,Ambedkar Nagar,1850.0,4.0,121.0,3.0,6540.540540540541
387,Ambedkar Nagar,1425.0,2.0,94.0,2.0,6596.491228070176
388,Ambedkar Nagar,2395.0,4.0,150.0,3.0,6263.048016701461
389,Amruthahalli,900.0,2.0,40.0,2.0,4444.444444444444
390,Amruthahalli,1200.0,2.0,55.0,2.0,4583.333333333333
391,Amruthahalli,1900.0,3.0,135.0,3.0,7105.263157894737
392,Amruthahalli,924.0,2.0,45.0,2.0,4870.12987012987
393,Amruthahalli,900.0,2.0,60.0,2.0,6666.666666666667
394,Amruthahalli,1100.0,2.0,45.0,2.0,4090.909090909091
395,Amruthahalli,1200.0,2.0,55.0,2.0,4583.333333333333
396,Amruthahalli,1350.0,2.0,63.0,3.0,4666.666666666667
397,Amruthahalli,1605.0,3.0,65.0,3.0,4049.8442367601247
398,Amruthahalli,1700.0,3.0,77.0,3.0,4529.411764705882
399,Amruthahalli,1450.0,2.0,85.0,3.0,5862.068965517241
400,Amruthahalli,1200.0,2.0,55.0,2.0,4583.333333333333
401,Amruthahalli,1250.0,2.0,79.0,2.0,6320.0
402,Amruthahalli,1190.0,2.0,50.0,2.0,4201.680672268908
403,Amruthahalli,1202.0,2.0,65.0,2.0,5407.65391014975
404,Amruthahalli,1340.0,2.0,75.0,2.0,5597.014925373134
405,Amruthahalli,2650.0,4.0,175.0,3.0,6603.773584905661
406,Amruthahalli,1450.0,2.0,90.0,3.0,6206.896551724138
407,Amruthahalli,1025.0,2.0,42.0,2.0,4097.5609756097565
408,Amruthahalli,485.0,1.0,19.5,1.0,4020.618556701031
409,Anandapura,1167.0,2.0,43.76,2.0,3749.7857754927163
410,Anandapura,1000.0,2.0,55.0,2.0,5500.0
411,Anandapura,1141.0,2.0,42.79,2.0,3750.219106047327
412,Anandapura,1576.0,3.0,59.1,3.0,3750.0
413,Anandapura,1200.0,2.0,67.0,2.0,5583.333333333333
414,Anandapura,1200.0,2.0,58.0,2.0,4833.333333333333
415,Anandapura,1151.0,2.0,43.1,2.0,3744.5699391833186
416,Anandapura,1141.0,2.0,42.75,2.0,3746.7134092900965
417,Anandapura,900.0,2.0,48.0,2.0,5333.333333333333
418,Anandapura,1749.0,4.0,90.0,4.0,5145.797598627787
419,Anandapura,1151.0,2.0,42.9,2.0,3727.193744569939
420,Anandapura,1576.0,3.0,58.0,3.0,3680.203045685279
421,Anandapura,1250.0,2.0,45.0,2.0,3600.0
422,Anandapura,1151.0,2.0,43.16,2.0,3749.7827975673326
423,Anandapura,1200.0,2.0,58.0,2.0,4833.333333333333
424,Anandapura,1200.0,2.0,66.0,3.0,5500.0
425,Anandapura,1415.0,2.0,74.0,3.0,5229.681978798587
426,Anandapura,1200.0,2.0,50.0,2.0,4166.666666666667
427,Anandapura,1141.0,2.0,50.0,2.0,4382.120946538124
428,Anandapura,1576.0,3.0,58.7,3.0,3724.6192893401017
429,Ananth Nagar,500.0,1.0,14.0,1.0,2800.0
430,Ananth Nagar,1100.0,2.0,31.5,2.0,2863.6363636363635
431,Ananth Nagar,982.0,2.0,24.55,2.0,2500.0
432,Ananth Nagar,500.0,2.0,14.0,1.0,2800.0
433,Ananth Nagar,900.0,2.0,22.5,2.0,2500.0
434,Ananth Nagar,908.0,2.0,26.0,2.0,2863.4361233480176
435,Ananth Nagar,870.0,2.0,36.0,2.0,4137.931034482759
436,Ananth Nagar,937.0,2.0,35.0,2.0,3735.325506937033
437,Ananth Nagar,960.0,2.0,37.0,2.0,3854.1666666666665
438,Ananth Nagar,500.0,1.0,14.0,1.0,2800.0
439,Ananth Nagar,1000.0,2.0,29.7,2.0,2970.0
440,Ananth Nagar,850.0,2.0,25.99,2.0,3057.6470588235293
441,Ananth Nagar,902.0,2.0,25.26,2.0,2800.4434589800444
442,Ananth Nagar,1470.0,3.0,54.0,3.0,3673.469387755102
443,Ananth Nagar,810.0,2.0,25.5,2.0,3148.1481481481483
444,Ananth Nagar,890.0,2.0,27.0,2.0,3033.7078651685392
445,Ananth Nagar,1200.0,2.0,36.0,2.0,3000.0
446,Ananth Nagar,1319.0,3.0,37.75,3.0,2862.016679302502
447,Ananth Nagar,1319.0,3.0,42.0,3.0,3184.230477634572
448,Ananth Nagar,1000.0,2.0,25.0,2.0,2500.0
449,Ananth Nagar,902.0,2.0,25.0,2.0,2771.6186252771618
450,Ananth Nagar,930.0,2.0,25.99,2.0,2794.6236559139784
451,Ananth Nagar,1074.0,2.0,26.85,2.0,2500.0
452,Ananth Nagar,500.0,1.0,14.0,1.0,2800.0
453,Ananth Nagar,1010.0,2.0,38.0,2.0,3762.3762376237623
454,Ananth Nagar,992.0,2.0,24.8,2.0,2500.0
455,Anekal,1200.0,1.0,36.0,2.0,3000.0
456,Anekal,656.0,2.0,22.0,2.0,3353.6585365853657
457,Anekal,620.0,2.0,22.0,2.0,3548.3870967741937
458,Anekal,600.0,1.0,16.5,1.0,2750.0
459,Anekal,925.0,2.0,40.0,2.0,4324.324324324324
460,Anekal,530.0,1.0,18.0,1.0,3396.2264150943397
461,Anekal,1800.0,3.0,68.0,3.0,3777.777777777778
462,Anekal,1200.0,1.0,36.0,2.0,3000.0
463,Anekal,351.0,1.0,16.0,1.0,4558.404558404558
464,Anekal,1035.0,2.0,38.3,2.0,3700.483091787439
465,Anekal,888.0,2.0,34.0,2.0,3828.828828828829
466,Anekal,1200.0,2.0,36.1,2.0,3008.3333333333335
467,Anekal,700.0,1.0,19.4,2.0,2771.428571428571
468,Anekal,1200.0,1.0,36.0,2.0,3000.0
469,Anekal,1200.0,2.0,36.0,4.0,3000.0
470,Anekal,766.0,2.0,28.0,2.0,3655.3524804177546
471,Anekal,967.0,2.0,45.0,3.0,4653.567735263702
472,Anekal,620.0,1.0,23.5,2.0,3790.3225806451615
473,Anekal,1150.0,3.0,45.0,3.0,3913.0434782608695
474,Anekal,1200.0,1.0,36.0,2.0,3000.0
475,Anekal,1200.0,1.0,36.0,2.0,3000.0
476,Anekal,400.0,1.0,11.5,1.0,2875.0
477,Anekal,456.0,1.0,15.0,1.0,3289.4736842105262
478,Anekal,1200.0,1.0,36.0,2.0,3000.0
479,Anekal,1200.0,1.0,36.0,2.0,3000.0
480,Anekal,2400.0,4.0,95.0,3.0,3958.3333333333335
481,Anekal,1200.0,2.0,36.1,2.0,3008.3333333333335
482,Anekal,1200.0,2.0,36.1,2.0,3008.3333333333335
483,Anekal,680.0,1.0,21.0,2.0,3088.235294117647
484,Anekal,420.0,1.0,12.5,1.0,2976.190476190476
485,Anekal,614.0,1.0,28.0,2.0,4560.260586319218
486,Anekal,1140.0,2.0,52.0,2.0,4561.403508771929
487,Anekal,625.0,1.0,25.0,2.0,4000.0
488,Anjanapura,1850.0,4.0,86.0,4.0,4648.648648648648
489,Anjanapura,1070.0,2.0,39.0,2.0,3644.8598130841124
490,Anjanapura,1500.0,3.0,121.0,3.0,8066.666666666667
491,Anjanapura,1070.0,2.0,37.0,2.0,3457.9439252336447
492,Anjanapura,950.0,2.0,40.0,2.0,4210.526315789473
493,Anjanapura,1280.0,2.0,45.0,3.0,3515.625
494,Anjanapura,710.0,2.0,25.0,2.0,3521.1267605633802
495,Anjanapura,1347.0,2.0,37.72,3.0,2800.2969561989607
496,Anjanapura,950.0,2.0,32.0,2.0,3368.4210526315787
497,Anjanapura,1800.0,4.0,55.0,4.0,3055.5555555555557
498,Anjanapura,1843.0,3.0,87.54,3.0,4749.864351600651
499,Anjanapura,1076.0,2.0,30.13,2.0,2800.185873605948
500,Anjanapura,950.0,2.0,30.0,2.0,3157.8947368421054
501,Ardendale,1750.0,3.0,100.0,3.0,5714.285714285715
502,Ardendale,3198.0,4.0,200.0,4.0,6253.908692933083
503,Ardendale,2422.0,4.0,160.0,4.0,6606.110652353427
504,Ardendale,1750.0,3.0,100.0,3.0,5714.285714285715
505,Ardendale,3200.0,4.0,205.0,4.0,6406.25
506,Ardendale,1728.0,3.0,95.0,3.0,5497.685185185185
507,Ardendale,2062.0,3.0,140.0,4.0,6789.524733268671
508,Ardendale,1732.46,3.0,92.0,3.0,5310.367916142364
509,Ardendale,2062.0,3.0,150.0,4.0,7274.4907856450045
510,Ardendale,2800.0,4.0,140.0,4.0,5000.0
511,Ardendale,1224.0,2.0,70.0,2.0,5718.954248366013
512,Ardendale,1777.26,3.0,105.0,3.0,5907.970696465346
513,Ardendale,1650.0,3.0,82.0,3.0,4969.69696969697
514,Ardendale,2062.0,3.0,140.0,4.0,6789.524733268671
515,Ardendale,1650.0,3.0,82.0,3.0,4969.69696969697
516,Ardendale,1224.0,2.0,67.0,2.0,5473.856209150327
517,Ardendale,1723.0,3.0,95.0,3.0,5513.6390017411495
518,Ardendale,1777.26,3.0,89.0,3.0,5007.7084950991975
519,Ardendale,1777.26,3.0,92.0,3.0,5176.507657855351
520,Arekere,2060.0,3.0,140.0,3.0,6796.116504854369
521,Arekere,920.0,2.0,40.0,2.0,4347.826086956522
522,Arekere,1740.0,2.0,95.0,3.0,5459.770114942528
523,Arekere,1190.0,2.0,55.0,2.0,4621.848739495798
524,Arekere,600.0,1.0,28.0,1.0,4666.666666666667
525,Arekere,2072.0,3.0,108.0,3.0,5212.355212355213
526,Arekere,1100.0,2.0,55.0,2.0,5000.0
527,Arekere,900.0,2.0,50.0,2.0,5555.555555555556
528,Arekere,2710.0,6.0,142.0,4.0,5239.852398523985
529,Arekere,1240.0,2.0,60.0,2.0,4838.709677419355
530,Arekere,900.0,2.0,44.5,2.0,4944.444444444444
531,Attibele,450.0,1.0,11.0,1.0,2444.4444444444443
532,Attibele,1600.0,4.0,52.8,4.0,3300.0
533,Attibele,656.0,2.0,25.0,2.0,3810.9756097560976
534,Attibele,400.0,1.0,11.0,1.0,2750.0
535,Attibele,400.0,1.0,12.0,1.0,3000.0
536,Attibele,400.0,1.0,14.0,1.0,3500.0
537,Attibele,500.0,1.0,17.0,1.0,3400.0
538,Attibele,2168.0,4.0,95.0,4.0,4381.918819188192
539,Attibele,395.0,1.0,10.25,1.0,2594.9367088607596
540,Attibele,420.0,1.0,17.0,1.0,4047.6190476190477
541,Attibele,1639.0,2.0,40.98,3.0,2500.305064063453
542,Attibele,418.0,1.0,12.0,1.0,2870.813397129187
543,Attibele,1200.0,2.0,42.0,2.0,3500.0
544,Attibele,400.0,1.0,10.0,1.0,2500.0
545,Attibele,695.0,1.0,25.0,2.0,3597.122302158273
546,Attibele,850.0,1.0,25.0,2.0,2941.176470588235
547,Attibele,2400.0,3.0,120.0,3.0,5000.0
548,Attibele,450.0,1.0,12.5,1.0,2777.777777777778
549,Attibele,995.0,1.0,24.88,2.0,2500.502512562814
550,Attibele,900.0,1.0,25.0,2.0,2777.777777777778
551,Attibele,1174.0,2.0,29.35,2.0,2500.0
552,Attibele,782.0,1.0,19.55,1.0,2500.0
553,Attibele,1175.0,2.0,29.38,2.0,2500.425531914894
554,Attibele,656.0,2.0,25.0,2.0,3810.9756097560976
555,Attibele,400.0,1.0,11.5,1.0,2875.0
556,Attibele,460.0,1.0,13.0,1.0,2826.086956521739
557,Attibele,418.0,2.0,11.5,1.0,2751.196172248804
558,Attibele,1000.0,2.0,42.0,2.0,4200.0
559,Attibele,550.0,1.0,11.5,1.0,2090.909090909091
560,Attibele,996.0,2.0,24.9,2.0,2500.0
561,Attibele,410.0,1.0,10.0,1.0,2439.0243902439024
562,Attibele,1700.0,3.0,65.0,3.0,3823.529411764706
563,Attibele,400.0,1.0,10.25,1.0,2562.5
564,Attibele,656.0,2.0,25.0,2.0,3810.9756097560976
565,Attibele,1500.0,3.0,90.0,3.0,6000.0
566,Attibele,520.0,1.0,15.0,1.0,2884.6153846153848
567,BEML Layout,1060.0,2.0,55.0,2.0,5188.679245283019
568,BEML Layout,2000.0,3.0,85.0,3.0,4250.0
569,BEML Layout,999.0,2.0,45.0,2.0,4504.504504504504
570,BEML Layout,2400.0,4.0,225.0,5.0,9375.0
571,BEML Layout,2000.0,2.0,85.0,3.0,4250.0
572,BEML Layout,1194.0,2.0,65.0,2.0,5443.886097152429
573,BEML Layout,1200.0,2.0,67.0,2.0,5583.333333333333
574,BEML Layout,2400.0,2.0,228.0,2.0,9500.0
575,BEML Layout,2000.0,3.0,85.0,3.0,4250.0
576,BEML Layout,2000.0,3.0,85.0,3.0,4250.0
577,BEML Layout,1194.0,2.0,65.0,2.0,5443.886097152429
578,BTM 2nd Stage,1260.0,5.0,185.0,3.0,14682.539682539682
579,BTM 2nd Stage,950.0,2.0,52.0,2.0,5473.684210526316
580,BTM 2nd Stage,1850.0,3.0,170.0,3.0,9189.18918918919
581,BTM 2nd Stage,1200.0,2.0,80.0,2.0,6666.666666666667
582,BTM 2nd Stage,1274.0,2.0,70.0,2.0,5494.505494505494
583,BTM 2nd Stage,1250.0,3.0,50.0,3.0,4000.0
584,BTM 2nd Stage,1070.0,2.0,48.0,2.0,4485.981308411215
585,BTM 2nd Stage,1280.0,2.0,80.0,2.0,6250.0
586,BTM 2nd Stage,1100.0,2.0,70.0,2.0,6363.636363636364
587,BTM 2nd Stage,1000.0,2.0,58.0,2.0,5800.0
588,BTM 2nd Stage,2990.0,5.0,416.0,5.0,13913.04347826087
589,BTM 2nd Stage,1265.0,2.0,55.0,2.0,4347.826086956522
590,BTM 2nd Stage,2200.0,3.0,220.0,3.0,10000.0
591,BTM 2nd Stage,2780.0,4.0,325.0,3.0,11690.647482014389
592,BTM 2nd Stage,2400.0,2.0,360.0,3.0,15000.0
593,BTM 2nd Stage,965.0,2.0,56.0,2.0,5803.108808290155
594,BTM 2nd Stage,1147.0,2.0,75.0,2.0,6538.7968613775065
595,BTM 2nd Stage,1750.0,3.0,172.0,3.0,9828.57142857143
596,BTM 2nd Stage,1400.0,2.0,90.0,2.0,6428.571428571428
597,BTM 2nd Stage,1200.0,2.0,70.0,2.0,5833.333333333333
598,BTM 2nd Stage,1100.0,2.0,47.0,2.0,4272.727272727273
599,BTM 2nd Stage,930.0,2.0,46.0,2.0,4946.236559139785
600,BTM 2nd Stage,1265.0,2.0,55.0,3.0,4347.826086956522
601,BTM 2nd Stage,2500.0,3.0,345.0,3.0,13800.0
602,BTM Layout,1150.0,2.0,63.0,2.0,5478.260869565217
603,BTM Layout,3300.0,6.0,165.0,6.0,5000.0
604,BTM Layout,1450.0,2.0,81.0,3.0,5586.206896551724
605,BTM Layout,1776.0,2.0,75.0,3.0,4222.972972972973
606,BTM Layout,1458.0,3.0,79.0,3.0,5418.38134430727
607,BTM Layout,935.0,2.0,51.5,2.0,5508.0213903743315
608,BTM Layout,1020.0,2.0,46.5,2.0,4558.823529411765
609,BTM Layout,1600.0,3.0,112.0,3.0,7000.0
610,BTM Layout,1300.0,2.0,75.0,3.0,5769.2307692307695
611,BTM Layout,1540.0,2.0,78.0,3.0,5064.935064935065
612,BTM Layout,450.0,1.0,20.0,1.0,4444.444444444444
613,BTM Layout,1196.0,2.0,56.81,2.0,4750.0
614,BTM Layout,1470.0,2.0,99.0,3.0,6734.693877551021
615,Babusapalaya,1358.0,2.0,43.4,3.0,3195.8762886597938
616,Babusapalaya,1213.0,2.0,41.39,3.0,3412.201154163232
617,Babusapalaya,1611.0,2.0,66.0,3.0,4096.83426443203
618,Babusapalaya,1167.0,2.0,39.98,3.0,3425.8783204798624
619,Babusapalaya,1675.0,3.0,75.0,3.0,4477.611940298508
620,Babusapalaya,1141.0,2.0,46.0,2.0,4031.5512708150745
621,Babusapalaya,1500.0,2.0,57.0,2.0,3800.0
622,Babusapalaya,1453.0,2.0,43.59,3.0,3000.0
623,Babusapalaya,1050.0,2.0,45.0,2.0,4285.714285714285
624,Babusapalaya,1141.0,2.0,45.9,2.0,4022.787028921998
625,Babusapalaya,1358.0,2.0,43.1,3.0,3173.784977908689
626,Babusapalaya,1230.0,3.0,53.0,3.0,4308.943089430894
627,Babusapalaya,1105.0,2.0,40.0,2.0,3619.9095022624433
628,Babusapalaya,1410.0,2.0,65.0,3.0,4609.929078014185
629,Babusapalaya,1450.0,2.0,55.99,2.0,3861.3793103448274
630,Babusapalaya,1100.0,2.0,38.0,2.0,3454.5454545454545
631,Babusapalaya,1213.0,2.0,36.37,3.0,2998.3511953833467
632,Babusapalaya,1061.0,2.0,33.84,2.0,3189.4439208294066
633,Babusapalaya,1061.0,2.0,38.95,2.0,3671.065032987748
634,Babusapalaya,1061.0,2.0,34.0,2.0,3204.5240339302545
635,Babusapalaya,1245.0,2.0,58.0,2.0,4658.634538152611
636,Badavala Nagar,1494.0,2.0,94.55,3.0,6328.647925033467
637,Badavala Nagar,1274.0,2.0,81.0,2.0,6357.9277864992155
638,Badavala Nagar,1842.0,3.0,115.0,3.0,6243.213897937025
639,Badavala Nagar,1494.0,2.0,94.55,3.0,6328.647925033467
640,Badavala Nagar,1274.0,2.0,81.0,2.0,6357.9277864992155
641,Badavala Nagar,1494.0,2.0,94.55,3.0,6328.647925033467
642,Badavala Nagar,1842.0,3.0,115.0,3.0,6243.213897937025
643,Badavala Nagar,1842.0,3.0,115.0,3.0,6243.213897937025
644,Badavala Nagar,1842.0,3.0,115.0,3.0,6243.213897937025
645,Balagere,1210.0,2.0,80.9,2.0,6685.950413223141
646,Balagere,1210.0,2.0,72.0,2.0,5950.413223140496
647,Balagere,1205.0,2.0,78.5,2.0,6514.522821576764
648,Balagere,1145.0,2.0,65.0,2.0,5676.855895196507
649,Balagere,1012.0,2.0,54.59,2.0,5394.268774703557
650,Balagere,1020.07,2.0,68.38,2.0,6703.461527150097
651,Balagere,1205.47,2.0,81.0,2.0,6719.370867794304
652,Balagere,1007.0,2.0,65.0,2.0,6454.816285998014
653,Balagere,1205.0,2.0,70.0,2.0,5809.128630705394
654,Balagere,1210.0,2.0,74.0,2.0,6115.702479338843
655,Balagere,1210.0,2.0,83.0,2.0,6859.504132231405
656,Balagere,675.0,1.0,45.0,1.0,6666.666666666667
657,Balagere,656.0,1.0,43.0,1.0,6554.878048780488
658,Balagere,1012.0,2.0,54.59,2.0,5394.268774703557
659,Balagere,1012.0,2.0,64.0,2.0,6324.110671936759
660,Balagere,1007.0,2.0,62.0,2.0,6156.901688182721
661,Balagere,1007.0,2.0,67.0,2.0,6653.4260178748755
662,Balagere,1007.0,2.0,66.0,2.0,6554.121151936445
663,Balagere,1205.0,2.0,63.86,2.0,5299.585062240664
664,Balagere,1012.0,2.0,53.58,2.0,5294.466403162055
665,Balagere,645.0,1.0,34.18,1.0,5299.224806201551
666,Balagere,1007.0,2.0,53.0,2.0,5263.1578947368425
667,Balagere,1210.0,2.0,69.0,2.0,5702.479338842975
668,Balagere,1012.0,2.0,65.0,2.0,6422.924901185771
669,Balagere,656.0,1.0,38.77,1.0,5910.0609756097565
670,Balagere,645.0,1.0,39.0,1.0,6046.511627906977
671,Balagere,645.0,1.0,41.0,1.0,6356.589147286822
672,Balagere,1210.0,2.0,82.0,2.0,6776.859504132231
673,Balagere,656.0,1.0,34.77,1.0,5300.304878048782
674,Balagere,1205.0,2.0,73.87,2.0,6130.290456431535
675,Balagere,1012.0,2.0,70.0,2.0,6916.99604743083
676,Balagere,1007.0,2.0,68.0,2.0,6752.730883813307
677,Balagere,1205.0,2.0,67.0,2.0,5560.165975103734
678,Balagere,1205.0,2.0,79.0,2.0,6556.016597510374
679,Balagere,1012.0,2.0,68.0,2.0,6719.367588932806
680,Banashankari,1200.0,2.0,42.0,3.0,3500.0
681,Banashankari,1077.0,2.0,37.64,2.0,3494.8932219127205
682,Banashankari,1470.0,2.0,88.64,3.0,6029.931972789115
683,Banashankari,1300.0,2.0,75.0,3.0,5769.2307692307695
684,Banashankari,1800.0,3.0,115.0,3.0,6388.888888888889
685,Banashankari,1125.0,2.0,63.0,2.0,5600.0
686,Banashankari,1340.0,2.0,53.6,3.0,4000.0
687,Banashankari,1310.0,2.0,80.0,2.0,6106.8702290076335
688,Banashankari,2600.0,4.0,135.0,3.0,5192.307692307692
689,Banashankari,1900.0,2.0,170.0,3.0,8947.368421052632
690,Banashankari,1260.0,2.0,75.0,2.0,5952.380952380952
691,Banashankari,1170.0,2.0,46.79,2.0,3999.1452991452993
692,Banashankari,2500.0,4.0,95.0,4.0,3800.0
693,Banashankari,1350.0,2.0,83.0,3.0,6148.148148148148
694,Banashankari,1425.0,3.0,49.88,3.0,3500.3508771929824
695,Banashankari,1330.0,2.0,78.0,2.0,5864.661654135339
696,Banashankari,1400.0,2.0,78.0,3.0,5571.428571428572
697,Banashankari,1700.0,3.0,125.0,3.0,7352.941176470588
698,Banashankari,1020.0,2.0,40.79,2.0,3999.0196078431372
699,Banashankari,1600.0,2.0,63.98,2.0,3998.75
700,Banashankari,1041.0,2.0,36.44,2.0,3500.480307396734
701,Banashankari,2400.0,1.0,200.0,1.0,8333.333333333334
702,Banashankari,1390.0,2.0,86.0,2.0,6187.050359712231
703,Banashankari,1460.0,2.0,70.0,2.0,4794.520547945205
704,Banashankari,1200.0,2.0,60.0,2.0,5000.0
705,Banashankari,1290.0,2.0,80.0,2.0,6201.550387596899
706,Banashankari,1186.0,2.0,65.0,2.0,5480.607082630691
707,Banashankari,1650.0,3.0,101.0,3.0,6121.212121212121
708,Banashankari,1300.0,2.0,55.0,3.0,4230.7692307692305
709,Banashankari,1181.0,2.0,75.0,2.0,6350.550381033023
710,Banashankari,1105.0,2.0,90.0,2.0,8144.796380090498
711,Banashankari,720.0,1.0,60.0,1.0,8333.333333333334
712,Banashankari,1040.0,2.0,45.0,2.0,4326.923076923077
713,Banashankari,1330.0,2.0,77.0,2.0,5789.473684210527
714,Banashankari,1200.0,2.0,49.0,2.0,4083.3333333333335
715,Banashankari,1185.0,2.0,67.0,2.0,5654.008438818565
716,Banashankari,1000.0,2.0,50.0,2.0,5000.0
717,Banashankari,1650.0,3.0,90.75,3.0,5500.0
718,Banashankari,1650.0,3.0,101.0,3.0,6121.212121212121
719,Banashankari,1310.0,2.0,80.43,2.0,6139.69465648855
720,Banashankari,600.0,1.0,27.0,2.0,4500.0
721,Banashankari,1430.0,2.0,87.8,2.0,6139.8601398601395
722,Banashankari,1020.0,2.0,42.83,2.0,4199.019607843137
723,Banashankari,1372.0,2.0,48.02,3.0,3500.0
724,Banashankari,1540.0,3.0,80.0,3.0,5194.805194805195
725,Banashankari,1683.0,3.0,115.0,3.0,6833.036244800951
726,Banashankari,1800.0,3.0,125.0,3.0,6944.444444444444
727,Banashankari,1175.0,2.0,41.13,2.0,3500.4255319148942
728,Banashankari,1750.0,2.0,89.0,3.0,5085.714285714285
729,Banashankari,1450.0,2.0,50.75,2.0,3500.0
730,Banashankari,1770.0,3.0,108.0,3.0,6101.6949152542375
731,Banashankari,1800.0,3.0,125.0,3.0,6944.444444444444
732,Banashankari,1200.0,2.0,42.0,3.0,3500.0
733,Banashankari,1420.0,3.0,66.0,3.0,4647.887323943662
734,Banashankari,1200.0,3.0,74.52,3.0,6210.0
735,Banashankari,1100.0,2.0,63.0,2.0,5727.272727272727
736,Banashankari,1020.0,2.0,40.79,2.0,3999.0196078431372
737,Banashankari,1260.0,2.0,75.0,2.0,5952.380952380952
738,Banashankari,1340.0,2.0,53.6,3.0,4000.0
739,Banashankari,1426.0,3.0,85.0,3.0,5960.729312762974
740,Banashankari Stage II,1700.0,2.0,150.0,2.0,8823.529411764706
741,Banashankari Stage II,1200.0,2.0,150.0,4.0,12500.0
742,Banashankari Stage II,1500.0,2.0,120.0,3.0,8000.0
743,Banashankari Stage II,2400.0,3.0,510.0,5.0,21250.0
744,Banashankari Stage II,1240.0,2.0,59.52,3.0,4800.0
745,Banashankari Stage II,1250.0,2.0,110.0,2.0,8800.0
746,Banashankari Stage II,1260.0,2.0,95.0,3.0,7539.68253968254
747,Banashankari Stage II,2400.0,2.0,300.0,3.0,12500.0
748,Banashankari Stage II,1400.0,2.0,100.0,2.0,7142.857142857143
749,Banashankari Stage II,2800.0,3.0,425.0,5.0,15178.57142857143
750,Banashankari Stage II,3000.0,3.0,450.0,3.0,15000.0
751,Banashankari Stage II,1200.0,2.0,198.0,3.0,16500.0
752,Banashankari Stage II,1245.0,2.0,125.0,2.0,10040.160642570281
753,Banashankari Stage III,1305.0,2.0,58.7,3.0,4498.08429118774
754,Banashankari Stage III,1145.0,2.0,58.4,2.0,5100.436681222707
755,Banashankari Stage III,1650.0,3.0,118.0,3.0,7151.515151515152
756,Banashankari Stage III,2400.0,4.0,240.0,4.0,10000.0
757,Banashankari Stage III,1350.0,2.0,68.0,3.0,5037.037037037037
758,Banashankari Stage III,2000.0,4.0,100.0,4.0,5000.0
759,Banashankari Stage III,1305.0,2.0,59.0,3.0,4521.072796934866
760,Banashankari Stage III,1305.0,2.0,60.0,3.0,4597.701149425287
761,Banashankari Stage III,1200.0,2.0,42.0,2.0,3500.0
762,Banashankari Stage III,1305.0,2.0,59.0,3.0,4521.072796934866
763,Banashankari Stage III,1480.0,3.0,75.48,3.0,5100.0
764,Banashankari Stage III,1305.0,2.0,59.0,3.0,4521.072796934866
765,Banashankari Stage III,1304.0,2.0,111.0,2.0,8512.269938650306
766,Banashankari Stage III,3000.0,6.0,150.0,6.0,5000.0
767,Banashankari Stage III,1085.0,2.0,50.0,2.0,4608.294930875576
768,Banashankari Stage III,1500.0,2.0,100.0,3.0,6666.666666666667
769,Banashankari Stage III,2100.0,3.0,147.0,4.0,7000.0
770,Banashankari Stage III,1420.0,2.0,95.0,3.0,6690.140845070423
771,Banashankari Stage V,1300.0,2.0,58.5,3.0,4500.0
772,Banashankari Stage V,1305.0,2.0,49.0,3.0,3754.7892720306513
773,Banashankari Stage V,1035.0,2.0,35.77,2.0,3456.038647342996
774,Banashankari Stage V,1355.0,2.0,61.0,3.0,4501.845018450184
775,Banashankari Stage V,1510.0,3.0,47.57,3.0,3150.3311258278145
776,Banashankari Stage V,1650.0,3.0,51.98,3.0,3150.3030303030305
777,Banashankari Stage V,1630.0,3.0,51.35,3.0,3150.306748466258
778,Banashankari Stage V,1510.0,3.0,47.57,3.0,3150.3311258278145
779,Banashankari Stage V,1315.0,2.0,49.0,3.0,3726.235741444867
780,Banashankari Stage V,1540.0,3.0,48.51,3.0,3150.0
781,Banashankari Stage V,920.0,2.0,41.5,2.0,4510.869565217391
782,Banashankari Stage VI,4800.0,4.0,190.0,4.0,3958.3333333333335
783,Banashankari Stage VI,2800.0,4.0,89.0,4.0,3178.5714285714284
784,Banashankari Stage VI,2200.0,4.0,195.0,4.0,8863.636363636364
785,Banashankari Stage VI,1160.0,2.0,59.0,2.0,5086.206896551724
786,Banashankari Stage VI,1180.0,2.0,59.47,2.0,5039.830508474576
787,Banashankari Stage VI,1423.0,2.0,71.73,3.0,5040.758959943781
788,Banashankari Stage VI,1392.0,3.0,69.46,3.0,4989.942528735632
789,Banashankari Stage VI,4800.0,3.0,200.0,4.0,4166.666666666667
790,Banaswadi,1184.0,2.0,53.0,2.0,4476.351351351352
791,Banaswadi,1145.0,2.0,55.0,2.0,4803.493449781659
792,Banaswadi,1250.0,2.0,60.0,2.0,4800.0
793,Banaswadi,1365.0,2.0,73.0,2.0,5347.985347985348
794,Banaswadi,1903.0,6.0,140.0,5.0,7356.8050446663165
795,Banaswadi,1222.0,2.0,80.0,2.0,6546.6448445171845
796,Banaswadi,870.0,2.0,38.0,2.0,4367.816091954023
797,Banaswadi,1200.0,2.0,60.0,2.0,5000.0
798,Banaswadi,1600.0,3.0,74.5,3.0,4656.25
799,Banaswadi,527.0,1.0,35.0,1.0,6641.366223908918
800,Banaswadi,1340.0,2.0,73.0,2.0,5447.761194029851
801,Banaswadi,1008.0,2.0,52.0,2.0,5158.730158730159
802,Banaswadi,1105.0,2.0,57.0,2.0,5158.371040723982
803,Banjara Layout,1200.0,2.0,70.0,2.0,5833.333333333333
804,Banjara Layout,1050.0,2.0,64.8,2.0,6171.428571428572
805,Banjara Layout,753.0,3.0,59.5,2.0,7901.726427622842
806,Banjara Layout,2500.0,4.0,140.0,3.0,5600.0
807,Bannerghatta,3012.0,6.0,250.0,4.0,8300.132802124834
808,Bannerghatta,1665.0,3.0,110.0,3.0,6606.606606606607
809,Bannerghatta,2370.0,4.0,195.0,3.0,8227.848101265823
810,Bannerghatta,1100.0,2.0,66.0,2.0,6000.0
811,Bannerghatta,1113.0,2.0,70.0,2.0,6289.308176100629
812,Bannerghatta,1200.0,2.0,73.2,2.0,6100.0
813,Bannerghatta,1070.0,2.0,87.0,2.0,8130.841121495327
814,Bannerghatta,1776.0,3.0,124.0,3.0,6981.981981981982
815,Bannerghatta,1776.0,3.0,150.0,3.0,8445.945945945947
816,Bannerghatta Road,500.0,1.0,18.5,1.0,3700.0
817,Bannerghatta Road,1050.0,2.0,65.0,2.0,6190.476190476191
818,Bannerghatta Road,1200.0,2.0,125.0,4.0,10416.666666666666
819,Bannerghatta Road,1170.0,2.0,66.0,3.0,5641.025641025641
820,Bannerghatta Road,595.0,1.0,33.32,1.0,5600.0
821,Bannerghatta Road,1445.0,3.0,95.0,3.0,6574.39446366782
822,Bannerghatta Road,1640.0,2.0,120.0,3.0,7317.073170731707
823,Bannerghatta Road,1380.0,3.0,58.0,4.0,4202.898550724638
824,Bannerghatta Road,1460.0,2.0,90.0,3.0,6164.3835616438355
825,Bannerghatta Road,1556.0,2.0,59.13,3.0,3800.1285347043704
826,Bannerghatta Road,1179.0,2.0,66.02,2.0,5599.660729431722
827,Bannerghatta Road,793.0,2.0,45.0,2.0,5674.653215636822
828,Bannerghatta Road,1484.0,3.0,52.5,3.0,3537.735849056604
829,Bannerghatta Road,1400.0,2.0,78.0,2.0,5571.428571428572
830,Bannerghatta Road,2700.0,5.0,158.0,5.0,5851.851851851852
831,Bannerghatta Road,1215.0,2.0,50.0,2.0,4115.22633744856
832,Bannerghatta Road,1654.0,3.0,100.0,3.0,6045.949214026602
833,Bannerghatta Road,1181.0,2.0,55.0,2.0,4657.070279424217
834,Bannerghatta Road,1460.0,2.0,72.0,3.0,4931.506849315068
835,Bannerghatta Road,1200.0,2.0,75.0,2.0,6250.0
836,Bannerghatta Road,1760.0,3.0,67.0,3.0,3806.818181818182
837,Bannerghatta Road,595.0,1.0,31.83,1.0,5349.579831932773
838,Bannerghatta Road,1105.0,2.0,51.0,2.0,4615.384615384615
839,Bannerghatta Road,1255.0,2.0,65.26,2.0,5200.000000000001
840,Bannerghatta Road,1550.0,3.0,78.0,3.0,5032.258064516129
841,Bannerghatta Road,1550.0,3.0,82.0,3.0,5290.322580645161
842,Bannerghatta Road,1550.0,2.0,75.0,3.0,4838.709677419355
843,Bannerghatta Road,1650.0,3.0,122.0,3.0,7393.939393939394
844,Bannerghatta Road,912.0,2.0,55.0,2.0,6030.701754385965
845,Bannerghatta Road,1218.0,2.0,73.0,2.0,5993.431855500821
846,Bannerghatta Road,1427.0,2.0,48.51,3.0,3399.4393833216536
847,Bannerghatta Road,1115.0,2.0,65.12,2.0,5840.358744394619
848,Bannerghatta Road,1344.0,2.0,42.0,3.0,3125.0
849,Bannerghatta Road,1893.0,3.0,100.0,3.0,5282.620179609086
850,Bannerghatta Road,1600.0,3.0,95.0,3.0,5937.5
851,Bannerghatta Road,1275.0,2.0,65.0,2.0,5098.0392156862745
852,Bannerghatta Road,892.0,2.0,39.0,2.0,4372.197309417041
853,Bannerghatta Road,1880.0,3.0,95.0,3.0,5053.191489361702
854,Bannerghatta Road,1260.0,2.0,70.0,2.0,5555.555555555556
855,Bannerghatta Road,1788.0,3.0,90.0,3.0,5033.557046979866
856,Bannerghatta Road,1157.0,2.0,40.0,2.0,3457.216940363008
857,Bannerghatta Road,1150.0,2.0,65.0,2.0,5652.173913043478
858,Bannerghatta Road,10000.0,4.0,450.0,4.0,4500.0
859,Bannerghatta Road,1100.0,2.0,39.0,2.0,3545.4545454545455
860,Bannerghatta Road,1400.0,3.0,68.0,3.0,4857.142857142857
861,Bannerghatta Road,1725.0,3.0,110.0,3.0,6376.811594202899
862,Bannerghatta Road,1850.0,6.0,150.0,6.0,8108.108108108108
863,Bannerghatta Road,9000.0,4.0,390.0,3.0,4333.333333333333
864,Bannerghatta Road,950.0,2.0,38.0,2.0,4000.0
865,Bannerghatta Road,1220.0,2.0,80.0,2.0,6557.377049180328
866,Bannerghatta Road,1130.0,2.0,78.0,2.0,6902.654867256637
867,Bannerghatta Road,1350.0,2.0,51.0,3.0,3777.777777777778
868,Bannerghatta Road,1486.0,3.0,83.22,3.0,5600.269179004038
869,Bannerghatta Road,1460.0,2.0,75.0,3.0,5136.986301369863
870,Bannerghatta Road,1015.0,2.0,48.0,2.0,4729.064039408867
871,Bannerghatta Road,1115.0,2.0,61.0,2.0,5470.85201793722
872,Bannerghatta Road,1136.0,2.0,48.0,2.0,4225.352112676056
873,Bannerghatta Road,2700.0,4.0,260.0,4.0,9629.62962962963
874,Bannerghatta Road,1200.0,2.0,69.0,3.0,5750.0
875,Bannerghatta Road,1465.0,2.0,76.0,3.0,5187.713310580205
876,Bannerghatta Road,1200.0,2.0,65.0,2.0,5416.666666666667
877,Bannerghatta Road,1240.0,2.0,65.0,2.0,5241.935483870968
878,Bannerghatta Road,1476.0,3.0,125.0,3.0,8468.834688346884
879,Bannerghatta Road,1100.0,2.0,52.0,3.0,4727.272727272727
880,Bannerghatta Road,1465.0,2.0,45.87,3.0,3131.0580204778157
881,Bannerghatta Road,1268.0,2.0,69.0,2.0,5441.640378548896
882,Bannerghatta Road,1450.0,2.0,87.0,3.0,6000.0
883,Bannerghatta Road,2932.0,5.0,195.0,4.0,6650.75034106412
884,Bannerghatta Road,1450.0,3.0,44.0,3.0,3034.4827586206898
885,Bannerghatta Road,1625.0,2.0,75.0,3.0,4615.384615384615
886,Bannerghatta Road,960.0,2.0,58.0,2.0,6041.666666666667
887,Bannerghatta Road,1750.0,3.0,130.0,3.0,7428.571428571428
888,Bannerghatta Road,1275.0,2.0,73.0,2.0,5725.490196078431
889,Bannerghatta Road,1430.0,3.0,59.0,3.0,4125.874125874126
890,Bannerghatta Road,1240.0,2.0,71.0,2.0,5725.806451612903
891,Bannerghatta Road,1305.0,2.0,60.0,3.0,4597.701149425287
892,Bannerghatta Road,1215.0,2.0,68.0,2.0,5596.707818930041
893,Bannerghatta Road,1215.0,2.0,68.0,2.0,5596.707818930041
894,Bannerghatta Road,1894.0,3.0,115.0,3.0,6071.805702217529
895,Bannerghatta Road,1655.0,2.0,62.89,3.0,3800.0
896,Bannerghatta Road,1693.0,3.0,89.0,3.0,5256.940342587123
897,Bannerghatta Road,1280.0,2.0,60.16,2.0,4700.0
898,Bannerghatta Road,3230.0,5.0,165.0,4.0,5108.359133126935
899,Bannerghatta Road,630.0,1.0,35.0,1.0,5555.555555555556
900,Bannerghatta Road,1215.0,2.0,68.0,2.0,5596.707818930041
901,Bannerghatta Road,1365.0,3.0,76.18,3.0,5580.952380952382
902,Bannerghatta Road,1115.0,2.0,78.0,2.0,6995.5156950672645
903,Bannerghatta Road,1535.0,3.0,60.0,3.0,3908.7947882736157
904,Bannerghatta Road,1655.0,3.0,90.0,3.0,5438.0664652567975
905,Bannerghatta Road,1247.0,2.0,47.39,2.0,3800.3207698476344
906,Bannerghatta Road,1650.0,3.0,94.0,3.0,5696.969696969697
907,Bannerghatta Road,905.0,2.0,65.0,2.0,7182.32044198895
908,Bannerghatta Road,1000.0,2.0,50.0,2.0,5000.0
909,Bannerghatta Road,2185.0,3.0,120.0,4.0,5491.990846681922
910,Bannerghatta Road,1012.0,2.0,45.0,2.0,4446.640316205534
911,Bannerghatta Road,1725.0,3.0,85.0,3.0,4927.536231884058
912,Bannerghatta Road,1460.0,2.0,80.0,3.0,5479.45205479452
913,Bannerghatta Road,1340.0,2.0,85.0,2.0,6343.2835820895525
914,Bannerghatta Road,1711.0,3.0,125.0,3.0,7305.669199298656
915,Bannerghatta Road,1520.0,2.0,81.0,3.0,5328.9473684210525
916,Bannerghatta Road,2826.0,3.0,148.0,3.0,5237.0842179759375
917,Bannerghatta Road,1115.0,2.0,61.0,2.0,5470.85201793722
918,Bannerghatta Road,1154.0,2.0,47.0,2.0,4072.790294627383
919,Bannerghatta Road,1000.0,2.0,44.5,2.0,4450.0
920,Bannerghatta Road,1250.0,2.0,48.0,2.0,3840.0
921,Bannerghatta Road,1640.0,3.0,105.0,3.0,6402.4390243902435
922,Bannerghatta Road,1656.0,2.0,62.93,3.0,3800.1207729468597
923,Bannerghatta Road,1012.0,2.0,44.0,2.0,4347.826086956522
924,Bannerghatta Road,1527.0,3.0,115.0,3.0,7531.106745252128
925,Bannerghatta Road,1660.0,3.0,85.0,3.0,5120.481927710844
926,Bannerghatta Road,1880.0,3.0,96.5,3.0,5132.978723404255
927,Bannerghatta Road,1550.0,3.0,96.0,3.0,6193.548387096775
928,Bannerghatta Road,1200.0,2.0,78.0,2.0,6500.0
929,Bannerghatta Road,1885.0,3.0,125.0,3.0,6631.29973474801
930,Bannerghatta Road,1453.0,2.0,73.0,3.0,5024.088093599449
931,Bannerghatta Road,1450.0,2.0,78.0,3.0,5379.310344827586
932,Bannerghatta Road,700.0,1.0,31.2,1.0,4457.142857142857
933,Bannerghatta Road,1630.0,3.0,68.0,3.0,4171.7791411042945
934,Bannerghatta Road,1400.0,3.0,69.0,3.0,4928.571428571428
935,Bannerghatta Road,905.0,2.0,58.0,2.0,6408.839779005525
936,Bannerghatta Road,1465.0,2.0,75.0,3.0,5119.453924914676
937,Bannerghatta Road,1920.0,3.0,122.0,3.0,6354.166666666667
938,Bannerghatta Road,2400.0,4.0,180.0,4.0,7500.0
939,Bannerghatta Road,1660.0,3.0,80.0,3.0,4819.277108433735
940,Bannerghatta Road,1270.0,2.0,45.0,2.0,3543.3070866141734
941,Bannerghatta Road,1520.0,2.0,80.0,3.0,5263.1578947368425
942,Bannerghatta Road,1270.0,2.0,73.0,3.0,5748.031496062992
943,Bannerghatta Road,1846.0,3.0,120.0,3.0,6500.541711809317
944,Bannerghatta Road,3000.0,4.0,140.0,4.0,4666.666666666667
945,Bannerghatta Road,1655.0,3.0,95.0,3.0,5740.181268882176
946,Bannerghatta Road,1206.0,2.0,53.0,2.0,4394.69320066335
947,Bannerghatta Road,1150.0,2.0,55.0,2.0,4782.608695652174
948,Bannerghatta Road,1215.0,2.0,65.0,2.0,5349.794238683127
949,Bannerghatta Road,1510.0,2.0,110.0,3.0,7284.76821192053
950,Bannerghatta Road,1022.0,2.0,35.0,2.0,3424.6575342465753
951,Bannerghatta Road,1246.0,2.0,47.35,2.0,3800.1605136436597
952,Bannerghatta Road,1470.0,2.0,85.0,3.0,5782.312925170068
953,Bannerghatta Road,1160.0,2.0,45.0,2.0,3879.310344827586
954,Bannerghatta Road,970.0,2.0,57.0,2.0,5876.288659793814
955,Bannerghatta Road,1527.0,3.0,142.0,3.0,9299.279633267846
956,Basavangudi,1500.0,2.0,143.0,3.0,9533.333333333334
957,Basavangudi,1850.0,3.0,168.0,3.0,9081.081081081082
958,Basavangudi,1036.0,2.0,105.0,2.0,10135.135135135135
959,Basavangudi,2600.0,4.0,260.0,4.0,10000.0
960,Basavangudi,1600.0,2.0,160.0,3.0,10000.0
961,Basavangudi,1560.0,2.0,145.0,2.0,9294.871794871795
962,Basavangudi,1825.0,3.0,175.0,3.0,9589.04109589041
963,Basavangudi,1800.0,3.0,195.0,3.0,10833.333333333334
964,Basavangudi,1100.0,2.0,93.0,2.0,8454.545454545454
965,Basavangudi,1542.14,3.0,120.0,3.0,7781.394685307429
966,Basavangudi,1050.0,2.0,103.0,2.0,9809.52380952381
967,Basavangudi,1350.0,2.0,130.0,3.0,9629.62962962963
968,Basavangudi,1485.0,3.0,140.0,3.0,9427.609427609428
969,Basavangudi,1180.0,2.0,124.0,2.0,10508.474576271186
970,Basavangudi,1600.0,3.0,130.0,3.0,8125.0
971,Basavangudi,1200.0,2.0,120.0,2.0,10000.0
972,Basavangudi,1850.0,3.0,150.0,3.0,8108.108108108108
973,Basavangudi,2453.0,3.0,250.0,4.0,10191.602119853242
974,Basaveshwara Nagar,4500.0,5.0,415.0,5.0,9222.222222222223
975,Basaveshwara Nagar,1865.0,3.0,145.0,3.0,7774.798927613941
976,Basaveshwara Nagar,1200.0,2.0,90.0,2.0,7500.0
977,Basaveshwara Nagar,2400.0,4.0,310.0,5.0,12916.666666666666
978,Basaveshwara Nagar,1200.0,2.0,80.0,2.0,6666.666666666667
979,Basaveshwara Nagar,900.0,2.0,60.0,2.0,6666.666666666667
980,Basaveshwara Nagar,1900.0,3.0,150.0,3.0,7894.736842105263
981,Basaveshwara Nagar,1200.0,2.0,85.0,2.0,7083.333333333333
982,Basaveshwara Nagar,1200.0,2.0,70.0,2.0,5833.333333333333
983,Battarahalli,1200.0,2.0,65.0,2.0,5416.666666666667
984,Battarahalli,1779.0,3.0,89.61,3.0,5037.099494097808
985,Battarahalli,1300.0,2.0,50.0,2.0,3846.153846153846
986,Battarahalli,1945.0,3.0,97.42,3.0,5008.740359897172
987,Battarahalli,1777.0,3.0,100.0,3.0,5627.462014631401
988,Battarahalli,1135.0,2.0,43.0,2.0,3788.546255506608
989,Battarahalli,1276.0,2.0,45.0,2.0,3526.6457680250783
990,Battarahalli,1880.0,3.0,94.36,3.0,5019.148936170212
991,Battarahalli,1071.0,2.0,62.0,2.0,5788.9822595704945
992,Battarahalli,1165.0,2.0,43.0,2.0,3690.987124463519
993,Battarahalli,1636.0,2.0,82.89,2.0,5066.6259168704155
994,Battarahalli,1779.0,3.0,90.0,3.0,5059.02192242833
995,Battarahalli,1516.0,3.0,65.0,3.0,4287.598944591029
996,Battarahalli,1090.0,2.0,38.37,2.0,3520.1834862385317
997,Battarahalli,2082.0,3.0,104.0,3.0,4995.1969260326605
998,Battarahalli,2024.0,3.0,103.0,3.0,5088.932806324111
999,Battarahalli,1097.0,2.0,49.0,2.0,4466.727438468551
1000,Begur,1664.0,4.0,65.0,4.0,3906.25
1001,Begur,1419.0,2.0,59.0,3.0,4157.85764622974
1002,Begur,1580.0,3.0,75.0,3.0,4746.835443037975
1003,Begur,1559.0,3.0,63.0,3.0,4041.0519563822963
1004,Begur,1445.0,2.0,47.1,3.0,3259.515570934256
1005,Begur,1475.0,2.0,74.0,3.0,5016.949152542373
1006,Begur,3500.0,4.0,185.0,3.0,5285.714285714285
1007,Begur,1100.0,2.0,55.0,2.0,5000.0
1008,Begur,1306.0,2.0,65.0,2.0,4977.029096477795
1009,Begur,1304.0,3.0,65.0,3.0,4984.662576687117
1010,Begur,1411.0,2.0,60.0,3.0,4252.303330970943
1011,Begur,815.0,2.0,40.0,2.0,4907.9754601227
1012,Begur,1443.0,2.0,70.0,3.0,4851.004851004851
1013,Begur Road,1200.0,2.0,44.0,2.0,3666.6666666666665
1014,Begur Road,1200.0,2.0,46.8,2.0,3900.0
1015,Begur Road,1160.0,2.0,44.0,2.0,3793.103448275862
1016,Begur Road,1584.0,3.0,65.0,3.0,4103.535353535353
1017,Begur Road,1500.0,2.0,54.0,3.0,3600.0
1018,Begur Road,1615.0,3.0,59.76,3.0,3700.30959752322
1019,Begur Road,1200.0,2.0,43.2,2.0,3600.0
1020,Begur Road,1160.0,2.0,44.08,2.0,3800.0
1021,Begur Road,1200.0,2.0,45.0,2.0,3750.0
1022,Begur Road,1615.0,3.0,60.0,3.0,3715.170278637771
1023,Begur Road,1410.0,2.0,53.0,3.0,3758.8652482269504
1024,Begur Road,1200.0,2.0,37.8,2.0,3149.9999999999995
1025,Begur Road,1160.0,2.0,40.59,2.0,3499.1379310344832
1026,Begur Road,1260.0,2.0,46.62,2.0,3700.0
1027,Begur Road,1600.0,3.0,58.14,3.0,3633.75
1028,Begur Road,1410.0,2.0,44.42,3.0,3150.354609929078
1029,Begur Road,1160.0,2.0,36.0,2.0,3103.448275862069
1030,Begur Road,1500.0,2.0,70.0,3.0,4666.666666666667
1031,Begur Road,1160.0,2.0,42.0,2.0,3620.689655172414
1032,Begur Road,1240.0,2.0,39.06,2.0,3150.0
1033,Begur Road,1200.0,2.0,45.0,2.0,3750.0
1034,Begur Road,1500.0,2.0,55.0,3.0,3666.6666666666665
1035,Begur Road,1410.0,2.0,52.17,3.0,3700.0
1036,Begur Road,1615.0,3.0,58.0,3.0,3591.331269349845
1037,Begur Road,1583.0,3.0,74.4,3.0,4699.936828806065
1038,Begur Road,1170.0,2.0,46.0,2.0,3931.6239316239316
1039,Begur Road,1160.0,2.0,42.92,2.0,3700.0
1040,Begur Road,1410.0,2.0,52.17,3.0,3700.0
1041,Begur Road,1410.0,2.0,50.06,3.0,3550.354609929078
1042,Begur Road,1565.0,2.0,59.76,3.0,3818.5303514376997
1043,Begur Road,1160.0,2.0,42.0,2.0,3620.689655172414
1044,Begur Road,1400.0,2.0,50.06,3.0,3575.714285714286
1045,Begur Road,1410.0,2.0,53.58,3.0,3800.0
1046,Begur Road,1200.0,2.0,45.0,2.0,3750.0
1047,Begur Road,1200.0,2.0,42.6,2.0,3550.0
1048,Begur Road,1160.0,2.0,42.0,2.0,3620.689655172414
1049,Begur Road,1334.0,2.0,42.69,2.0,3200.1499250374814
1050,Begur Road,1565.0,2.0,57.91,3.0,3700.3194888178914
1051,Begur Road,1200.0,2.0,45.6,2.0,3800.0
1052,Begur Road,1215.0,2.0,43.13,2.0,3549.794238683128
1053,Begur Road,1160.0,2.0,36.54,2.0,3150.0
1054,Begur Road,1615.0,3.0,50.87,3.0,3149.84520123839
1055,Begur Road,1200.0,2.0,44.4,2.0,3700.0
1056,Begur Road,1565.0,2.0,49.3,3.0,3150.1597444089457
1057,Begur Road,1260.0,2.0,39.69,2.0,3150.0
1058,Begur Road,1160.0,2.0,44.0,2.0,3793.103448275862
1059,Begur Road,1410.0,2.0,49.34,3.0,3499.290780141844
1060,Begur Road,952.0,2.0,42.0,2.0,4411.764705882353
1061,Begur Road,1565.0,2.0,56.34,3.0,3600.0
1062,Begur Road,1565.0,2.0,56.0,3.0,3578.2747603833864
1063,Begur Road,1200.0,2.0,42.0,2.0,3500.0
1064,Begur Road,1240.0,2.0,45.88,2.0,3700.0
1065,Begur Road,1200.0,3.0,50.0,3.0,4166.666666666667
1066,Begur Road,1410.0,2.0,44.42,3.0,3150.354609929078
1067,Begur Road,1200.0,2.0,44.0,2.0,3666.6666666666665
1068,Begur Road,1500.0,2.0,47.25,3.0,3150.0
1069,Begur Road,1100.0,2.0,42.6,2.0,3872.7272727272725
1070,Begur Road,1565.0,2.0,57.91,3.0,3700.3194888178914
1071,Begur Road,1200.0,2.0,44.4,2.0,3700.0
1072,Begur Road,1160.0,2.0,36.54,2.0,3150.0
1073,Begur Road,1215.0,2.0,43.75,2.0,3600.8230452674898
1074,Begur Road,1200.0,2.0,44.73,2.0,3727.5
1075,Begur Road,1160.0,2.0,42.0,2.0,3620.689655172414
1076,Begur Road,1410.0,2.0,54.99,3.0,3900.0
1077,Bellandur,1767.0,3.0,103.0,3.0,5829.088851160159
1078,Bellandur,1205.0,2.0,66.0,2.0,5477.178423236514
1079,Bellandur,1250.0,2.0,76.0,2.0,6080.0
1080,Bellandur,1000.0,2.0,50.0,2.0,5000.0
1081,Bellandur,1281.0,2.0,74.0,2.0,5776.736924277908
1082,Bellandur,921.0,2.0,40.0,2.0,4343.105320304017
1083,Bellandur,2025.0,4.0,109.0,4.0,5382.716049382716
1084,Bellandur,1490.0,2.0,98.0,3.0,6577.181208053691
1085,Bellandur,1398.0,3.0,68.0,3.0,4864.0915593705295
1086,Bellandur,2039.0,3.0,168.0,3.0,8239.333006375675
1087,Bellandur,1605.0,3.0,85.0,3.0,5295.95015576324
1088,Bellandur,1692.0,3.0,88.0,3.0,5200.945626477542
1089,Bellandur,1220.0,2.0,60.0,2.0,4918.0327868852455
1090,Bellandur,1299.0,2.0,82.0,2.0,6312.548113933795
1091,Bellandur,900.0,2.0,56.0,2.0,6222.222222222223
1092,Bellandur,1350.0,2.0,79.0,2.0,5851.851851851852
1093,Bellandur,1286.0,2.0,57.0,2.0,4432.348367029549
1094,Bellandur,3016.0,4.0,230.0,4.0,7625.994694960213
1095,Bellandur,1457.0,2.0,85.0,2.0,5833.905284831846
1096,Bellandur,1195.0,2.0,51.0,2.0,4267.782426778243
1097,Bellandur,1050.0,2.0,72.0,2.0,6857.142857142857
1098,Bellandur,3600.0,4.0,260.0,4.0,7222.222222222223
1099,Bellandur,1310.0,2.0,72.0,2.0,5496.18320610687
1100,Bellandur,924.0,2.0,35.11,2.0,3799.78354978355
1101,Bellandur,1785.0,3.0,118.0,3.0,6610.644257703081
1102,Bellandur,1051.0,2.0,60.0,2.0,5708.848715509039
1103,Bellandur,1450.0,3.0,68.0,3.0,4689.6551724137935
1104,Bellandur,1060.0,2.0,65.0,2.0,6132.075471698113
1105,Bellandur,1100.0,2.0,62.0,2.0,5636.363636363636
1106,Bellandur,1550.0,2.0,59.0,2.0,3806.451612903226
1107,Bellandur,924.0,2.0,35.11,2.0,3799.78354978355
1108,Bellandur,1400.0,2.0,44.81,3.0,3200.714285714286
1109,Bellandur,1685.0,3.0,100.0,3.0,5934.718100890208
1110,Bellandur,982.0,2.0,55.0,2.0,5600.814663951121
1111,Bellandur,981.0,2.0,37.28,2.0,3800.2038735983692
1112,Bellandur,1205.0,2.0,59.0,2.0,4896.265560165975
1113,Bellandur,1063.0,2.0,58.0,2.0,5456.255879586077
1114,Bellandur,1201.0,2.0,59.99,2.0,4995.004163197335
1115,Bellandur,1325.0,2.0,65.0,2.0,4905.66037735849
1116,Bellandur,1281.0,2.0,87.0,2.0,6791.569086651054
1117,Bellandur,2000.0,3.0,85.0,3.0,4250.0
1118,Bellandur,1200.0,2.0,52.0,2.0,4333.333333333333
1119,Bellandur,1785.0,3.0,120.0,3.0,6722.689075630252
1120,Bellandur,1088.0,2.0,48.0,2.0,4411.764705882353
1121,Bellandur,1310.0,2.0,85.0,2.0,6488.5496183206105
1122,Bellandur,982.0,2.0,37.28,2.0,3796.3340122199593
1123,Bellandur,1465.0,3.0,90.0,2.0,6143.344709897611
1124,Bellandur,1767.0,3.0,109.0,3.0,6168.647425014148
1125,Bellandur,924.0,2.0,35.11,2.0,3799.78354978355
1126,Bellandur,3600.0,4.0,245.0,4.0,6805.555555555556
1127,Bellandur,1170.0,2.0,46.79,2.0,3999.1452991452993
1128,Bellandur,1150.0,2.0,69.44,2.0,6038.260869565217
1129,Bellandur,1200.0,2.0,45.0,2.0,3750.0
1130,Bellandur,1830.0,3.0,90.0,3.0,4918.0327868852455
1131,Bellandur,1410.0,3.0,92.0,2.0,6524.822695035461
1132,Bellandur,950.0,2.0,35.0,2.0,3684.2105263157896
1133,Bellandur,1015.0,2.0,60.0,2.0,5911.330049261083
1134,Bellandur,2500.0,4.0,112.0,3.0,4480.0
1135,Bellandur,1685.0,3.0,101.0,3.0,5994.06528189911
1136,Bellandur,1735.0,3.0,105.0,3.0,6051.873198847262
1137,Bellandur,1685.0,3.0,115.0,3.0,6824.925816023739
1138,Bellandur,1846.0,3.0,135.0,3.0,7313.109425785482
1139,Bellandur,1049.0,2.0,51.0,2.0,4861.773117254528
1140,Bellandur,1350.0,2.0,63.0,3.0,4666.666666666667
1141,Bellandur,1211.0,2.0,63.0,2.0,5202.312138728324
1142,Bellandur,1717.0,3.0,110.0,3.0,6406.523005241701
1143,Bellandur,1420.0,3.0,62.0,3.0,4366.197183098591
1144,Bellandur,1185.0,2.0,47.39,2.0,3999.15611814346
1145,Bellandur,1200.0,2.0,62.0,2.0,5166.666666666667
1146,Bellandur,1767.0,3.0,89.0,3.0,5036.785512167516
1147,Bellandur,1830.0,3.0,89.0,3.0,4863.3879781420765
1148,Bellandur,2400.0,3.0,115.0,3.0,4791.666666666667
1149,Bellandur,1251.0,2.0,47.0,2.0,3756.994404476419
1150,Bellandur,1665.0,3.0,85.0,3.0,5105.105105105105
1151,Bellandur,960.0,2.0,48.0,2.0,5000.0
1152,Bellandur,1690.0,2.0,116.0,3.0,6863.905325443787
1153,Bellandur,950.0,1.0,40.0,1.0,4210.526315789473
1154,Bellandur,850.0,2.0,45.0,2.0,5294.117647058823
1155,Bellandur,1454.0,2.0,90.0,2.0,6189.821182943604
1156,Bellandur,1830.0,3.0,91.86,3.0,5019.672131147541
1157,Bellandur,1195.0,2.0,52.0,2.0,4351.464435146443
1158,Bellandur,1435.0,2.0,115.0,3.0,8013.937282229966
1159,Bellandur,1830.0,3.0,89.89,3.0,4912.021857923497
1160,Bellandur,1260.0,2.0,83.5,2.0,6626.984126984127
1161,Bellandur,1535.0,3.0,90.0,3.0,5863.192182410424
1162,Bellandur,1047.0,2.0,75.0,2.0,7163.323782234957
1163,Bellandur,1096.0,2.0,40.0,2.0,3649.6350364963505
1164,Bellandur,1262.0,2.0,47.0,2.0,3724.247226624406
1165,Benson Town,3200.0,4.0,350.0,3.0,10937.5
1166,Benson Town,4460.0,5.0,650.0,4.0,14573.991031390135
1167,Benson Town,2850.0,4.0,470.0,3.0,16491.22807017544
1168,Benson Town,1300.0,2.0,120.0,2.0,9230.76923076923
1169,Benson Town,1567.0,3.0,140.0,2.0,8934.269304403319
1170,Benson Town,3633.0,6.0,550.0,4.0,15139.003578309937
1171,Benson Town,1688.12,2.0,270.0,2.0,15994.123640499492
1172,Benson Town,1805.0,3.0,280.0,3.0,15512.465373961219
1173,Benson Town,1688.0,2.0,280.0,2.0,16587.677725118483
1174,Bharathi Nagar,1322.0,2.0,68.0,2.0,5143.721633888048
1175,Bharathi Nagar,1351.0,2.0,70.0,2.0,5181.347150259067
1176,Bharathi Nagar,1384.0,2.0,59.0,2.0,4263.005780346821
1177,Bharathi Nagar,1351.0,2.0,74.0,2.0,5477.424130273871
1178,Bharathi Nagar,1432.0,2.0,68.0,2.0,4748.6033519553075
1179,Bharathi Nagar,1664.0,3.0,69.89,3.0,4200.120192307692
1180,Bharathi Nagar,1349.0,2.0,56.7,2.0,4203.113417346182
1181,Bharathi Nagar,1328.0,2.0,69.0,2.0,5195.78313253012
1182,Bharathi Nagar,1300.0,2.0,55.86,2.0,4296.923076923077
1183,Bhoganhalli,1670.0,3.0,99.0,3.0,5928.143712574851
1184,Bhoganhalli,2119.0,4.0,111.0,4.0,5238.319962246343
1185,Bhoganhalli,1718.0,3.0,90.2,3.0,5250.291036088475
1186,Bhoganhalli,1444.0,2.0,75.97,2.0,5261.0803324099725
1187,Bhoganhalli,1447.0,2.0,75.97,2.0,5250.172771250864
1188,Bhoganhalli,1700.0,3.0,126.0,3.0,7411.764705882353
1189,Bhoganhalli,1447.0,2.0,75.97,2.0,5250.172771250864
1190,Bhoganhalli,1610.0,3.0,84.53,3.0,5250.310559006211
1191,Bhoganhalli,1974.0,4.0,106.0,4.0,5369.807497467072
1192,Bhoganhalli,2171.0,4.0,111.0,4.0,5112.851220635652
1193,Bhoganhalli,1760.0,3.0,127.0,3.0,7215.909090909091
1194,Bhoganhalli,2119.0,4.0,111.0,4.0,5238.319962246343
1195,Bhoganhalli,1447.0,2.0,75.97,2.0,5250.172771250864
1196,Bhoganhalli,1949.0,3.0,129.0,3.0,6618.778860954336
1197,Bhoganhalli,1760.0,3.0,128.0,3.0,7272.727272727273
1198,Bhoganhalli,1447.0,2.0,75.97,2.0,5250.172771250864
1199,Bhoganhalli,2439.0,4.0,185.0,4.0,7585.075850758508
1200,Bhoganhalli,1395.0,2.0,70.0,3.0,5017.921146953405
1201,Bhoganhalli,2119.0,4.0,111.0,4.0,5238.319962246343
1202,Bhoganhalli,1458.0,3.0,78.45,3.0,5380.658436213992
1203,Bhoganhalli,1444.0,2.0,75.97,2.0,5261.0803324099725
1204,Bhoganhalli,1205.0,2.0,64.47,2.0,5350.207468879668
1205,Bhoganhalli,1447.0,2.0,75.97,2.0,5250.172771250864
1206,Bhoganhalli,2439.0,5.0,170.0,4.0,6970.069700697007
1207,Bhoganhalli,2119.0,4.0,111.0,4.0,5238.319962246343
1208,Bhoganhalli,1205.0,2.0,68.32,2.0,5669.709543568464
1209,Bhoganhalli,1260.0,2.0,69.9,2.0,5547.619047619049
1210,Bhoganhalli,2439.0,4.0,170.0,4.0,6970.069700697007
1211,Bhoganhalli,1707.0,3.0,115.0,3.0,6736.965436438196
1212,Bhoganhalli,1610.0,3.0,84.53,3.0,5250.310559006211
1213,Bhoganhalli,970.0,2.0,52.5,2.0,5412.371134020618
1214,Bhoganhalli,1718.0,3.0,90.2,3.0,5250.291036088475
1215,Bhoganhalli,1277.0,2.0,79.89,2.0,6256.068911511355
1216,Bhoganhalli,2119.0,4.0,111.0,4.0,5238.319962246343
1217,Bhoganhalli,1703.0,3.0,120.0,3.0,7046.388725778039
1218,Billekahalli,1935.0,3.0,110.0,3.0,5684.754521963824
1219,Billekahalli,1125.0,2.0,62.0,2.0,5511.111111111111
1220,Billekahalli,1650.0,3.0,88.0,3.0,5333.333333333333
1221,Billekahalli,1090.0,2.0,52.0,2.0,4770.642201834862
1222,Billekahalli,1112.0,2.0,62.0,2.0,5575.5395683453235
1223,Billekahalli,2400.0,3.0,150.0,3.0,6250.0
1224,Billekahalli,2968.0,3.0,225.0,3.0,7580.8625336927225
1225,Billekahalli,950.0,2.0,58.11,2.0,6116.8421052631575
1226,Billekahalli,1360.0,2.0,110.0,2.0,8088.235294117647
1227,Billekahalli,1125.0,2.0,65.0,2.0,5777.777777777777
1228,Billekahalli,950.0,2.0,56.0,2.0,5894.736842105263
1229,Billekahalli,1290.0,3.0,62.0,3.0,4806.201550387597
1230,Billekahalli,1805.0,3.0,134.0,3.0,7423.822714681441
1231,Binny Pete,1755.0,3.0,122.0,3.0,6951.5669515669515
1232,Binny Pete,665.0,1.0,50.75,1.0,7631.578947368421
1233,Binny Pete,2465.0,5.0,234.0,3.0,9492.90060851927
1234,Binny Pete,660.0,1.0,54.0,1.0,8181.818181818182
1235,Binny Pete,660.0,1.0,62.0,1.0,9393.939393939394
1236,Binny Pete,1365.0,2.0,122.0,2.0,8937.728937728938
1237,Binny Pete,2940.0,6.0,280.0,4.0,9523.809523809523
1238,Binny Pete,1795.0,3.0,139.0,3.0,7743.732590529248
1239,Binny Pete,1740.0,3.0,150.0,3.0,8620.689655172413
1240,Binny Pete,1970.0,3.0,164.0,3.0,8324.873096446701
1241,Binny Pete,1516.0,3.0,147.0,3.0,9696.569920844327
1242,Bisuvanahalli,1180.0,3.0,48.0,3.0,4067.7966101694915
1243,Bisuvanahalli,1075.0,2.0,35.0,3.0,3255.813953488372
1244,Bisuvanahalli,1075.0,2.0,46.0,3.0,4279.069767441861
1245,Bisuvanahalli,1075.0,2.0,36.0,3.0,3348.8372093023254
1246,Bisuvanahalli,1075.0,2.0,37.0,3.0,3441.860465116279
1247,Bisuvanahalli,1075.0,2.0,45.0,3.0,4186.046511627907
1248,Bisuvanahalli,1075.0,3.0,36.0,3.0,3348.8372093023254
1249,Bisuvanahalli,845.0,2.0,33.0,2.0,3905.3254437869823
1250,Bisuvanahalli,1075.0,2.0,45.0,3.0,4186.046511627907
1251,Bisuvanahalli,845.0,2.0,37.0,2.0,4378.698224852071
1252,Bisuvanahalli,1075.0,2.0,35.99,3.0,3347.906976744186
1253,Bisuvanahalli,1075.0,2.0,36.0,3.0,3348.8372093023254
1254,Bisuvanahalli,845.0,2.0,29.0,2.0,3431.9526627218934
1255,Bisuvanahalli,1075.0,2.0,47.0,3.0,4372.093023255814
1256,Bisuvanahalli,850.0,1.0,32.0,2.0,3764.705882352941
1257,Bisuvanahalli,1075.0,2.0,50.0,3.0,4651.162790697675
1258,Bisuvanahalli,1075.0,2.0,52.0,3.0,4837.209302325581
1259,Bisuvanahalli,1180.0,2.0,46.0,3.0,3898.3050847457625
1260,Bisuvanahalli,1075.0,2.0,42.0,3.0,3906.9767441860463
1261,Bisuvanahalli,845.0,2.0,37.0,2.0,4378.698224852071
1262,Bisuvanahalli,1075.0,2.0,43.0,3.0,4000.0
1263,Bisuvanahalli,700.0,1.0,32.0,2.0,4571.428571428572
1264,Bisuvanahalli,1075.0,2.0,52.0,3.0,4837.209302325581
1265,Bisuvanahalli,1075.0,2.0,50.0,3.0,4651.162790697675
1266,Bisuvanahalli,1075.0,2.0,41.0,3.0,3813.953488372093
1267,Bisuvanahalli,845.0,2.0,33.0,2.0,3905.3254437869823
1268,Bisuvanahalli,945.0,2.0,33.0,2.0,3492.063492063492
1269,Bisuvanahalli,845.0,2.0,30.0,2.0,3550.2958579881656
1270,Bisuvanahalli,1200.0,2.0,41.0,3.0,3416.6666666666665
1271,Bisuvanahalli,1180.0,2.0,45.0,3.0,3813.5593220338983
1272,Bisuvanahalli,1075.0,2.0,43.0,3.0,4000.0
1273,Bisuvanahalli,1080.0,2.0,45.0,3.0,4166.666666666667
1274,Bisuvanahalli,1180.0,2.0,55.5,3.0,4703.389830508475
1275,Bisuvanahalli,1075.0,2.0,47.0,3.0,4372.093023255814
1276,Bisuvanahalli,1075.0,2.0,48.0,3.0,4465.116279069767
1277,Bisuvanahalli,1075.0,2.0,37.0,3.0,3441.860465116279
1278,Bisuvanahalli,1075.0,2.0,45.0,3.0,4186.046511627907
1279,Bisuvanahalli,1075.0,2.0,44.0,3.0,4093.0232558139537
1280,Bisuvanahalli,850.0,2.0,27.0,2.0,3176.470588235294
1281,Bisuvanahalli,1075.0,2.0,42.0,3.0,3906.9767441860463
1282,Bisuvanahalli,845.0,2.0,32.0,2.0,3786.98224852071
1283,Bisuvanahalli,1075.0,2.0,41.49,3.0,3859.5348837209303
1284,Bisuvanahalli,845.0,2.0,34.0,2.0,4023.6686390532545
1285,Bommanahalli,3000.0,8.0,140.0,8.0,4666.666666666667
1286,Bommanahalli,520.0,1.0,19.5,1.0,3750.0
1287,Bommanahalli,515.0,1.0,25.0,1.0,4854.368932038835
1288,Bommanahalli,1090.0,3.0,44.0,2.0,4036.697247706422
1289,Bommanahalli,1250.0,2.0,42.5,3.0,3400.0
1290,Bommanahalli,1375.0,3.0,59.0,3.0,4290.909090909091
1291,Bommanahalli,1250.0,3.0,55.0,3.0,4400.0
1292,Bommanahalli,1850.0,3.0,90.0,3.0,4864.864864864865
1293,Bommanahalli,910.0,2.0,45.0,2.0,4945.054945054945
1294,Bommanahalli,1050.0,2.0,46.0,2.0,4380.952380952381
1295,Bommanahalli,1100.0,1.0,55.0,2.0,5000.0
1296,Bommanahalli,1300.0,3.0,45.0,3.0,3461.5384615384614
1297,Bommanahalli,2100.0,4.0,85.0,4.0,4047.6190476190477
1298,Bommanahalli,1307.0,2.0,50.0,2.0,3825.554705432288
1299,Bommanahalli,1091.0,2.0,40.0,2.0,3666.3611365719526
1300,Bommanahalli,1160.0,2.0,53.0,2.0,4568.9655172413795
1301,Bommanahalli,1050.0,2.0,54.0,2.0,5142.857142857143
1302,Bommasandra,1260.0,3.0,49.36,3.0,3917.4603174603176
1303,Bommasandra,1200.0,3.0,46.0,3.0,3833.3333333333335
1304,Bommasandra,1035.0,2.0,41.0,2.0,3961.352657004831
1305,Bommasandra,1035.0,2.0,41.73,2.0,4031.884057971014
1306,Bommasandra,1034.0,2.0,40.0,2.0,3868.4719535783365
1307,Bommasandra,877.0,2.0,30.0,2.0,3420.752565564424
1308,Bommasandra,920.0,2.0,37.46,2.0,4071.7391304347825
1309,Bommasandra,1035.0,2.0,41.43,2.0,4002.8985507246375
1310,Bommasandra,1295.0,2.0,50.28,3.0,3882.6254826254826
1311,Bommasandra,1478.0,2.0,44.0,3.0,2976.9959404600813
1312,Bommasandra,1015.0,2.0,40.0,2.0,3940.886699507389
1313,Bommasandra,1000.0,2.0,35.0,2.0,3500.0
1314,Bommasandra,955.0,2.0,35.28,2.0,3694.240837696335
1315,Bommasandra,1005.0,2.0,39.77,2.0,3957.213930348259
1316,Bommasandra,1014.0,2.0,35.0,2.0,3451.6765285996057
1317,Bommasandra,1020.0,2.0,40.89,2.0,4008.823529411765
1318,Bommasandra,920.0,2.0,37.2,2.0,4043.478260869566
1319,Bommasandra,800.0,1.0,32.0,2.0,4000.0
1320,Bommasandra,1280.0,3.0,50.0,3.0,3906.25
1321,Bommasandra,1942.0,3.0,90.0,3.0,4634.3975283213185
1322,Bommasandra,1127.0,2.0,45.0,2.0,3992.9015084294588
1323,Bommasandra,1400.0,2.0,45.0,3.0,3214.285714285714
1324,Bommasandra,877.0,2.0,29.0,2.0,3306.72748004561
1325,Bommasandra,1365.0,3.0,52.81,3.0,3868.864468864469
1326,Bommasandra,842.0,2.0,30.0,2.0,3562.9453681710215
1327,Bommasandra,1260.0,3.0,49.36,3.0,3917.4603174603176
1328,Bommasandra,1365.0,3.0,52.82,3.0,3869.5970695970695
1329,Bommasandra,955.0,2.0,37.97,2.0,3975.916230366492
1330,Bommasandra,1089.0,2.0,40.0,2.0,3673.094582185491
1331,Bommasandra,1365.0,3.0,53.96,3.0,3953.1135531135533
1332,Bommasandra Industrial Area,1090.0,2.0,31.48,2.0,2888.0733944954127
1333,Bommasandra Industrial Area,1320.0,2.0,38.12,3.0,2887.8787878787875
1334,Bommasandra Industrial Area,1400.0,2.0,40.44,3.0,2888.5714285714284
1335,Bommasandra Industrial Area,1320.0,2.0,38.13,3.0,2888.636363636364
1336,Bommasandra Industrial Area,1220.0,2.0,35.23,3.0,2887.7049180327863
1337,Bommasandra Industrial Area,1020.0,2.0,29.45,2.0,2887.2549019607845
1338,Bommasandra Industrial Area,1165.0,2.0,33.64,2.0,2887.5536480686696
1339,Bommasandra Industrial Area,1090.0,2.0,31.48,2.0,2888.0733944954127
1340,Bommasandra Industrial Area,1310.0,2.0,37.83,3.0,2887.7862595419847
1341,Bommasandra Industrial Area,1000.0,2.0,28.88,2.0,2888.0
1342,Bommasandra Industrial Area,1020.0,2.0,29.45,2.0,2887.2549019607845
1343,Bommasandra Industrial Area,1160.0,2.0,33.51,2.0,2888.793103448276
1344,Bommasandra Industrial Area,1125.0,2.0,32.49,2.0,2888.0
1345,Bommasandra Industrial Area,1220.0,2.0,35.2,3.0,2885.2459016393445
1346,Bommasandra Industrial Area,1491.0,3.0,40.5,3.0,2716.2977867203217
1347,Bommasandra Industrial Area,1125.0,2.0,32.49,2.0,2888.0
1348,Bommasandra Industrial Area,1130.0,2.0,32.64,2.0,2888.495575221239
1349,Bommasandra Industrial Area,1065.0,2.0,30.75,2.0,2887.323943661972
1350,Bommenahalli,1200.0,3.0,125.0,3.0,10416.666666666666
1351,Bommenahalli,1632.0,3.0,145.0,4.0,8884.803921568628
1352,Bommenahalli,1670.0,3.0,135.0,4.0,8083.832335329342
1353,Bommenahalli,1680.0,3.0,135.0,4.0,8035.714285714285
1354,Bommenahalli,1632.0,3.0,128.0,4.0,7843.137254901961
1355,Bommenahalli,3339.0,3.0,250.0,3.0,7487.271638215035
1356,Bommenahalli,1355.0,3.0,135.0,4.0,9963.09963099631
1357,Bommenahalli,1232.0,3.0,96.0,3.0,7792.207792207792
1358,Bommenahalli,1632.0,3.0,140.0,4.0,8578.43137254902
1359,Brookefield,1150.0,2.0,69.0,2.0,6000.0
1360,Brookefield,1142.0,2.0,70.0,2.0,6129.5971978984235
1361,Brookefield,1440.0,2.0,68.0,3.0,4722.222222222223
1362,Brookefield,2169.0,4.0,115.0,3.0,5301.982480405717
1363,Brookefield,1595.0,3.0,88.0,3.0,5517.241379310345
1364,Brookefield,2800.0,4.0,240.0,4.0,8571.42857142857
1365,Brookefield,1476.0,3.0,105.0,3.0,7113.821138211382
1366,Brookefield,1700.0,4.0,152.0,4.0,8941.176470588236
1367,Brookefield,1262.0,2.0,75.0,2.0,5942.947702060222
1368,Brookefield,1139.0,2.0,80.0,2.0,7023.705004389815
1369,Brookefield,1125.0,2.0,70.0,2.0,6222.222222222223
1370,Brookefield,1420.0,3.0,85.0,3.0,5985.915492957746
1371,Brookefield,3532.0,3.0,170.0,4.0,4813.137032842582
1372,Brookefield,941.0,2.0,48.0,2.0,5100.956429330499
1373,Brookefield,1595.0,2.0,75.0,3.0,4702.194357366771
1374,Brookefield,1410.0,2.0,80.0,3.0,5673.758865248227
1375,Brookefield,1100.0,2.0,55.0,2.0,5000.0
1376,Brookefield,2400.0,3.0,140.0,4.0,5833.333333333333
1377,Brookefield,1225.0,2.0,66.5,2.0,5428.571428571428
1378,Brookefield,1950.0,6.0,175.0,5.0,8974.358974358975
1379,Brookefield,1080.0,2.0,50.0,2.0,4629.62962962963
1380,Brookefield,1230.0,2.0,55.0,2.0,4471.544715447155
1381,Brookefield,1200.0,2.0,75.0,2.0,6250.0
1382,Brookefield,1089.0,2.0,49.0,2.0,4499.540863177227
1383,Brookefield,1130.0,2.0,56.0,2.0,4955.7522123893805
1384,Brookefield,1270.0,2.0,95.0,2.0,7480.314960629921
1385,Brookefield,1706.0,3.0,115.0,3.0,6740.914419695194
1386,Brookefield,1389.0,2.0,94.0,2.0,6767.458603311735
1387,Brookefield,1750.0,2.0,75.0,3.0,4285.714285714285
1388,Brookefield,1225.0,2.0,72.0,2.0,5877.551020408163
1389,Brookefield,3675.0,4.0,176.0,4.0,4789.115646258503
1390,Brookefield,1746.0,3.0,115.0,3.0,6586.483390607102
1391,Brookefield,1518.0,3.0,80.0,3.0,5270.092226613966
1392,Brookefield,1560.0,3.0,149.0,4.0,9551.28205128205
1393,Brookefield,1589.0,3.0,74.0,3.0,4657.016991818754
1394,Brookefield,1382.0,2.0,84.5,2.0,6114.3270622286545
1395,Brookefield,1260.0,2.0,70.0,2.0,5555.555555555556
1396,Brookefield,1206.0,2.0,90.0,2.0,7462.686567164179
1397,Brookefield,3050.0,4.0,130.0,4.0,4262.295081967213
1398,Brookefield,1594.0,3.0,140.0,3.0,8782.936010037642
1399,Budigere,1153.0,2.0,56.4,2.0,4891.587163920208
1400,Budigere,1162.0,2.0,59.9,2.0,5154.9053356282275
1401,Budigere,1991.0,4.0,103.0,3.0,5173.279758915118
1402,Budigere,1153.0,2.0,57.0,2.0,4943.625325238509
1403,Budigere,1162.0,2.0,57.0,2.0,4905.335628227194
1404,Budigere,1139.0,2.0,62.0,2.0,5443.371378402107
1405,Budigere,1139.0,2.0,56.8,2.0,4986.830553116769
1406,Budigere,1139.0,2.0,56.85,2.0,4991.220368744513
1407,Budigere,1920.0,2.0,88.0,3.0,4583.333333333333
1408,Budigere,1991.0,4.0,100.0,3.0,5022.601707684581
1409,Budigere,664.0,1.0,35.0,1.0,5271.084337349397
1410,Budigere,1820.0,3.0,93.0,3.0,5109.89010989011
1411,Budigere,1636.0,3.0,85.0,3.0,5195.59902200489
1412,Budigere,1444.0,2.0,70.0,2.0,4847.645429362881
1413,Budigere,1991.0,4.0,88.0,3.0,4419.889502762431
1414,Budigere,1139.0,2.0,60.0,2.0,5267.778753292362
1415,Budigere,1820.0,3.0,85.5,3.0,4697.802197802198
1416,Budigere,1820.0,3.0,93.0,3.0,5109.89010989011
1417,Budigere,1820.0,3.0,85.4,3.0,4692.307692307692
1418,Budigere,1162.0,2.0,58.0,2.0,4991.394148020654
1419,Budigere,1636.0,3.0,85.0,3.0,5195.59902200489
1420,Budigere,1636.0,3.0,92.0,3.0,5623.471882640587
1421,Budigere,1087.0,2.0,54.3,2.0,4995.40018399264
1422,Budigere,1820.0,3.0,89.0,3.0,4890.10989010989
1423,Budigere,1149.0,2.0,65.0,2.0,5657.093124456049
1424,Budigere,664.0,1.0,35.4,1.0,5331.325301204819
1425,Budigere,1153.0,2.0,56.7,2.0,4917.606244579359
1426,Budigere,1820.0,3.0,85.0,3.0,4670.32967032967
1427,Budigere,1139.0,2.0,56.5,2.0,4960.491659350308
1428,Budigere,1636.0,3.0,83.0,3.0,5073.349633251833
1429,Budigere,664.0,1.0,34.0,1.0,5120.481927710844
1430,Budigere,1820.0,3.0,85.2,3.0,4681.318681318681
1431,Budigere,1162.0,2.0,58.0,2.0,4991.394148020654
1432,Budigere,1153.0,2.0,60.0,2.0,5203.816131830009
1433,Budigere,1820.0,3.0,99.0,3.0,5439.56043956044
1434,Budigere,1820.0,3.0,85.0,3.0,4670.32967032967
1435,Budigere,1820.0,3.0,95.0,3.0,5219.780219780219
1436,Budigere,1991.0,4.0,100.0,3.0,5022.601707684581
1437,Budigere,1820.0,3.0,95.5,3.0,5247.252747252747
1438,Budigere,1153.0,2.0,56.0,2.0,4856.895056374675
1439,Budigere,1153.0,2.0,56.5,2.0,4900.260190806592
1440,Budigere,1153.0,2.0,58.0,2.0,5030.3555941023415
1441,Budigere,1636.0,3.0,88.0,3.0,5378.973105134474
1442,Budigere,1153.0,2.0,56.55,2.0,4904.596704249783
1443,Budigere,1153.0,2.0,56.5,2.0,4900.260190806592
1444,Budigere,1153.0,2.0,60.0,2.0,5203.816131830009
1445,CV Raman Nagar,1550.0,3.0,65.0,3.0,4193.548387096775
1446,CV Raman Nagar,1120.0,2.0,55.0,2.0,4910.714285714285
1447,CV Raman Nagar,1070.0,2.0,55.0,2.0,5140.186915887851
1448,CV Raman Nagar,740.0,2.0,37.0,2.0,5000.0
1449,CV Raman Nagar,1028.0,2.0,49.0,2.0,4766.536964980544
1450,CV Raman Nagar,1392.0,2.0,98.0,2.0,7040.229885057472
1451,CV Raman Nagar,1070.0,2.0,47.5,2.0,4439.252336448598
1452,CV Raman Nagar,1825.0,3.0,126.0,3.0,6904.109589041096
1453,CV Raman Nagar,1025.0,2.0,50.0,2.0,4878.048780487805
1454,CV Raman Nagar,1525.0,2.0,67.0,3.0,4393.44262295082
1455,CV Raman Nagar,1198.0,2.0,60.0,2.0,5008.347245409015
1456,CV Raman Nagar,1560.0,2.0,85.0,2.0,5448.717948717948
1457,CV Raman Nagar,1590.0,2.0,85.0,3.0,5345.911949685535
1458,CV Raman Nagar,1100.0,2.0,58.0,2.0,5272.727272727273
1459,CV Raman Nagar,1051.0,2.0,61.0,2.0,5803.996194100856
1460,CV Raman Nagar,1435.0,2.0,60.0,3.0,4181.184668989547
1461,CV Raman Nagar,1020.0,2.0,55.0,2.0,5392.156862745098
1462,CV Raman Nagar,1285.0,2.0,65.0,2.0,5058.365758754864
1463,CV Raman Nagar,1040.0,2.0,50.0,2.0,4807.692307692308
1464,CV Raman Nagar,1392.0,2.0,95.0,2.0,6824.712643678161
1465,CV Raman Nagar,705.0,2.0,50.0,1.0,7092.198581560284
1466,CV Raman Nagar,1125.0,2.0,46.0,2.0,4088.8888888888887
1467,CV Raman Nagar,1400.0,2.0,78.0,3.0,5571.428571428572
1468,CV Raman Nagar,1400.0,2.0,78.0,3.0,5571.428571428572
1469,CV Raman Nagar,907.0,2.0,38.0,2.0,4189.636163175303
1470,CV Raman Nagar,1480.0,3.0,65.0,3.0,4391.891891891892
1471,CV Raman Nagar,1310.0,2.0,62.0,2.0,4732.824427480916
1472,Chamrajpet,1475.0,2.0,120.0,3.0,8135.593220338983
1473,Chamrajpet,1900.0,2.0,170.0,4.0,8947.368421052632
1474,Chamrajpet,1350.0,2.0,180.0,2.0,13333.333333333334
1475,Chamrajpet,1050.0,2.0,162.0,2.0,15428.57142857143
1476,Chamrajpet,1660.4,4.0,211.0,4.0,12707.781257528306
1477,Chamrajpet,505.0,1.0,85.0,1.0,16831.68316831683
1478,Chamrajpet,1565.0,3.0,98.91,3.0,6320.127795527156
1479,Chamrajpet,730.0,1.0,52.0,2.0,7123.287671232877
1480,Chamrajpet,650.0,1.0,40.0,2.0,6153.846153846154
1481,Chamrajpet,650.0,2.0,45.0,2.0,6923.076923076923
1482,Chamrajpet,1650.0,3.0,115.0,3.0,6969.69696969697
1483,Chandapura,650.0,1.0,17.0,2.0,2615.3846153846152
1484,Chandapura,645.0,1.0,16.45,1.0,2550.3875968992247
1485,Chandapura,645.0,1.0,16.45,1.0,2550.3875968992247
1486,Chandapura,800.0,1.0,20.0,2.0,2500.0
1487,Chandapura,1015.0,2.0,25.88,2.0,2549.753694581281
1488,Chandapura,530.0,1.0,11.66,1.0,2200.0
1489,Chandapura,1208.0,3.0,45.0,3.0,3725.1655629139073
1490,Chandapura,1190.0,2.0,30.35,3.0,2550.4201680672268
1491,Chandapura,1200.0,2.0,32.0,2.0,2666.6666666666665
1492,Chandapura,1025.0,2.0,27.68,2.0,2700.487804878049
1493,Chandapura,1015.0,2.0,25.88,2.0,2549.753694581281
1494,Chandapura,1305.0,3.0,33.28,3.0,2550.191570881226
1495,Chandapura,1065.0,2.0,33.0,3.0,3098.5915492957747
1496,Chandapura,850.0,1.0,18.5,2.0,2176.470588235294
1497,Chandapura,1201.0,2.0,27.0,2.0,2248.1265611990007
1498,Chandapura,850.0,2.0,25.4,2.0,2988.235294117647
1499,Chandapura,590.0,1.0,13.57,1.0,2300.0
1500,Chandapura,645.0,1.0,16.45,1.0,2550.3875968992247
1501,Chandapura,630.0,1.0,13.86,1.0,2200.0
1502,Chandapura,1185.0,2.0,30.22,3.0,2550.2109704641352
1503,Chandapura,1015.0,2.0,25.88,2.0,2549.753694581281
1504,Chandapura,1107.0,2.0,43.0,3.0,3884.3721770551037
1505,Chandapura,520.0,1.0,14.04,1.0,2700.0
1506,Chandapura,1200.0,1.0,36.0,2.0,3000.0
1507,Chandapura,975.0,2.0,24.86,2.0,2549.74358974359
1508,Chandapura,645.0,1.0,16.45,1.0,2550.3875968992247
1509,Chandapura,985.0,2.0,25.12,2.0,2550.253807106599
1510,Chandapura,645.0,1.0,16.45,1.0,2550.3875968992247
1511,Chandapura,975.0,2.0,24.86,2.0,2549.74358974359
1512,Chandapura,700.0,1.0,19.0,2.0,2714.285714285714
1513,Chandapura,1190.0,2.0,30.35,3.0,2550.4201680672268
1514,Chandapura,1095.0,2.0,32.0,3.0,2922.3744292237443
1515,Chandapura,1208.51,3.0,42.0,3.0,3475.3539482503247
1516,Chandapura,876.0,2.0,29.5,2.0,3367.5799086757993
1517,Chandapura,645.0,1.0,16.45,1.0,2550.3875968992247
1518,Chandapura,1505.0,2.0,42.0,3.0,2790.6976744186045
1519,Chandapura,645.0,1.0,16.45,1.0,2550.3875968992247
1520,Chandapura,937.0,2.0,30.0,2.0,3201.7075773745996
1521,Chandapura,1025.0,2.0,27.68,2.0,2700.487804878049
1522,Chandapura,975.0,2.0,24.86,2.0,2549.74358974359
1523,Chandapura,800.0,2.0,25.0,2.0,3125.0
1524,Chandapura,645.0,1.0,16.45,1.0,2550.3875968992247
1525,Chandapura,1230.0,2.0,31.37,3.0,2550.4065040650407
1526,Chandapura,950.0,2.0,25.65,2.0,2700.0
1527,Chandapura,1200.0,2.0,36.0,2.0,3000.0
1528,Chandapura,645.0,1.0,16.45,1.0,2550.3875968992247
1529,Chandapura,922.0,2.0,36.0,2.0,3904.5553145336225
1530,Chandapura,1110.0,2.0,29.97,3.0,2700.0
1531,Chandapura,674.0,1.0,19.9,2.0,2952.522255192878
1532,Chandapura,1225.0,3.0,33.08,3.0,2700.408163265306
1533,Chandapura,1305.0,3.0,33.28,3.0,2550.191570881226
1534,Chandapura,1230.0,2.0,31.37,3.0,2550.4065040650407
1535,Chandapura,1110.0,2.0,29.97,3.0,2700.0
1536,Chandapura,985.0,2.0,25.12,2.0,2550.253807106599
1537,Chandapura,750.0,1.0,18.5,2.0,2466.6666666666665
1538,Chandapura,1025.0,2.0,27.68,2.0,2700.487804878049
1539,Chandapura,1190.0,2.0,30.35,3.0,2550.4201680672268
1540,Chandapura,1015.0,2.0,25.88,2.0,2549.753694581281
1541,Chandapura,1345.0,2.0,39.5,3.0,2936.8029739776953
1542,Chandapura,1033.0,2.0,30.47,3.0,2949.6611810261375
1543,Chandapura,971.0,2.0,38.0,3.0,3913.491246138002
1544,Chandapura,1015.0,2.0,25.88,2.0,2549.753694581281
1545,Chandapura,800.0,1.0,30.0,2.0,3750.0
1546,Chandapura,1185.0,2.0,30.22,3.0,2550.2109704641352
1547,Chandapura,900.0,2.0,35.0,2.0,3888.8888888888887
1548,Chandapura,975.0,2.0,24.86,2.0,2549.74358974359
1549,Chandapura,520.0,1.0,14.04,1.0,2700.0
1550,Chandapura,1230.0,2.0,31.37,3.0,2550.4065040650407
1551,Chandapura,1305.0,3.0,33.28,3.0,2550.191570881226
1552,Chandapura,1323.0,2.0,42.0,3.0,3174.6031746031745
1553,Chandapura,410.0,1.0,10.0,1.0,2439.0243902439024
1554,Chandapura,985.0,2.0,25.12,2.0,2550.253807106599
1555,Chandapura,645.0,1.0,16.45,1.0,2550.3875968992247
1556,Chandapura,645.0,1.0,16.45,1.0,2550.3875968992247
1557,Chandapura,1200.0,2.0,36.0,2.0,3000.0
1558,Chandapura,740.0,1.0,22.0,2.0,2972.972972972973
1559,Chandapura,876.0,2.0,28.47,2.0,3250.0
1560,Chandapura,1095.0,2.0,28.0,3.0,2557.077625570776
1561,Chandapura,520.0,1.0,14.04,1.0,2700.0
1562,Channasandra,1340.0,2.0,48.33,3.0,3606.716417910448
1563,Channasandra,1009.0,2.0,38.34,2.0,3799.8017839445
1564,Channasandra,1065.0,2.0,35.0,2.0,3286.3849765258215
1565,Channasandra,1470.0,2.0,90.0,3.0,6122.448979591837
1566,Channasandra,1115.0,2.0,33.45,2.0,3000.0000000000005
1567,Channasandra,1030.0,2.0,34.5,2.0,3349.5145631067962
1568,Channasandra,4200.0,6.0,180.0,6.0,4285.714285714285
1569,Channasandra,1115.0,2.0,40.0,2.0,3587.4439461883408
1570,Channasandra,1200.0,3.0,67.77,3.0,5647.5
1571,Channasandra,1104.0,2.0,35.5,2.0,3215.5797101449275
1572,Channasandra,1160.0,2.0,55.0,2.0,4741.379310344828
1573,Channasandra,1050.0,2.0,41.0,2.0,3904.7619047619046
1574,Channasandra,1065.0,2.0,40.47,2.0,3800.0
1575,Channasandra,1310.0,2.0,45.0,3.0,3435.114503816794
1576,Channasandra,1070.0,2.0,38.0,2.0,3551.4018691588785
1577,Channasandra,1050.0,2.0,35.0,2.0,3333.3333333333335
1578,Channasandra,1093.0,2.0,34.0,2.0,3110.704483074108
1579,Channasandra,808.0,2.0,40.0,2.0,4950.495049504951
1580,Channasandra,1010.0,2.0,36.0,2.0,3564.3564356435645
1581,Channasandra,1123.0,2.0,36.0,2.0,3205.699020480855
1582,Channasandra,1000.0,2.0,35.0,2.0,3500.0
1583,Channasandra,1500.0,4.0,89.45,4.0,5963.333333333333
1584,Channasandra,1330.0,2.0,51.83,3.0,3896.9924812030076
1585,Channasandra,1093.0,2.0,37.0,2.0,3385.1784080512352
1586,Channasandra,1115.0,2.0,35.8,2.0,3210.7623318385645
1587,Channasandra,1500.0,3.0,61.95,3.0,4130.0
1588,Channasandra,1800.0,3.0,60.0,3.0,3333.3333333333335
1589,Channasandra,830.0,2.0,36.28,2.0,4371.084337349397
1590,Channasandra,1200.0,3.0,67.77,3.0,5647.5
1591,Channasandra,1195.0,2.0,56.0,3.0,4686.192468619247
1592,Channasandra,1175.0,2.0,38.0,2.0,3234.0425531914893
1593,Channasandra,1200.0,2.0,46.13,2.0,3844.1666666666665
1594,Channasandra,1065.0,2.0,36.0,2.0,3380.281690140845
1595,Channasandra,1050.0,2.0,44.41,2.0,4229.523809523809
1596,Channasandra,1010.0,2.0,32.0,2.0,3168.3168316831684
1597,Chikka Tirupathi,2600.0,5.0,120.0,4.0,4615.384615384615
1598,Chikka Tirupathi,2325.0,4.0,120.0,4.0,5161.290322580645
1599,Chikka Tirupathi,1808.0,4.0,80.27,3.0,4439.712389380531
1600,Chikka Tirupathi,3297.0,3.0,135.0,3.0,4094.631483166515
1601,Chikka Tirupathi,3500.0,5.0,150.0,4.0,4285.714285714285
1602,Chikka Tirupathi,2646.0,3.0,99.0,3.0,3741.496598639456
1603,Chikka Tirupathi,2704.0,5.0,105.0,4.0,3883.1360946745563
1604,Chikka Tirupathi,2325.0,3.0,95.0,3.0,4086.021505376344
1605,Chikka Tirupathi,2325.0,4.0,120.0,4.0,5161.290322580645
1606,Chikka Tirupathi,3250.0,4.0,136.0,4.0,4184.615384615385
1607,Chikka Tirupathi,2665.0,5.0,125.0,4.0,4690.431519699812
1608,Chikkabanavar,950.0,2.0,40.0,2.0,4210.526315789473
1609,Chikkabanavar,1600.0,2.0,80.0,3.0,5000.0
1610,Chikkabanavar,600.0,1.0,25.0,2.0,4166.666666666667
1611,Chikkabanavar,2460.0,7.0,80.0,4.0,3252.032520325203
1612,Chikkabanavar,2400.0,4.0,97.0,5.0,4041.6666666666665
1613,Chikkabanavar,2000.0,4.0,65.0,5.0,3250.0
1614,Chikkabanavar,1067.0,2.0,38.0,2.0,3561.3870665417057
1615,Chikkabanavar,1320.0,2.0,46.0,3.0,3484.848484848485
1616,Chikkabanavar,4000.0,7.0,110.0,8.0,2750.0
1617,Chikkalasandra,1290.0,2.0,56.12,3.0,4350.387596899225
1618,Chikkalasandra,1100.0,2.0,50.0,2.0,4545.454545454545
1619,Chikkalasandra,1208.0,2.0,49.0,2.0,4056.291390728477
1620,Chikkalasandra,875.0,2.0,52.8,2.0,6034.285714285715
1621,Chikkalasandra,1375.0,2.0,50.0,3.0,3636.3636363636365
1622,Chikkalasandra,1800.0,1.0,128.0,2.0,7111.111111111111
1623,Chikkalasandra,1070.0,2.0,50.0,2.0,4672.897196261682
1624,Chikkalasandra,1230.0,2.0,48.0,2.0,3902.439024390244
1625,Chikkalasandra,1428.0,2.0,80.0,3.0,5602.240896358543
1626,Chikkalasandra,1070.0,2.0,42.8,2.0,4000.0
1627,Chikkalasandra,1310.0,2.0,52.4,3.0,4000.0
1628,Chikkalasandra,1270.0,2.0,55.25,3.0,4350.393700787402
1629,Chikkalasandra,1365.0,2.0,49.0,3.0,3589.74358974359
1630,Chikkalasandra,1075.0,2.0,46.76,2.0,4349.767441860465
1631,Chikkalasandra,1230.0,2.0,53.51,3.0,4350.40650406504
1632,Chikkalasandra,1290.0,2.0,56.12,3.0,4350.387596899225
1633,Chikkalasandra,1070.0,2.0,45.48,2.0,4250.467289719626
1634,Chikkalasandra,1100.0,2.0,50.0,2.0,4545.454545454545
1635,Chikkalasandra,1390.0,2.0,60.47,3.0,4350.359712230216
1636,Chikkalasandra,1265.0,2.0,53.12,3.0,4199.209486166008
1637,Chikkalasandra,1224.0,2.0,45.0,2.0,3676.470588235294
1638,Chikkalasandra,1090.0,2.0,47.42,2.0,4350.45871559633
1639,Chikkalasandra,1355.0,3.0,54.2,3.0,4000.0
1640,Chikkalasandra,1350.0,2.0,54.2,3.0,4014.814814814815
1641,Chikkalasandra,1325.0,2.0,59.0,2.0,4452.830188679245
1642,Chikkalasandra,1290.0,2.0,72.0,2.0,5581.395348837209
1643,Chikkalasandra,1275.0,2.0,55.46,3.0,4349.803921568628
1644,Chikkalasandra,1425.0,1.0,54.0,3.0,3789.4736842105262
1645,Choodasandra,1115.0,2.0,50.0,2.0,4484.304932735426
1646,Choodasandra,1300.0,2.0,57.0,2.0,4384.615384615385
1647,Choodasandra,1530.0,3.0,77.0,3.0,5032.679738562091
1648,Choodasandra,1220.0,3.0,56.0,3.0,4590.163934426229
1649,Choodasandra,1220.0,3.0,56.0,3.0,4590.163934426229
1650,Choodasandra,1197.0,2.0,63.0,2.0,5263.1578947368425
1651,Choodasandra,1465.0,3.0,75.0,3.0,5119.453924914676
1652,Choodasandra,1115.0,2.0,50.0,2.0,4484.304932735426
1653,Choodasandra,1215.0,2.0,59.0,2.0,4855.9670781893
1654,Choodasandra,1254.0,2.0,65.0,3.0,5183.413078149921
1655,Choodasandra,1580.0,3.0,105.0,3.0,6645.569620253164
1656,Choodasandra,725.0,2.0,36.0,2.0,4965.517241379311
1657,Choodasandra,2429.0,3.0,210.0,4.0,8645.533141210375
1658,Choodasandra,1220.0,3.0,56.0,3.0,4590.163934426229
1659,Choodasandra,1075.0,2.0,45.0,2.0,4186.046511627907
1660,Choodasandra,1180.0,2.0,71.22,2.0,6035.593220338983
1661,Choodasandra,1140.0,2.0,62.0,2.0,5438.596491228071
1662,Choodasandra,1220.0,3.0,56.0,3.0,4590.163934426229
1663,Choodasandra,1560.0,3.0,78.0,3.0,5000.0
1664,Choodasandra,1065.0,2.0,46.0,2.0,4319.24882629108
1665,Choodasandra,1115.0,2.0,50.0,2.0,4484.304932735426
1666,Choodasandra,1220.0,3.0,56.0,3.0,4590.163934426229
1667,Choodasandra,1115.0,2.0,50.0,2.0,4484.304932735426
1668,Cooke Town,3950.0,4.0,450.0,4.0,11392.405063291139
1669,Cooke Town,2388.0,4.0,239.0,3.0,10008.375209380234
1670,Cooke Town,1710.0,2.0,200.0,2.0,11695.906432748538
1671,Cooke Town,1310.0,2.0,111.0,2.0,8473.282442748092
1672,Cooke Town,3900.0,5.0,415.0,4.0,10641.02564102564
1673,Cooke Town,2560.0,4.0,310.0,3.0,12109.375
1674,Cooke Town,2600.0,3.0,375.0,3.0,14423.076923076924
1675,Cooke Town,1100.0,2.0,90.0,2.0,8181.818181818182
1676,Cooke Town,2300.0,3.0,250.0,3.0,10869.565217391304
1677,Cox Town,1975.0,3.0,150.0,3.0,7594.93670886076
1678,Cox Town,1650.0,3.0,100.0,3.0,6060.606060606061
1679,Cox Town,1730.0,3.0,140.0,3.0,8092.485549132948
1680,Cox Town,1600.0,3.0,150.0,3.0,9375.0
1681,Cox Town,1250.0,2.0,95.0,2.0,7600.0
1682,Cox Town,1280.0,2.0,120.0,2.0,9375.0
1683,Cox Town,1073.0,2.0,72.0,2.0,6710.158434296365
1684,Cox Town,1000.0,2.0,58.0,2.0,5800.0
1685,Cox Town,1200.0,2.0,140.0,2.0,11666.666666666666
1686,Cunningham Road,5270.0,4.0,1250.0,4.0,23719.165085388995
1687,Cunningham Road,3875.0,3.0,864.0,3.0,22296.774193548386
1688,Cunningham Road,3875.0,3.0,800.0,3.0,20645.16129032258
1689,Cunningham Road,3815.0,3.0,763.0,3.0,20000.0
1690,Cunningham Road,2880.0,3.0,501.0,3.0,17395.833333333332
1691,Cunningham Road,3489.0,3.0,662.0,3.0,18973.91802808828
1692,Cunningham Road,4170.0,3.0,800.0,3.0,19184.65227817746
1693,Cunningham Road,5108.0,5.0,995.0,4.0,19479.24823805795
1694,Cunningham Road,2700.0,3.0,501.0,3.0,18555.555555555555
1695,Cunningham Road,7500.0,6.0,1800.0,4.0,24000.0
1696,Cunningham Road,2880.0,3.0,560.0,3.0,19444.444444444445
1697,Dasanapura,708.0,2.0,37.0,2.0,5225.988700564972
1698,Dasanapura,708.0,1.0,40.0,2.0,5649.717514124294
1699,Dasanapura,965.0,2.0,42.5,2.0,4404.145077720207
1700,Dasanapura,1286.0,3.0,61.44,3.0,4777.604976671851
1701,Dasanapura,814.0,2.0,42.0,2.0,5159.7051597051595
1702,Dasanapura,1163.0,2.0,65.0,2.0,5588.993981083405
1703,Dasanapura,1286.0,2.0,68.0,3.0,5287.713841368584
1704,Dasanapura,708.0,2.0,31.15,2.0,4399.717514124294
1705,Dasanapura,708.0,1.0,41.0,1.0,5790.960451977401
1706,Dasanapura,814.0,2.0,43.7,2.0,5368.550368550368
1707,Dasarahalli,1295.0,2.0,65.0,2.0,5019.305019305019
1708,Dasarahalli,1520.0,2.0,75.0,3.0,4934.210526315789
1709,Dasarahalli,1150.0,2.0,70.0,2.0,6086.95652173913
1710,Dasarahalli,2100.0,3.0,120.0,3.0,5714.285714285715
1711,Dasarahalli,1220.0,2.0,52.0,2.0,4262.295081967213
1712,Dasarahalli,1375.0,2.0,60.0,2.0,4363.636363636364
1713,Dasarahalli,1333.0,2.0,78.56,2.0,5893.473368342085
1714,Dasarahalli,1220.0,2.0,62.0,2.0,5081.9672131147545
1715,Devanahalli,1260.0,2.0,66.78,2.0,5300.0
1716,Devanahalli,1282.0,2.0,68.52,3.0,5344.773790951638
1717,Devanahalli,1360.0,2.0,65.0,2.0,4779.411764705882
1718,Devanahalli,1408.0,2.0,85.0,2.0,6036.931818181818
1719,Devanahalli,1010.0,2.0,51.0,2.0,5049.504950495049
1720,Devanahalli,1080.0,2.0,53.35,2.0,4939.814814814815
1721,Devanahalli,2400.0,5.0,100.0,5.0,4166.666666666667
1722,Devanahalli,1080.0,2.0,44.0,2.0,4074.074074074074
1723,Devanahalli,1282.0,2.0,52.43,3.0,4089.703588143526
1724,Devanahalli,1174.0,2.0,59.0,2.0,5025.553662691653
1725,Devanahalli,658.0,1.0,34.0,1.0,5167.173252279636
1726,Devanahalli,658.0,1.0,26.91,1.0,4089.665653495441
1727,Devanahalli,1080.0,2.0,52.0,2.0,4814.814814814815
1728,Devanahalli,1498.0,3.0,79.15,3.0,5283.711615487317
1729,Devanahalli,1466.0,3.0,77.59,3.0,5292.633015006822
1730,Devanahalli,775.0,1.0,39.0,1.0,5032.258064516129
1731,Devanahalli,1020.0,2.0,49.87,1.0,4889.21568627451
1732,Devanahalli,1045.0,2.0,48.0,2.0,4593.301435406698
1733,Devanahalli,1550.0,3.0,85.0,3.0,5483.870967741936
1734,Devanahalli,1200.0,2.0,55.08,3.0,4590.0
1735,Devanahalli,1340.0,2.0,65.0,2.0,4850.746268656716
1736,Devanahalli,2125.0,3.0,107.0,3.0,5035.294117647059
1737,Devanahalli,1230.0,2.0,56.45,2.0,4589.430894308943
1738,Devanahalli,658.0,1.0,26.91,1.0,4089.665653495441
1739,Devanahalli,1290.0,2.0,62.0,3.0,4806.201550387597
1740,Devanahalli,1010.0,2.0,58.0,2.0,5742.574257425743
1741,Devanahalli,1466.0,3.0,59.96,3.0,4090.0409276944065
1742,Devanahalli,1520.0,2.0,69.76,3.0,4589.473684210527
1743,Devarachikkanahalli,1250.0,2.0,44.0,3.0,3520.0
1744,Devarachikkanahalli,1250.0,2.0,40.0,2.0,3200.0
1745,Devarachikkanahalli,1200.0,2.0,83.0,2.0,6916.666666666667
1746,Devarachikkanahalli,1170.0,2.0,40.0,2.0,3418.803418803419
1747,Devarachikkanahalli,615.0,1.0,24.0,1.0,3902.439024390244
1748,Devarachikkanahalli,1230.0,2.0,58.0,2.0,4715.447154471544
1749,Devarachikkanahalli,1425.0,2.0,65.0,3.0,4561.403508771929
1750,Devarachikkanahalli,947.0,2.0,43.0,2.0,4540.654699049631
1751,Devarachikkanahalli,1130.0,2.0,36.0,2.0,3185.8407079646017
1752,Devarachikkanahalli,1417.0,2.0,76.0,3.0,5363.443895553987
1753,Devarachikkanahalli,1230.0,2.0,58.0,2.0,4715.447154471544
1754,Devarachikkanahalli,1705.0,3.0,75.0,3.0,4398.826979472141
1755,Devarachikkanahalli,1116.0,2.0,47.0,2.0,4211.469534050179
1756,Devarachikkanahalli,991.0,2.0,40.0,2.0,4036.326942482341
1757,Devarachikkanahalli,1700.0,3.0,71.0,3.0,4176.470588235294
1758,Dodda Nekkundi,1260.0,2.0,55.0,2.0,4365.079365079365
1759,Dodda Nekkundi,850.0,2.0,28.0,2.0,3294.1176470588234
1760,Dodda Nekkundi,1390.0,2.0,60.0,2.0,4316.546762589928
1761,Dodda Nekkundi,1804.0,3.0,121.0,3.0,6707.317073170731
1762,Dodda Nekkundi,1080.0,2.0,50.0,2.0,4629.62962962963
1763,Dodda Nekkundi,1999.0,3.0,132.0,3.0,6603.301650825412
1764,Dodda Nekkundi,1100.0,2.0,48.0,2.0,4363.636363636364
1765,Dodda Nekkundi,1999.0,3.0,135.0,3.0,6753.376688344172
1766,Dodda Nekkundi,1100.0,2.0,41.15,2.0,3740.909090909091
1767,Dodda Nekkundi,1252.0,2.0,71.0,3.0,5670.926517571885
1768,Dodda Nekkundi,1155.0,2.0,46.0,2.0,3982.683982683983
1769,Dodda Nekkundi,1128.0,2.0,45.0,2.0,3989.3617021276596
1770,Dodda Nekkundi,1148.0,2.0,56.0,2.0,4878.048780487805
1771,Dodda Nekkundi,1435.0,3.0,57.2,3.0,3986.062717770035
1772,Dodda Nekkundi,1145.0,2.0,46.5,2.0,4061.1353711790393
1773,Dodda Nekkundi,1829.0,3.0,125.0,3.0,6834.3357025697105
1774,Dodda Nekkundi,1100.0,2.0,41.16,2.0,3741.8181818181815
1775,Dodda Nekkundi,1100.0,2.0,46.75,2.0,4250.0
1776,Dodda Nekkundi,1315.0,2.0,50.0,2.0,3802.2813688212927
1777,Dodda Nekkundi,1135.0,2.0,58.0,2.0,5110.132158590309
1778,Dodda Nekkundi,1100.0,2.0,41.18,2.0,3743.6363636363635
1779,Dodda Nekkundi,1370.0,2.0,60.0,2.0,4379.56204379562
1780,Dodda Nekkundi,1200.0,2.0,71.0,2.0,5916.666666666667
1781,Dodda Nekkundi,1585.0,2.0,79.0,3.0,4984.22712933754
1782,Dodda Nekkundi,1005.0,2.0,45.0,2.0,4477.611940298508
1783,Dodda Nekkundi,1264.0,2.0,52.0,2.0,4113.9240506329115
1784,Doddaballapur,1690.0,3.0,80.0,4.0,4733.7278106508875
1785,Doddaballapur,4200.0,4.0,325.0,4.0,7738.0952380952385
1786,Doddaballapur,3876.0,3.0,300.0,3.0,7739.938080495356
1787,Doddaballapur,2776.0,4.0,195.0,3.0,7024.495677233429
1788,Doddaballapur,2440.0,3.0,142.0,3.0,5819.672131147541
1789,Doddaballapur,2400.0,3.0,200.0,4.0,8333.333333333334
1790,Doddaballapur,654.0,1.0,49.0,1.0,7492.354740061162
1791,Doddaballapur,3206.0,5.0,270.0,4.0,8421.70929507174
1792,Doddakallasandra,1010.0,2.0,40.39,2.0,3999.009900990099
1793,Doddakallasandra,1360.0,2.0,54.39,3.0,3999.264705882353
1794,Doddakallasandra,1460.0,2.0,58.39,3.0,3999.3150684931506
1795,Doddakallasandra,1360.0,2.0,54.4,3.0,4000.0
1796,Doddakallasandra,1425.0,2.0,56.99,3.0,3999.2982456140353
1797,Doddakallasandra,1010.0,2.0,40.39,2.0,3999.009900990099
1798,Doddakallasandra,1072.0,2.0,42.87,2.0,3999.0671641791046
1799,Doddakallasandra,1010.0,2.0,40.4,2.0,4000.0
1800,Doddakallasandra,1010.0,2.0,41.0,2.0,4059.4059405940593
1801,Doddakallasandra,1072.0,2.0,42.87,2.0,3999.0671641791046
1802,Doddathoguru,970.0,2.0,33.0,2.0,3402.061855670103
1803,Doddathoguru,1050.0,2.0,32.0,2.0,3047.6190476190477
1804,Doddathoguru,850.0,2.0,25.0,2.0,2941.176470588235
1805,Doddathoguru,1030.0,2.0,42.0,2.0,4077.669902912621
1806,Doddathoguru,1549.0,3.0,65.0,3.0,4196.255648805681
1807,Doddathoguru,1875.0,3.0,55.0,3.0,2933.3333333333335
1808,Doddathoguru,550.0,1.0,17.0,1.0,3090.909090909091
1809,Doddathoguru,1015.0,2.0,33.5,2.0,3300.4926108374384
1810,Doddathoguru,1104.0,2.0,39.0,2.0,3532.608695652174
1811,Doddathoguru,915.0,2.0,32.0,2.0,3497.2677595628415
1812,Doddathoguru,750.0,1.0,25.5,1.0,3400.0
1813,Doddathoguru,1595.0,3.0,62.0,3.0,3887.1473354231975
1814,Doddathoguru,855.0,2.0,32.0,2.0,3742.690058479532
1815,Doddathoguru,1105.0,2.0,50.0,2.0,4524.886877828054
1816,Doddathoguru,925.0,2.0,30.0,2.0,3243.2432432432433
1817,Doddathoguru,1300.0,2.0,42.0,3.0,3230.769230769231
1818,Doddathoguru,1208.0,3.0,45.0,3.0,3725.1655629139073
1819,Doddathoguru,1100.0,2.0,50.0,2.0,4545.454545454545
1820,Doddathoguru,940.0,2.0,32.9,2.0,3500.0
1821,Doddathoguru,1382.0,3.0,65.0,3.0,4703.328509406657
1822,Doddathoguru,1107.0,2.0,44.0,2.0,3974.706413730804
1823,Doddathoguru,907.0,2.0,40.0,2.0,4410.143329658214
1824,Doddathoguru,1783.0,3.0,85.0,3.0,4767.246214245653
1825,Doddathoguru,550.0,1.0,17.0,1.0,3090.909090909091
1826,Domlur,1540.0,3.0,90.0,3.0,5844.1558441558445
1827,Domlur,1875.0,2.0,150.0,3.0,8000.0
1828,Domlur,1429.0,3.0,86.0,3.0,6018.194541637508
1829,Domlur,640.0,1.0,55.0,1.0,8593.75
1830,Domlur,1050.0,2.0,85.0,2.0,8095.238095238095
1831,Domlur,1800.0,3.0,150.0,3.0,8333.333333333334
1832,Domlur,1720.0,3.0,135.0,3.0,7848.837209302325
1833,Domlur,1950.0,3.0,165.0,3.0,8461.538461538461
1834,Domlur,2180.0,3.0,285.0,3.0,13073.394495412844
1835,Domlur,650.0,1.0,70.0,1.0,10769.23076923077
1836,Domlur,780.0,1.0,70.0,1.0,8974.358974358975
1837,Domlur,2180.0,3.0,285.0,3.0,13073.394495412844
1838,Domlur,1740.0,3.0,120.0,3.0,6896.551724137931
1839,Domlur,1695.0,3.0,125.0,3.0,7374.6312684365785
1840,Domlur,1246.0,2.0,95.0,2.0,7624.398073836276
1841,Domlur,2100.0,3.0,145.0,3.0,6904.761904761905
1842,Domlur,1276.0,2.0,80.0,2.0,6269.592476489028
1843,Domlur,1850.0,3.0,180.0,3.0,9729.72972972973
1844,Domlur,2955.0,3.0,235.0,3.0,7952.622673434857
1845,Domlur,1650.0,3.0,180.0,3.0,10909.09090909091
1846,Dommasandra,805.0,2.0,22.14,2.0,2750.3105590062114
1847,Dommasandra,1033.0,2.0,25.53,3.0,2471.4424007744433
1848,Dommasandra,1267.0,3.0,56.0,3.0,4419.889502762431
1849,Dommasandra,1200.0,2.0,50.0,2.0,4166.666666666667
1850,Dommasandra,2700.0,3.0,68.0,4.0,2518.5185185185187
1851,Dommasandra,1033.0,2.0,31.5,3.0,3049.3707647628266
1852,Dommasandra,1153.0,2.0,43.5,2.0,3772.7666955767563
1853,Dommasandra,1500.0,2.0,40.0,2.0,2666.6666666666665
1854,Dommasandra,1090.0,2.0,43.5,2.0,3990.8256880733943
1855,Dommasandra,850.0,2.0,25.4,2.0,2988.235294117647
1856,Dommasandra,674.0,1.0,19.9,2.0,2952.522255192878
1857,Dommasandra,999.0,2.0,32.9,2.0,3293.293293293293
1858,EPIP Zone,1499.0,5.0,102.0,3.0,6804.536357571715
1859,EPIP Zone,1285.0,2.0,82.0,2.0,6381.322957198444
1860,EPIP Zone,2330.0,3.0,162.0,3.0,6952.789699570815
1861,EPIP Zone,1330.0,2.0,92.5,2.0,6954.887218045113
1862,EPIP Zone,1330.0,2.0,86.98,2.0,6539.849624060151
1863,EPIP Zone,1330.0,2.0,93.36,2.0,7019.548872180451
1864,EPIP Zone,1500.0,3.0,102.0,3.0,6800.0
1865,EPIP Zone,1280.0,2.0,69.0,2.0,5390.625
1866,EPIP Zone,1125.0,2.0,65.0,2.0,5777.777777777777
1867,EPIP Zone,1734.0,3.0,125.0,3.0,7208.76585928489
1868,EPIP Zone,3360.0,5.0,225.0,4.0,6696.428571428572
1869,EPIP Zone,1343.0,2.0,86.0,2.0,6403.574087862993
1870,EPIP Zone,2350.0,4.0,163.0,3.0,6936.170212765957
1871,EPIP Zone,1860.0,3.0,130.0,3.0,6989.247311827957
1872,EPIP Zone,2210.0,3.0,165.0,3.0,7466.06334841629
1873,EPIP Zone,2710.0,3.0,177.0,3.0,6531.365313653137
1874,EPIP Zone,3360.0,5.0,221.0,4.0,6577.380952380952
1875,Electronic City,660.0,1.0,23.1,2.0,3500.0
1876,Electronic City,1025.0,2.0,47.0,3.0,4585.365853658536
1877,Electronic City,1000.0,2.0,28.88,2.0,2888.0
1878,Electronic City,1530.0,2.0,45.9,3.0,3000.0
1879,Electronic City,1500.0,2.0,64.5,3.0,4300.0
1880,Electronic City,1060.0,2.0,60.0,2.0,5660.377358490566
1881,Electronic City,1152.0,2.0,64.5,2.0,5598.958333333333
1882,Electronic City,1350.0,2.0,56.0,3.0,4148.148148148148
1883,Electronic City,770.0,1.0,36.0,2.0,4675.324675324675
1884,Electronic City,1070.0,2.0,52.0,2.0,4859.813084112149
1885,Electronic City,1025.0,2.0,46.0,2.0,4487.804878048781
1886,Electronic City,589.0,1.0,27.0,1.0,4584.040747028863
1887,Electronic City,1100.0,2.0,42.0,2.0,3818.181818181818
1888,Electronic City,910.0,2.0,40.0,2.0,4395.604395604396
1889,Electronic City,1108.0,2.0,63.0,2.0,5685.9205776173285
1890,Electronic City,1128.0,2.0,65.0,2.0,5762.41134751773
1891,Electronic City,1800.0,3.0,95.0,3.0,5277.777777777777
1892,Electronic City,630.0,1.0,34.65,1.0,5500.0
1893,Electronic City,1128.0,2.0,63.0,2.0,5585.106382978724
1894,Electronic City,1599.0,3.0,99.0,3.0,6191.369606003753
1895,Electronic City,1125.0,2.0,32.49,2.0,2888.0
1896,Electronic City,1094.0,2.0,42.0,2.0,3839.1224862888484
1897,Electronic City,1070.0,2.0,55.0,2.0,5140.186915887851
1898,Electronic City,940.0,2.0,41.0,2.0,4361.702127659574
1899,Electronic City,1320.0,2.0,38.13,3.0,2888.636363636364
1900,Electronic City,1128.0,2.0,68.75,2.0,6094.858156028369
1901,Electronic City,1342.0,2.0,73.3,2.0,5461.997019374068
1902,Electronic City,1360.0,2.0,71.0,3.0,5220.588235294118
1903,Electronic City,880.0,2.0,29.0,2.0,3295.4545454545455
1904,Electronic City,1265.0,2.0,56.93,2.0,4500.395256916996
1905,Electronic City,1691.0,2.0,102.0,3.0,6031.933767001774
1906,Electronic City,1128.0,2.0,65.49,2.0,5805.851063829787
1907,Electronic City,1620.0,3.0,62.0,3.0,3827.1604938271603
1908,Electronic City,710.0,2.0,16.0,2.0,2253.521126760563
1909,Electronic City,1070.0,2.0,56.1,2.0,5242.990654205608
1910,Electronic City,2000.0,4.0,120.0,4.0,6000.0
1911,Electronic City,890.0,2.0,45.0,2.0,5056.179775280899
1912,Electronic City,1128.0,2.0,65.65,2.0,5820.035460992909
1913,Electronic City,865.0,2.0,42.0,2.0,4855.491329479769
1914,Electronic City,1130.0,2.0,32.64,2.0,2888.495575221239
1915,Electronic City,910.0,2.0,42.0,2.0,4615.384615384615
1916,Electronic City,975.0,2.0,37.5,2.0,3846.153846153846
1917,Electronic City,1360.0,2.0,75.0,3.0,5514.705882352941
1918,Electronic City,770.0,1.0,40.0,2.0,5194.805194805195
1919,Electronic City,1128.0,2.0,64.0,2.0,5673.758865248227
1920,Electronic City,1070.0,2.0,54.0,2.0,5046.728971962617
1921,Electronic City,1025.0,2.0,29.6,2.0,2887.8048780487807
1922,Electronic City,1571.0,3.0,89.0,3.0,5665.1814131126675
1923,Electronic City,1111.0,3.0,50.0,3.0,4500.450045004501
1924,Electronic City,870.0,2.0,39.5,2.0,4540.229885057472
1925,Electronic City,921.0,2.0,34.0,2.0,3691.6395222584147
1926,Electronic City,1374.0,2.0,72.0,3.0,5240.174672489083
1927,Electronic City,1100.0,2.0,45.0,2.0,4090.909090909091
1928,Electronic City,1128.0,2.0,65.35,2.0,5793.439716312056
1929,Electronic City,1128.0,2.0,65.0,2.0,5762.41134751773
1930,Electronic City,755.0,1.0,34.0,2.0,4503.311258278146
1931,Electronic City,1220.0,2.0,35.24,3.0,2888.5245901639346
1932,Electronic City,4000.0,5.0,150.0,4.0,3750.0
1933,Electronic City,1100.0,2.0,40.0,2.0,3636.3636363636365
1934,Electronic City,1563.0,3.0,91.84,3.0,5875.879718490083
1935,Electronic City,1652.0,3.0,70.0,3.0,4237.28813559322
1936,Electronic City,1000.0,2.0,22.0,2.0,2200.0
1937,Electronic City,1025.0,2.0,54.5,2.0,5317.073170731707
1938,Electronic City,1070.0,2.0,46.0,2.0,4299.065420560748
1939,Electronic City,1350.0,3.0,58.0,3.0,4296.2962962962965
1940,Electronic City,1000.0,2.0,25.0,2.0,2500.0
1941,Electronic City,1020.0,2.0,29.46,2.0,2888.235294117647
1942,Electronic City,1700.0,3.0,75.0,3.0,4411.764705882353
1943,Electronic City,1400.0,2.0,48.0,3.0,3428.5714285714284
1944,Electronic City,1128.0,2.0,68.0,2.0,6028.368794326241
1945,Electronic City,700.0,1.0,35.0,1.0,5000.0
1946,Electronic City,1360.0,2.0,70.5,3.0,5183.823529411765
1947,Electronic City,1150.0,2.0,38.0,2.0,3304.3478260869565
1948,Electronic City,1571.0,3.0,105.0,3.0,6683.64099299809
1949,Electronic City,1090.0,2.0,31.49,2.0,2888.9908256880735
1950,Electronic City,1089.0,2.0,45.0,2.0,4132.231404958678
1951,Electronic City,1110.0,2.0,40.0,2.0,3603.6036036036035
1952,Electronic City,1600.0,3.0,104.0,3.0,6500.0
1953,Electronic City,1130.0,2.0,32.63,2.0,2887.610619469027
1954,Electronic City,1500.0,2.0,100.0,3.0,6666.666666666667
1955,Electronic City,1440.0,2.0,55.0,3.0,3819.4444444444443
1956,Electronic City,1156.0,2.0,44.0,3.0,3806.2283737024222
1957,Electronic City,1400.0,2.0,40.44,3.0,2888.5714285714284
1958,Electronic City,1152.0,2.0,65.0,2.0,5642.361111111111
1959,Electronic City,1070.0,2.0,60.0,2.0,5607.476635514019
1960,Electronic City,1128.0,2.0,65.5,2.0,5806.737588652482
1961,Electronic City,1200.0,2.0,59.0,2.0,4916.666666666667
1962,Electronic City,1152.0,2.0,65.75,2.0,5707.465277777777
1963,Electronic City,1225.0,3.0,45.03,3.0,3675.918367346939
1964,Electronic City,1070.0,2.0,55.0,2.0,5140.186915887851
1965,Electronic City,1060.0,2.0,58.0,2.0,5471.698113207547
1966,Electronic City,1025.0,2.0,54.1,2.0,5278.048780487805
1967,Electronic City,1105.0,2.0,35.0,3.0,3167.420814479638
1968,Electronic City,660.0,1.0,18.0,2.0,2727.2727272727275
1969,Electronic City,660.0,1.0,15.0,2.0,2272.7272727272725
1970,Electronic City,1000.0,2.0,41.0,2.0,4100.0
1971,Electronic City,1500.0,2.0,78.0,3.0,5200.0
1972,Electronic City,1213.0,2.0,59.32,2.0,4890.35449299258
1973,Electronic City,1575.0,3.0,90.0,3.0,5714.285714285715
1974,Electronic City,435.0,1.0,19.5,1.0,4482.758620689655
1975,Electronic City,1449.0,3.0,100.0,3.0,6901.311249137336
1976,Electronic City,1310.0,2.0,37.83,3.0,2887.7862595419847
1977,Electronic City,1125.0,2.0,58.0,2.0,5155.555555555556
1978,Electronic City,1090.0,2.0,35.03,2.0,3213.761467889908
1979,Electronic City,1575.0,3.0,101.0,3.0,6412.6984126984125
1980,Electronic City,660.0,1.0,16.0,2.0,2424.242424242424
1981,Electronic City,550.0,1.0,12.0,1.0,2181.818181818182
1982,Electronic City,919.0,2.0,40.0,2.0,4352.557127312296
1983,Electronic City,1500.0,2.0,78.25,3.0,5216.666666666667
1984,Electronic City,1363.0,2.0,79.0,2.0,5796.038151137197
1985,Electronic City,1156.0,2.0,42.0,2.0,3633.2179930795846
1986,Electronic City,1020.0,2.0,29.46,2.0,2888.235294117647
1987,Electronic City,1108.0,2.0,67.15,2.0,6060.469314079423
1988,Electronic City,1160.0,2.0,33.5,2.0,2887.9310344827586
1989,Electronic City,1128.0,2.0,65.7,2.0,5824.468085106383
1990,Electronic City,1170.0,2.0,33.0,2.0,2820.5128205128203
1991,Electronic City,1060.0,2.0,51.0,2.0,4811.320754716981
1992,Electronic City,1410.0,2.0,38.0,3.0,2695.0354609929077
1993,Electronic City,1650.0,3.0,100.0,3.0,6060.606060606061
1994,Electronic City,1020.0,2.0,29.45,2.0,2887.2549019607845
1995,Electronic City,1025.0,2.0,49.0,2.0,4780.487804878048
1996,Electronic City,1000.0,2.0,29.7,2.0,2970.0
1997,Electronic City,1449.0,3.0,90.0,3.0,6211.180124223602
1998,Electronic City,1065.0,2.0,30.75,2.0,2887.323943661972
1999,Electronic City,1070.0,2.0,58.0,2.0,5420.560747663551
2000,Electronic City,1210.0,2.0,54.0,2.0,4462.809917355372
2001,Electronic City,1500.0,2.0,75.0,3.0,5000.0
2002,Electronic City,1033.0,2.0,28.41,3.0,2750.242013552759
2003,Electronic City,1070.0,2.0,52.0,2.0,4859.813084112149
2004,Electronic City,2435.0,4.0,119.0,4.0,4887.063655030801
2005,Electronic City,660.0,1.0,15.5,2.0,2348.4848484848485
2006,Electronic City,1125.0,2.0,32.5,2.0,2888.8888888888887
2007,Electronic City,1165.0,2.0,33.64,2.0,2887.5536480686696
2008,Electronic City,919.0,2.0,34.0,2.0,3699.6735582154515
2009,Electronic City,1073.0,2.0,60.0,2.0,5591.798695246971
2010,Electronic City,1500.0,2.0,78.0,3.0,5200.0
2011,Electronic City,1070.0,2.0,47.0,2.0,4392.523364485981
2012,Electronic City,1296.0,2.0,65.0,2.0,5015.432098765432
2013,Electronic City,1140.0,2.0,70.93,2.0,6221.9298245614045
2014,Electronic City,1200.0,2.0,34.65,2.0,2887.5
2015,Electronic City,1096.0,2.0,40.55,2.0,3699.8175182481746
2016,Electronic City,1017.0,2.0,27.0,2.0,2654.8672566371683
2017,Electronic City,1130.0,2.0,32.63,2.0,2887.610619469027
2018,Electronic City,1110.0,2.0,39.95,2.0,3599.0990990990995
2019,Electronic City,2093.0,4.0,104.0,4.0,4968.944099378882
2020,Electronic City,1025.0,2.0,53.9,2.0,5258.536585365854
2021,Electronic City,940.0,2.0,54.0,2.0,5744.68085106383
2022,Electronic City,435.0,1.0,21.0,1.0,4827.586206896552
2023,Electronic City,1500.0,2.0,77.5,3.0,5166.666666666667
2024,Electronic City,1631.0,3.0,80.0,3.0,4904.9662783568365
2025,Electronic City,1355.0,2.0,67.0,2.0,4944.649446494465
2026,Electronic City,1200.0,2.0,34.0,2.0,2833.3333333333335
2027,Electronic City,1175.0,2.0,47.0,2.0,4000.0
2028,Electronic City,435.0,1.0,22.0,1.0,5057.471264367816
2029,Electronic City,1500.0,2.0,63.0,3.0,4200.0
2030,Electronic City,1039.0,2.0,50.0,2.0,4812.319538017325
2031,Electronic City,770.0,1.0,39.9,2.0,5181.818181818182
2032,Electronic City,919.0,2.0,35.0,2.0,3808.487486398259
2033,Electronic City,1128.0,2.0,64.0,2.0,5673.758865248227
2034,Electronic City,605.0,1.0,13.31,1.0,2200.0
2035,Electronic City,1159.0,2.0,38.0,3.0,3278.688524590164
2036,Electronic City,530.0,1.0,13.5,1.0,2547.169811320755
2037,Electronic City,1070.0,2.0,53.0,2.0,4953.271028037383
2038,Electronic City,1025.0,1.0,26.63,2.0,2598.048780487805
2039,Electronic City,2400.0,2.0,78.0,3.0,3250.0
2040,Electronic City,1571.0,3.0,83.0,3.0,5283.259070655633
2041,Electronic City,1470.0,2.0,44.1,3.0,3000.0
2042,Electronic City,1350.0,3.0,66.0,3.0,4888.888888888889
2043,Electronic City,1652.0,3.0,110.0,3.0,6658.595641646489
2044,Electronic City,1320.0,2.0,38.12,3.0,2887.8787878787875
2045,Electronic City,1090.0,2.0,31.48,2.0,2888.0733944954127
2046,Electronic City,1050.0,2.0,39.0,3.0,3714.285714285714
2047,Electronic City,1128.0,2.0,65.58,2.0,5813.829787234043
2048,Electronic City,635.0,1.0,28.0,1.0,4409.4488188976375
2049,Electronic City,1128.0,2.0,65.4,2.0,5797.8723404255325
2050,Electronic City,1096.0,2.0,39.0,2.0,3558.394160583942
2051,Electronic City,1150.0,2.0,38.0,2.0,3304.3478260869565
2052,Electronic City,1355.0,2.0,72.9,2.0,5380.073800738008
2053,Electronic City,1200.0,2.0,30.0,2.0,2500.0
2054,Electronic City,1150.0,2.0,35.0,2.0,3043.478260869565
2055,Electronic City,1165.0,2.0,33.64,2.0,2887.5536480686696
2056,Electronic City,770.0,1.0,35.0,2.0,4545.454545454545
2057,Electronic City,1020.0,2.0,29.45,2.0,2887.2549019607845
2058,Electronic City,865.0,2.0,40.0,2.0,4624.277456647399
2059,Electronic City,800.0,2.0,32.0,2.0,4000.0
2060,Electronic City,970.0,2.0,34.0,2.0,3505.1546391752577
2061,Electronic City,1108.0,2.0,63.0,2.0,5685.9205776173285
2062,Electronic City,630.0,1.0,40.5,1.0,6428.571428571428
2063,Electronic City,1100.0,2.0,41.0,2.0,3727.2727272727275
2064,Electronic City,975.0,2.0,32.0,2.0,3282.051282051282
2065,Electronic City,605.0,1.0,22.0,1.0,3636.3636363636365
2066,Electronic City,1142.0,2.0,35.0,2.0,3064.7985989492117
2067,Electronic City,1070.0,2.0,48.0,2.0,4485.981308411215
2068,Electronic City,1160.0,2.0,42.0,3.0,3620.689655172414
2069,Electronic City,1360.0,2.0,70.0,3.0,5147.058823529412
2070,Electronic City,635.0,1.0,28.0,1.0,4409.4488188976375
2071,Electronic City,1128.0,2.0,65.45,2.0,5802.304964539007
2072,Electronic City,890.0,2.0,40.0,2.0,4494.38202247191
2073,Electronic City,1065.0,2.0,30.75,2.0,2887.323943661972
2074,Electronic City,1127.0,2.0,32.0,2.0,2839.396628216504
2075,Electronic City,825.0,2.0,35.0,2.0,4242.424242424242
2076,Electronic City,1200.0,2.0,40.5,2.0,3375.0
2077,Electronic City,1360.0,2.0,58.0,3.0,4264.705882352941
2078,Electronic City,1400.0,2.0,40.45,3.0,2889.2857142857147
2079,Electronic City,1065.0,2.0,30.76,2.0,2888.262910798122
2080,Electronic City,630.0,1.0,33.7,1.0,5349.20634920635
2081,Electronic City,1025.0,2.0,29.61,2.0,2888.7804878048782
2082,Electronic City,1160.0,2.0,42.0,3.0,3620.689655172414
2083,Electronic City,660.0,1.0,16.5,2.0,2500.0
2084,Electronic City,1400.0,3.0,90.0,3.0,6428.571428571428
2085,Electronic City,1287.0,3.0,55.0,3.0,4273.504273504273
2086,Electronic City,1258.0,2.0,85.5,2.0,6796.502384737679
2087,Electronic City,1386.0,2.0,85.0,2.0,6132.7561327561325
2088,Electronic City,550.0,1.0,27.0,1.0,4909.090909090909
2089,Electronic City,1025.0,2.0,50.0,2.0,4878.048780487805
2090,Electronic City,1140.0,2.0,33.84,2.0,2968.421052631579
2091,Electronic City,1070.0,2.0,55.0,2.0,5140.186915887851
2092,Electronic City,1342.0,2.0,72.0,2.0,5365.126676602086
2093,Electronic City,1275.0,3.0,70.0,3.0,5490.196078431372
2094,Electronic City,770.0,1.0,38.0,2.0,4935.064935064935
2095,Electronic City,1200.0,2.0,34.65,2.0,2887.5
2096,Electronic City,1005.0,2.0,39.77,2.0,3957.213930348259
2097,Electronic City,1110.0,2.0,39.9,2.0,3594.5945945945946
2098,Electronic City,660.0,1.0,23.0,2.0,3484.848484848485
2099,Electronic City,1644.0,3.0,92.59,3.0,5631.995133819952
2100,Electronic City,1250.0,2.0,62.0,2.0,4960.0
2101,Electronic City,1020.0,2.0,30.27,2.0,2967.6470588235293
2102,Electronic City,1025.0,2.0,29.6,2.0,2887.8048780487807
2103,Electronic City,418.0,1.0,12.0,1.0,2870.813397129187
2104,Electronic City,1128.0,2.0,64.8,2.0,5744.68085106383
2105,Electronic City,1220.0,2.0,35.25,3.0,2889.344262295082
2106,Electronic City,1220.0,2.0,35.23,3.0,2887.7049180327863
2107,Electronic City,1060.0,2.0,55.0,2.0,5188.679245283019
2108,Electronic City,710.0,1.0,40.42,1.0,5692.957746478874
2109,Electronic City,1000.0,2.0,29.95,2.0,2995.0
2110,Electronic City,870.0,2.0,24.0,2.0,2758.6206896551726
2111,Electronic City,1275.0,3.0,63.43,3.0,4974.901960784314
2112,Electronic City,1518.0,3.0,75.0,3.0,4940.711462450593
2113,Electronic City,1090.0,2.0,31.48,1.0,2888.0733944954127
2114,Electronic City,1140.0,2.0,32.92,2.0,2887.719298245614
2115,Electronic City,1125.0,2.0,32.49,2.0,2888.0
2116,Electronic City,1060.0,2.0,55.0,2.0,5188.679245283019
2117,Electronic City,1200.0,2.0,34.66,2.0,2888.333333333333
2118,Electronic City,1353.0,2.0,75.0,2.0,5543.2372505543235
2119,Electronic City,660.0,1.0,18.0,2.0,2727.2727272727275
2120,Electronic City,1128.0,2.0,67.0,2.0,5939.7163120567375
2121,Electronic City,1070.0,2.0,57.0,2.0,5327.102803738318
2122,Electronic City,1700.0,3.0,90.0,3.0,5294.117647058823
2123,Electronic City,1521.0,2.0,57.5,3.0,3780.4076265614726
2124,Electronic City,750.0,1.0,35.0,1.0,4666.666666666667
2125,Electronic City,1210.0,2.0,55.0,2.0,4545.454545454545
2126,Electronic City,1070.0,2.0,60.0,2.0,5607.476635514019
2127,Electronic City,1400.0,2.0,40.44,3.0,2888.5714285714284
2128,Electronic City,1190.0,2.0,42.0,2.0,3529.4117647058824
2129,Electronic City,880.0,2.0,19.0,2.0,2159.090909090909
2130,Electronic City,1150.0,2.0,38.08,2.0,3311.304347826087
2131,Electronic City,1615.0,3.0,97.0,3.0,6006.1919504643965
2132,Electronic City,1165.0,2.0,33.65,2.0,2888.412017167382
2133,Electronic City,1221.0,2.0,68.0,2.0,5569.205569205569
2134,Electronic City,970.0,2.0,35.0,2.0,3608.2474226804125
2135,Electronic City,1500.0,3.0,73.0,3.0,4866.666666666667
2136,Electronic City,995.0,2.0,48.0,2.0,4824.120603015075
2137,Electronic City,1342.0,2.0,90.0,2.0,6706.408345752608
2138,Electronic City,1320.0,2.0,38.12,3.0,2887.8787878787875
2139,Electronic City,1128.0,2.0,63.5,2.0,5629.432624113475
2140,Electronic City,589.0,1.0,29.0,1.0,4923.599320882852
2141,Electronic City,1125.0,2.0,28.13,2.0,2500.4444444444443
2142,Electronic City,825.0,2.0,30.0,2.0,3636.3636363636365
2143,Electronic City,1575.0,3.0,94.5,3.0,6000.0
2144,Electronic City,1070.0,2.0,48.0,2.0,4485.981308411215
2145,Electronic City,1025.0,2.0,54.0,2.0,5268.292682926829
2146,Electronic City,1500.0,2.0,70.0,3.0,4666.666666666667
2147,Electronic City,1500.0,2.0,64.5,3.0,4300.0
2148,Electronic City,1140.0,2.0,32.93,2.0,2888.59649122807
2149,Electronic City,2093.0,4.0,134.0,4.0,6402.293358815098
2150,Electronic City,750.0,2.0,19.5,2.0,2600.0
2151,Electronic City,1355.0,2.0,73.0,2.0,5387.453874538745
2152,Electronic City,1360.0,2.0,64.99,3.0,4778.676470588234
2153,Electronic City,1060.0,2.0,52.0,2.0,4905.66037735849
2154,Electronic City Phase II,1056.0,2.0,39.07,2.0,3699.810606060606
2155,Electronic City Phase II,1020.0,2.0,30.6,2.0,3000.0
2156,Electronic City Phase II,1069.0,2.0,45.0,2.0,4209.541627689429
2157,Electronic City Phase II,630.0,1.0,28.35,1.0,4500.0
2158,Electronic City Phase II,1220.0,2.0,35.23,3.0,2887.7049180327863
2159,Electronic City Phase II,1000.0,2.0,25.0,2.0,2500.0
2160,Electronic City Phase II,1090.0,2.0,28.34,2.0,2600.0
2161,Electronic City Phase II,2225.0,4.0,98.88,4.0,4444.044943820225
2162,Electronic City Phase II,1400.0,2.0,40.43,3.0,2887.8571428571427
2163,Electronic City Phase II,775.0,2.0,38.0,2.0,4903.225806451613
2164,Electronic City Phase II,1266.0,2.0,59.0,2.0,4660.347551342812
2165,Electronic City Phase II,1000.0,2.0,28.88,2.0,2888.0
2166,Electronic City Phase II,1320.0,2.0,38.13,3.0,2888.636363636364
2167,Electronic City Phase II,1220.0,3.0,35.23,3.0,2887.7049180327863
2168,Electronic City Phase II,972.0,2.0,44.0,2.0,4526.748971193416
2169,Electronic City Phase II,1400.0,2.0,40.43,3.0,2887.8571428571427
2170,Electronic City Phase II,1031.0,2.0,55.0,2.0,5334.62657613967
2171,Electronic City Phase II,1003.0,2.0,40.6,2.0,4047.8564307078764
2172,Electronic City Phase II,1031.0,2.0,56.35,2.0,5465.56741028128
2173,Electronic City Phase II,1320.0,2.0,38.12,3.0,2887.8787878787875
2174,Electronic City Phase II,1395.0,2.0,62.78,3.0,4500.358422939068
2175,Electronic City Phase II,1160.0,2.0,33.5,2.0,2887.9310344827586
2176,Electronic City Phase II,1065.0,2.0,30.75,2.0,2887.323943661972
2177,Electronic City Phase II,1219.0,2.0,61.25,2.0,5024.610336341263
2178,Electronic City Phase II,1400.0,2.0,41.58,3.0,2970.0
2179,Electronic City Phase II,1000.0,2.0,28.88,2.0,2888.0
2180,Electronic City Phase II,1790.0,3.0,100.0,3.0,5586.592178770949
2181,Electronic City Phase II,769.0,2.0,40.0,2.0,5201.560468140442
2182,Electronic City Phase II,1400.0,2.0,40.43,3.0,2887.8571428571427
2183,Electronic City Phase II,900.0,2.0,32.5,2.0,3611.1111111111113
2184,Electronic City Phase II,1329.0,2.0,41.0,3.0,3085.0263355906695
2185,Electronic City Phase II,1220.0,3.0,35.23,3.0,2887.7049180327863
2186,Electronic City Phase II,993.0,2.0,50.0,3.0,5035.246727089628
2187,Electronic City Phase II,1418.0,3.0,52.47,3.0,3700.2820874471086
2188,Electronic City Phase II,1070.0,2.0,45.0,2.0,4205.607476635514
2189,Electronic City Phase II,1310.0,2.0,32.75,3.0,2500.0
2190,Electronic City Phase II,1310.0,2.0,37.83,3.0,2887.7862595419847
2191,Electronic City Phase II,1140.0,2.0,33.06,2.0,2900.0
2192,Electronic City Phase II,1031.0,2.0,55.0,2.0,5334.62657613967
2193,Electronic City Phase II,1253.0,2.0,65.8,2.0,5251.3966480446925
2194,Electronic City Phase II,1400.0,2.0,40.44,3.0,2888.5714285714284
2195,Electronic City Phase II,1160.0,2.0,33.5,2.0,2887.9310344827586
2196,Electronic City Phase II,975.0,2.0,45.0,3.0,4615.384615384615
2197,Electronic City Phase II,6000.0,4.0,260.0,4.0,4333.333333333333
2198,Electronic City Phase II,1116.0,2.0,37.0,2.0,3315.4121863799282
2199,Electronic City Phase II,1125.0,2.0,29.25,2.0,2600.0
2200,Electronic City Phase II,1000.0,2.0,28.88,2.0,2888.0
2201,Electronic City Phase II,1000.0,2.0,28.88,2.0,2888.0
2202,Electronic City Phase II,1000.0,2.0,28.88,2.0,2888.0
2203,Electronic City Phase II,1165.0,2.0,30.29,2.0,2600.0
2204,Electronic City Phase II,1031.0,2.0,53.0,2.0,5140.640155189137
2205,Electronic City Phase II,1611.0,2.0,48.33,3.0,3000.0
2206,Electronic City Phase II,1065.0,2.0,30.88,2.0,2899.5305164319248
2207,Electronic City Phase II,1220.0,3.0,36.6,3.0,3000.0
2208,Electronic City Phase II,1549.0,3.0,80.0,3.0,5164.622336991608
2209,Electronic City Phase II,1065.0,2.0,56.13,2.0,5270.422535211268
2210,Electronic City Phase II,1320.0,2.0,38.13,3.0,2888.636363636364
2211,Electronic City Phase II,920.0,2.0,26.0,2.0,2826.086956521739
2212,Electronic City Phase II,1140.0,2.0,33.84,2.0,2968.421052631579
2213,Electronic City Phase II,1219.0,2.0,61.26,2.0,5025.430680885972
2214,Electronic City Phase II,1252.0,2.0,65.0,3.0,5191.693290734825
2215,Electronic City Phase II,1125.0,2.0,32.49,2.0,2888.0
2216,Electronic City Phase II,1310.0,2.0,37.83,3.0,2887.7862595419847
2217,Electronic City Phase II,1286.0,2.0,69.0,2.0,5365.47433903577
2218,Electronic City Phase II,1220.0,2.0,36.21,3.0,2968.032786885246
2219,Electronic City Phase II,1140.0,2.0,32.92,2.0,2887.719298245614
2220,Electronic City Phase II,1116.0,2.0,40.0,2.0,3584.2293906810037
2221,Electronic City Phase II,1150.0,3.0,46.0,3.0,4000.0
2222,Electronic City Phase II,1192.0,2.0,47.0,3.0,3942.953020134228
2223,Electronic City Phase II,1502.0,3.0,50.0,3.0,3328.894806924101
2224,Electronic City Phase II,1020.0,2.0,32.0,2.0,3137.2549019607845
2225,Electronic City Phase II,1900.0,3.0,97.0,4.0,5105.263157894737
2226,Electronic City Phase II,1020.0,2.0,27.43,2.0,2689.2156862745096
2227,Electronic City Phase II,1025.0,2.0,26.65,2.0,2600.0
2228,Electronic City Phase II,1020.0,2.0,29.45,2.0,2887.2549019607845
2229,Electronic City Phase II,1000.0,2.0,28.88,2.0,2888.0
2230,Electronic City Phase II,1310.0,2.0,37.84,3.0,2888.549618320611
2231,Electronic City Phase II,1140.0,2.0,28.5,2.0,2500.0
2232,Electronic City Phase II,1125.0,2.0,32.49,2.0,2888.0
2233,Electronic City Phase II,1200.0,2.0,34.65,2.0,2887.5
2234,Electronic City Phase II,1160.0,2.0,52.2,2.0,4500.0
2235,Electronic City Phase II,1244.0,2.0,55.0,2.0,4421.221864951768
2236,Electronic City Phase II,1160.0,2.0,33.51,2.0,2888.793103448276
2237,Electronic City Phase II,1220.0,3.0,35.25,3.0,2889.344262295082
2238,Electronic City Phase II,1625.0,2.0,48.75,3.0,3000.0
2239,Electronic City Phase II,972.0,2.0,40.0,2.0,4115.22633744856
2240,Electronic City Phase II,1160.0,2.0,33.51,2.0,2888.793103448276
2241,Electronic City Phase II,1400.0,2.0,40.45,3.0,2889.2857142857147
2242,Electronic City Phase II,1090.0,2.0,31.48,2.0,2888.0733944954127
2243,Electronic City Phase II,1140.0,2.0,32.92,2.0,2887.719298245614
2244,Electronic City Phase II,650.0,1.0,35.0,1.0,5384.615384615385
2245,Electronic City Phase II,1155.0,2.0,57.0,2.0,4935.064935064935
2246,Electronic City Phase II,1800.0,3.0,92.0,3.0,5111.111111111111
2247,Electronic City Phase II,1300.0,2.0,28.0,2.0,2153.846153846154
2248,Electronic City Phase II,1160.0,2.0,33.5,2.0,2887.9310344827586
2249,Electronic City Phase II,1025.0,2.0,29.6,2.0,2887.8048780487807
2250,Electronic City Phase II,829.0,2.0,22.8,2.0,2750.301568154403
2251,Electronic City Phase II,1252.0,2.0,67.0,2.0,5351.437699680511
2252,Electronic City Phase II,1320.0,2.0,38.12,3.0,2887.8787878787875
2253,Electronic City Phase II,1125.0,2.0,32.63,2.0,2900.444444444445
2254,Electronic City Phase II,1140.0,2.0,34.0,2.0,2982.4561403508774
2255,Electronic City Phase II,1310.0,2.0,37.84,3.0,2888.549618320611
2256,Electronic City Phase II,1400.0,2.0,40.43,3.0,2887.8571428571427
2257,Electronic City Phase II,1252.0,2.0,65.0,3.0,5191.693290734825
2258,Electronic City Phase II,1135.0,2.0,46.0,2.0,4052.863436123348
2259,Electronic City Phase II,1305.0,3.0,65.0,3.0,4980.842911877395
2260,Electronic City Phase II,1165.0,2.0,33.64,2.0,2887.5536480686696
2261,Electronic City Phase II,1400.0,2.0,40.44,3.0,2888.5714285714284
2262,Electronic City Phase II,1336.0,2.0,50.35,3.0,3768.7125748502995
2263,Electronic City Phase II,575.0,1.0,16.75,1.0,2913.0434782608695
2264,Electronic City Phase II,925.0,2.0,49.82,3.0,5385.945945945946
2265,Electronic City Phase II,1065.0,2.0,30.76,2.0,2888.262910798122
2266,Electronic City Phase II,1065.0,2.0,30.75,2.0,2887.323943661972
2267,Electronic City Phase II,1140.0,2.0,33.06,2.0,2900.0
2268,Electronic City Phase II,911.0,2.0,26.5,2.0,2908.8913282107574
2269,Electronic City Phase II,1200.0,2.0,34.65,2.0,2887.5
2270,Electronic City Phase II,1031.0,2.0,54.48,2.0,5284.190106692531
2271,Electronic City Phase II,1310.0,2.0,37.83,3.0,2887.7862595419847
2272,Electronic City Phase II,1651.0,3.0,49.53,3.0,3000.0
2273,Electronics City Phase 1,1070.0,2.0,45.5,2.0,4252.336448598131
2274,Electronics City Phase 1,1475.0,3.0,78.29,3.0,5307.796610169492
2275,Electronics City Phase 1,1490.0,3.0,78.8,3.0,5288.5906040268455
2276,Electronics City Phase 1,1113.27,2.0,53.0,2.0,4760.74986301616
2277,Electronics City Phase 1,1490.0,3.0,84.0,3.0,5637.583892617449
2278,Electronics City Phase 1,1175.0,2.0,51.47,2.0,4380.425531914893
2279,Electronics City Phase 1,1160.0,2.0,52.0,2.0,4482.758620689655
2280,Electronics City Phase 1,920.0,2.0,33.0,2.0,3586.9565217391305
2281,Electronics City Phase 1,1750.0,3.0,84.0,3.0,4800.0
2282,Electronics City Phase 1,1350.0,3.0,55.0,3.0,4074.074074074074
2283,Electronics City Phase 1,940.0,2.0,40.0,2.0,4255.31914893617
2284,Electronics City Phase 1,1015.0,2.0,56.0,2.0,5517.241379310345
2285,Electronics City Phase 1,1595.0,3.0,75.0,3.0,4702.194357366771
2286,Electronics City Phase 1,1515.0,2.0,80.91,3.0,5340.59405940594
2287,Electronics City Phase 1,995.0,2.0,46.0,2.0,4623.115577889447
2288,Electronics City Phase 1,1555.0,2.0,82.0,3.0,5273.311897106109
2289,Electronics City Phase 1,1340.0,2.0,75.0,2.0,5597.014925373134
2290,Electronics City Phase 1,650.0,1.0,23.0,1.0,3538.4615384615386
2291,Electronics City Phase 1,1124.0,2.0,55.0,3.0,4893.238434163701
2292,Electronics City Phase 1,1175.0,2.0,57.0,2.0,4851.063829787234
2293,Electronics City Phase 1,755.0,1.0,42.41,1.0,5617.218543046358
2294,Electronics City Phase 1,580.0,1.0,27.0,1.0,4655.172413793103
2295,Electronics City Phase 1,940.0,2.0,49.0,2.0,5212.765957446809
2296,Electronics City Phase 1,1335.0,2.0,67.0,2.0,5018.7265917603
2297,Electronics City Phase 1,1113.12,2.0,55.0,2.0,4941.066551674573
2298,Electronics City Phase 1,995.0,2.0,42.0,2.0,4221.105527638191
2299,Electronics City Phase 1,1350.0,3.0,71.0,3.0,5259.259259259259
2300,Electronics City Phase 1,1445.0,2.0,56.0,3.0,3875.432525951557
2301,Electronics City Phase 1,995.0,2.0,49.8,2.0,5005.025125628141
2302,Electronics City Phase 1,635.0,1.0,26.0,1.0,4094.488188976378
2303,Electronics City Phase 1,1190.0,2.0,68.0,2.0,5714.285714285715
2304,Electronics City Phase 1,1085.0,2.0,46.0,2.0,4239.6313364055295
2305,Electronics City Phase 1,1450.0,3.0,72.54,3.0,5002.758620689656
2306,Electronics City Phase 1,360.0,1.0,16.9,1.0,4694.444444444443
2307,Electronics City Phase 1,638.0,1.0,32.0,1.0,5015.673981191223
2308,Electronics City Phase 1,1175.0,2.0,64.98,2.0,5530.212765957447
2309,Electronics City Phase 1,585.0,1.0,21.0,1.0,3589.74358974359
2310,Electronics City Phase 1,1200.0,2.0,59.76,2.0,4980.0
2311,Electronics City Phase 1,1145.0,2.0,54.0,2.0,4716.157205240174
2312,Electronics City Phase 1,1125.0,2.0,65.0,2.0,5777.777777777777
2313,Electronics City Phase 1,1550.0,2.0,82.0,3.0,5290.322580645161
2314,Electronics City Phase 1,1175.0,2.0,50.0,2.0,4255.31914893617
2315,Electronics City Phase 1,865.0,2.0,40.0,2.0,4624.277456647399
2316,Electronics City Phase 1,1450.0,3.0,70.0,3.0,4827.586206896552
2317,Electronics City Phase 1,1450.0,2.0,63.51,3.0,4380.0
2318,Electronics City Phase 1,1450.0,3.0,58.0,3.0,4000.0
2319,Electronics City Phase 1,1800.0,3.0,93.0,3.0,5166.666666666667
2320,Electronics City Phase 1,1314.0,2.0,60.0,2.0,4566.2100456621
2321,Electronics City Phase 1,1170.0,2.0,62.0,2.0,5299.145299145299
2322,Electronics City Phase 1,1450.0,3.0,79.0,3.0,5448.275862068966
2323,Electronics City Phase 1,940.0,2.0,48.0,2.0,5106.382978723404
2324,Electronics City Phase 1,940.0,2.0,44.0,2.0,4680.851063829788
2325,Electronics City Phase 1,1300.0,2.0,67.0,2.0,5153.846153846154
2326,Electronics City Phase 1,1028.0,2.0,51.0,2.0,4961.089494163424
2327,Electronics City Phase 1,1080.0,2.0,46.0,2.0,4259.259259259259
2328,Electronics City Phase 1,1205.0,2.0,60.0,2.0,4979.253112033195
2329,Electronics City Phase 1,1900.0,3.0,85.0,3.0,4473.684210526316
2330,Electronics City Phase 1,1305.0,2.0,67.0,2.0,5134.099616858238
2331,Electronics City Phase 1,755.0,1.0,30.12,1.0,3989.4039735099336
2332,Electronics City Phase 1,1175.0,2.0,60.0,2.0,5106.382978723404
2333,Frazer Town,1700.0,3.0,180.0,3.0,10588.235294117647
2334,Frazer Town,1305.0,3.0,95.45,3.0,7314.176245210728
2335,Frazer Town,1870.0,3.0,185.0,3.0,9893.048128342247
2336,Frazer Town,1750.0,3.0,150.0,3.0,8571.42857142857
2337,Frazer Town,4850.0,6.0,385.0,4.0,7938.144329896907
2338,Frazer Town,2000.0,3.0,200.0,3.0,10000.0
2339,Frazer Town,3500.0,4.0,330.0,3.0,9428.57142857143
2340,Frazer Town,2350.0,4.0,285.0,3.0,12127.659574468085
2341,Frazer Town,1550.0,2.0,140.0,2.0,9032.258064516129
2342,Frazer Town,1900.0,4.0,145.0,3.0,7631.578947368421
2343,Frazer Town,2560.0,3.0,265.0,3.0,10351.5625
2344,Frazer Town,2400.0,3.0,260.0,3.0,10833.333333333334
2345,Frazer Town,2560.0,3.0,288.0,3.0,11250.0
2346,Frazer Town,3436.0,5.0,341.0,4.0,9924.330616996507
2347,Frazer Town,4856.0,5.0,410.0,4.0,8443.163097199342
2348,Frazer Town,1315.0,2.0,140.0,2.0,10646.38783269962
2349,Frazer Town,1706.0,3.0,154.0,3.0,9026.963657678782
2350,Frazer Town,2079.0,3.0,220.0,3.0,10582.010582010582
2351,Frazer Town,3435.0,2.0,341.0,4.0,9927.21979621543
2352,Frazer Town,3436.0,5.0,345.0,4.0,10040.745052386495
2353,Frazer Town,3100.0,3.0,400.0,3.0,12903.225806451614
2354,Frazer Town,5400.0,3.0,400.0,3.0,7407.407407407408
2355,Frazer Town,1180.0,2.0,105.0,2.0,8898.305084745763
2356,Frazer Town,2900.0,4.0,325.0,4.0,11206.896551724138
2357,Frazer Town,1870.0,3.0,180.0,3.0,9625.668449197861
2358,Frazer Town,896.0,1.0,100.0,1.0,11160.714285714286
2359,Frazer Town,1420.0,2.0,120.0,2.0,8450.704225352112
2360,GM Palaya,1820.0,2.0,86.0,3.0,4725.274725274725
2361,GM Palaya,1225.0,2.0,47.0,2.0,3836.734693877551
2362,GM Palaya,1140.0,2.0,48.95,2.0,4293.859649122807
2363,GM Palaya,1315.0,2.0,65.0,3.0,4942.9657794676805
2364,GM Palaya,1315.0,3.0,65.0,3.0,4942.9657794676805
2365,GM Palaya,1315.0,3.0,64.0,3.0,4866.920152091255
2366,GM Palaya,1735.0,3.0,70.0,3.0,4034.5821325648417
2367,GM Palaya,1643.0,2.0,70.0,3.0,4260.49908703591
2368,Garudachar Palya,1325.0,2.0,60.8,3.0,4588.679245283019
2369,Garudachar Palya,1060.0,2.0,48.7,2.0,4594.33962264151
2370,Garudachar Palya,1150.0,2.0,52.75,2.0,4586.95652173913
2371,Garudachar Palya,1295.0,2.0,59.5,3.0,4594.594594594595
2372,Garudachar Palya,1320.0,2.0,60.6,3.0,4590.909090909091
2373,Garudachar Palya,1295.0,2.0,59.5,3.0,4594.594594594595
2374,Garudachar Palya,1150.0,2.0,52.8,2.0,4591.304347826087
2375,Garudachar Palya,1150.0,2.0,52.8,2.0,4591.304347826087
2376,Garudachar Palya,1060.0,2.0,48.5,2.0,4575.471698113208
2377,Garudachar Palya,1150.0,2.0,52.5,2.0,4565.217391304348
2378,Garudachar Palya,1325.0,2.0,60.8,3.0,4588.679245283019
2379,Garudachar Palya,1060.0,2.0,48.66,2.0,4590.566037735849
2380,Garudachar Palya,1150.0,2.0,52.0,2.0,4521.739130434783
2381,Garudachar Palya,1154.0,2.0,51.8,2.0,4488.734835355286
2382,Garudachar Palya,1325.0,2.0,60.0,3.0,4528.301886792453
2383,Giri Nagar,2400.0,4.0,400.0,4.0,16666.666666666668
2384,Giri Nagar,1800.0,3.0,252.0,3.0,14000.0
2385,Giri Nagar,1350.0,3.0,240.0,3.0,17777.777777777777
2386,Giri Nagar,2400.0,4.0,400.0,4.0,16666.666666666668
2387,Giri Nagar,3000.0,4.0,375.0,6.0,12500.0
2388,Giri Nagar,2400.0,6.0,400.0,6.0,16666.666666666668
2389,Giri Nagar,4000.0,3.0,750.0,4.0,18750.0
2390,Gollarapalya Hosahalli,861.0,2.0,34.5,2.0,4006.968641114983
2391,Gollarapalya Hosahalli,1408.0,3.0,62.0,3.0,4403.409090909091
2392,Gollarapalya Hosahalli,861.0,2.0,34.5,2.0,4006.968641114983
2393,Gollarapalya Hosahalli,1318.0,3.0,54.0,3.0,4097.11684370258
2394,Gollarapalya Hosahalli,861.0,2.0,36.5,2.0,4239.256678281068
2395,Gollarapalya Hosahalli,1320.0,3.0,60.0,3.0,4545.454545454545
2396,Gollarapalya Hosahalli,1345.0,3.0,60.0,3.0,4460.966542750929
2397,Gollarapalya Hosahalli,1905.0,3.0,86.0,4.0,4514.435695538058
2398,Gollarapalya Hosahalli,1318.0,3.0,56.0,3.0,4248.86191198786
2399,Gollarapalya Hosahalli,1129.0,2.0,50.0,2.0,4428.697962798937
2400,Gottigere,1100.0,2.0,40.0,2.0,3636.3636363636365
2401,Gottigere,967.0,2.0,45.0,2.0,4653.567735263702
2402,Gottigere,1618.0,3.0,82.5,3.0,5098.887515451174
2403,Gottigere,1222.0,2.0,63.0,2.0,5155.482815057283
2404,Gottigere,1600.0,2.0,55.0,3.0,3437.5
2405,Gottigere,1300.0,3.0,65.0,3.0,5000.0
2406,Gottigere,950.0,2.0,38.0,2.0,4000.0
2407,Gottigere,1153.0,2.0,48.5,2.0,4206.418039895923
2408,Gottigere,812.0,1.0,26.0,1.0,3201.9704433497536
2409,Gottigere,2000.0,4.0,82.0,4.0,4100.0
2410,Gottigere,1460.0,2.0,65.0,3.0,4452.054794520548
2411,Gottigere,1500.0,3.0,70.0,3.0,4666.666666666667
2412,Gottigere,1621.0,3.0,72.0,3.0,4441.702652683529
2413,Gottigere,812.0,1.0,26.0,1.0,3201.9704433497536
2414,Gottigere,990.0,2.0,40.0,2.0,4040.40404040404
2415,Gottigere,1235.0,2.0,63.0,2.0,5101.214574898785
2416,Gottigere,1385.0,3.0,64.0,3.0,4620.938628158845
2417,Gottigere,1000.0,2.0,35.0,2.0,3500.0
2418,Gottigere,1010.0,2.0,35.0,2.0,3465.3465346534654
2419,Gottigere,1385.0,2.0,50.0,3.0,3610.1083032490974
2420,Gottigere,1425.0,2.0,47.0,3.0,3298.245614035088
2421,Gottigere,1435.0,2.0,62.0,3.0,4320.557491289199
2422,Gottigere,945.0,2.0,45.0,2.0,4761.9047619047615
2423,Gottigere,1400.0,2.0,50.0,3.0,3571.4285714285716
2424,Gottigere,2500.0,3.0,120.0,4.0,4800.0
2425,Gottigere,1230.0,2.0,52.0,3.0,4227.642276422765
2426,Gottigere,1120.0,2.0,50.0,2.0,4464.285714285715
2427,Gottigere,1500.0,3.0,63.0,3.0,4200.0
2428,Gottigere,1200.0,2.0,40.0,2.0,3333.3333333333335
2429,Gottigere,1280.0,2.0,61.0,2.0,4765.625
2430,Gottigere,1205.0,2.0,56.58,2.0,4695.435684647303
2431,Gottigere,1170.0,2.0,40.0,2.0,3418.803418803419
2432,Gottigere,3000.0,3.0,132.0,4.0,4400.0
2433,Gottigere,1613.0,3.0,72.0,3.0,4463.732176069436
2434,Gottigere,1110.0,2.0,36.25,2.0,3265.765765765766
2435,Gottigere,1245.0,2.0,59.0,2.0,4738.955823293173
2436,Gottigere,1200.0,2.0,50.0,2.0,4166.666666666667
2437,Green Glen Layout,1670.0,3.0,120.0,3.0,7185.62874251497
2438,Green Glen Layout,3250.0,4.0,230.0,4.0,7076.923076923077
2439,Green Glen Layout,1776.42,3.0,105.0,3.0,5910.764346269463
2440,Green Glen Layout,3250.0,4.0,230.0,4.0,7076.923076923077
2441,Green Glen Layout,940.0,2.0,56.8,2.0,6042.553191489362
2442,Green Glen Layout,1075.0,2.0,60.0,2.0,5581.395348837209
2443,Green Glen Layout,1715.0,3.0,115.0,3.0,6705.539358600583
2444,Green Glen Layout,1751.0,2.0,115.0,3.0,6567.6756139348945
2445,Green Glen Layout,1750.0,3.0,130.0,3.0,7428.571428571428
2446,Green Glen Layout,1530.0,3.0,105.0,3.0,6862.745098039216
2447,Green Glen Layout,1752.0,3.0,105.0,3.0,5993.1506849315065
2448,Green Glen Layout,1680.0,4.0,95.0,3.0,5654.761904761905
2449,Green Glen Layout,1728.0,3.0,125.0,3.0,7233.7962962962965
2450,Green Glen Layout,1645.0,3.0,110.0,3.0,6686.930091185411
2451,Green Glen Layout,1517.0,3.0,100.0,3.0,6591.957811470006
2452,Green Glen Layout,3150.0,4.0,218.0,4.0,6920.6349206349205
2453,Green Glen Layout,3270.0,4.0,205.0,4.0,6269.113149847095
2454,Green Glen Layout,1750.0,3.0,120.0,3.0,6857.142857142857
2455,Green Glen Layout,1751.0,3.0,115.0,3.0,6567.6756139348945
2456,Green Glen Layout,1750.0,3.0,105.0,3.0,6000.0
2457,Green Glen Layout,1885.0,3.0,135.0,3.0,7161.803713527852
2458,Green Glen Layout,1715.0,3.0,120.0,3.0,6997.084548104956
2459,Green Glen Layout,1623.29,2.0,105.0,3.0,6468.345150897252
2460,Green Glen Layout,1715.0,3.0,115.0,3.0,6705.539358600583
2461,Green Glen Layout,1715.0,3.0,105.0,3.0,6122.448979591837
2462,Green Glen Layout,1600.0,3.0,105.0,3.0,6562.5
2463,Green Glen Layout,1717.0,3.0,125.0,3.0,7280.139778683751
2464,Green Glen Layout,1250.0,2.0,75.0,2.0,6000.0
2465,Green Glen Layout,1715.0,3.0,112.0,3.0,6530.6122448979595
2466,Gubbalala,1470.0,2.0,82.0,3.0,5578.231292517007
2467,Gubbalala,1745.0,3.0,104.0,3.0,5959.885386819485
2468,Gubbalala,1745.0,3.0,115.0,3.0,6590.25787965616
2469,Gubbalala,1745.0,3.0,110.0,3.0,6303.7249283667625
2470,Gubbalala,1650.0,3.0,71.0,3.0,4303.030303030303
2471,Gubbalala,2570.0,4.0,141.0,5.0,5486.381322957199
2472,Gubbalala,1205.0,2.0,70.0,2.0,5809.128630705394
2473,Gubbalala,1435.0,2.0,80.0,3.0,5574.912891986062
2474,Gubbalala,1475.0,2.0,80.0,2.0,5423.728813559322
2475,Gubbalala,2000.0,4.0,85.0,4.0,4250.0
2476,Gubbalala,1100.0,2.0,49.5,2.0,4500.0
2477,Gubbalala,1060.0,2.0,46.0,2.0,4339.622641509434
2478,Gubbalala,2000.0,3.0,125.0,3.0,6250.0
2479,Gubbalala,4000.0,5.0,195.0,4.0,4875.0
2480,Gunjur,1140.0,2.0,43.0,2.0,3771.9298245614036
2481,Gunjur,1356.0,2.0,66.0,3.0,4867.256637168141
2482,Gunjur,1600.0,3.0,75.0,3.0,4687.5
2483,Gunjur,2000.0,3.0,95.0,4.0,4750.0
2484,Gunjur,1140.0,2.0,49.11,2.0,4307.894736842105
2485,Gunjur,1195.0,2.0,44.0,2.0,3682.0083682008367
2486,Gunjur,1190.0,2.0,40.0,2.0,3361.344537815126
2487,Gunjur,1457.0,2.0,60.0,2.0,4118.050789293068
2488,Gunjur,1080.0,2.0,41.0,2.0,3796.296296296296
2489,Gunjur,2132.0,3.0,80.0,3.0,3752.34521575985
2490,Gunjur,1800.0,3.0,70.0,3.0,3888.8888888888887
2491,Gunjur,1175.0,2.0,43.48,2.0,3700.425531914894
2492,Gunjur,1362.0,3.0,62.63,3.0,4598.384728340676
2493,Gunjur,1071.0,2.0,51.0,2.0,4761.9047619047615
2494,Gunjur,1063.0,2.0,40.0,2.0,3762.9350893697083
2495,Gunjur,1235.0,2.0,52.76,2.0,4272.064777327935
2496,Gunjur,1362.0,3.0,62.63,3.0,4598.384728340676
2497,Gunjur,1362.0,3.0,62.63,3.0,4598.384728340676
2498,Gunjur,1588.0,2.0,90.0,3.0,5667.506297229219
2499,Gunjur,1235.0,2.0,44.5,2.0,3603.2388663967613
2500,Gunjur,1457.0,2.0,60.0,2.0,4118.050789293068
2501,HAL 2nd Stage,1490.0,2.0,300.0,3.0,20134.228187919463
2502,HAL 2nd Stage,600.0,3.0,145.0,2.0,24166.666666666668
2503,HAL 2nd Stage,2700.0,3.0,500.0,3.0,18518.51851851852
2504,HAL 2nd Stage,2040.0,4.0,500.0,5.0,24509.803921568626
2505,HBR Layout,2800.0,2.0,200.0,3.0,7142.857142857143
2506,HBR Layout,1722.0,3.0,95.0,3.0,5516.8408826945415
2507,HBR Layout,1200.0,4.0,120.0,4.0,10000.0
2508,HBR Layout,1200.0,2.0,60.0,2.0,5000.0
2509,HBR Layout,1004.0,2.0,49.0,2.0,4880.478087649402
2510,HBR Layout,1783.0,3.0,125.0,3.0,7010.656197420079
2511,HBR Layout,1656.0,3.0,90.0,3.0,5434.782608695652
2512,HBR Layout,1089.0,2.0,60.0,2.0,5509.641873278237
2513,HBR Layout,1700.0,3.0,110.0,3.0,6470.588235294118
2514,HBR Layout,1198.0,2.0,65.0,2.0,5425.709515859767
2515,HBR Layout,1200.0,4.0,115.0,4.0,9583.333333333334
2516,HBR Layout,1200.0,2.0,120.0,2.0,10000.0
2517,HBR Layout,1832.0,3.0,160.0,3.0,8733.624454148472
2518,HRBR Layout,1374.0,2.0,95.0,2.0,6914.1193595342065
2519,HRBR Layout,1440.0,2.0,98.0,2.0,6805.555555555556
2520,HRBR Layout,1567.0,3.0,90.0,3.0,5743.458838544991
2521,HRBR Layout,2800.0,3.0,250.0,3.0,8928.57142857143
2522,HRBR Layout,1210.0,2.0,75.0,2.0,6198.347107438017
2523,HRBR Layout,1265.0,2.0,78.0,2.0,6166.00790513834
2524,HRBR Layout,1170.0,2.0,75.0,2.0,6410.25641025641
2525,HRBR Layout,1335.0,2.0,87.0,3.0,6516.853932584269
2526,HRBR Layout,1900.0,3.0,90.0,4.0,4736.8421052631575
2527,HRBR Layout,1625.0,3.0,120.0,3.0,7384.615384615385
2528,HRBR Layout,1301.0,2.0,120.0,2.0,9223.674096848577
2529,HRBR Layout,1145.0,2.0,68.5,2.0,5982.532751091703
2530,HRBR Layout,1300.0,2.0,90.0,2.0,6923.076923076923
2531,HSR Layout,1400.0,3.0,56.0,3.0,4000.0
2532,HSR Layout,1372.0,2.0,68.0,2.0,4956.268221574344
2533,HSR Layout,1430.0,2.0,65.0,3.0,4545.454545454545
2534,HSR Layout,1475.0,3.0,75.0,3.0,5084.745762711865
2535,HSR Layout,1467.0,2.0,55.0,2.0,3749.147920927062
2536,HSR Layout,1140.0,2.0,46.0,2.0,4035.0877192982457
2537,HSR Layout,1372.0,2.0,61.0,2.0,4446.064139941691
2538,HSR Layout,1750.0,3.0,95.0,3.0,5428.571428571428
2539,HSR Layout,2424.0,3.0,90.0,3.0,3712.871287128713
2540,HSR Layout,1027.0,2.0,44.0,2.0,4284.323271665044
2541,HSR Layout,1650.0,3.0,110.0,3.0,6666.666666666667
2542,HSR Layout,1140.0,2.0,46.0,2.0,4035.0877192982457
2543,HSR Layout,1372.0,2.0,61.0,2.0,4446.064139941691
2544,HSR Layout,1140.0,2.0,46.0,2.0,4035.0877192982457
2545,HSR Layout,1185.0,2.0,60.0,2.0,5063.291139240507
2546,HSR Layout,1127.0,2.0,68.0,2.0,6033.717834960071
2547,HSR Layout,1600.0,2.0,115.0,3.0,7187.5
2548,HSR Layout,1145.0,2.0,48.0,2.0,4192.139737991266
2549,HSR Layout,1009.0,2.0,56.0,2.0,5550.049554013875
2550,HSR Layout,1300.0,2.0,98.0,2.0,7538.461538461538
2551,HSR Layout,2400.0,3.0,88.0,3.0,3666.6666666666665
2552,HSR Layout,1140.0,2.0,46.0,2.0,4035.0877192982457
2553,HSR Layout,1126.0,2.0,69.0,2.0,6127.886323268206
2554,HSR Layout,1360.0,2.0,53.0,3.0,3897.0588235294117
2555,HSR Layout,1140.0,2.0,46.0,2.0,4035.0877192982457
2556,HSR Layout,1145.0,2.0,46.0,2.0,4017.467248908297
2557,HSR Layout,1142.0,2.0,65.0,2.0,5691.768826619965
2558,HSR Layout,1145.0,2.0,46.0,2.0,4017.467248908297
2559,HSR Layout,1844.0,3.0,95.0,3.0,5151.843817787419
2560,HSR Layout,1203.0,2.0,72.0,2.0,5985.037406483791
2561,HSR Layout,1140.0,2.0,46.0,2.0,4035.0877192982457
2562,HSR Layout,4200.0,5.0,245.0,5.0,5833.333333333333
2563,HSR Layout,1140.0,2.0,46.0,2.0,4035.0877192982457
2564,HSR Layout,1145.0,2.0,46.0,2.0,4017.467248908297
2565,HSR Layout,1009.0,2.0,56.0,2.0,5550.049554013875
2566,HSR Layout,1145.0,2.0,46.0,2.0,4017.467248908297
2567,HSR Layout,1100.0,2.0,44.0,2.0,4000.0
2568,HSR Layout,1203.0,2.0,60.0,2.0,4987.5311720698255
2569,HSR Layout,1120.0,2.0,70.0,2.0,6250.0
2570,HSR Layout,1140.0,2.0,46.0,2.0,4035.0877192982457
2571,HSR Layout,1289.0,2.0,70.0,2.0,5430.566330488751
2572,HSR Layout,1844.0,3.0,89.0,3.0,4826.46420824295
2573,HSR Layout,1203.0,2.0,60.0,2.0,4987.5311720698255
2574,HSR Layout,1140.0,2.0,46.0,2.0,4035.0877192982457
2575,Haralur Road,1240.0,2.0,70.0,2.0,5645.1612903225805
2576,Haralur Road,1027.0,2.0,44.0,2.0,4284.323271665044
2577,Haralur Road,1464.0,3.0,56.0,3.0,3825.136612021858
2578,Haralur Road,2650.0,4.0,198.0,4.0,7471.698113207547
2579,Haralur Road,2805.0,5.0,154.0,4.0,5490.196078431372
2580,Haralur Road,1194.0,2.0,47.0,2.0,3936.348408710218
2581,Haralur Road,1202.0,2.0,53.0,2.0,4409.317803660566
2582,Haralur Road,1056.0,2.0,61.0,2.0,5776.515151515152
2583,Haralur Road,1464.0,3.0,56.0,3.0,3825.136612021858
2584,Haralur Road,1810.0,3.0,100.0,3.0,5524.861878453039
2585,Haralur Road,1194.0,2.0,46.0,2.0,3852.5963149078725
2586,Haralur Road,2805.0,4.0,154.0,4.0,5490.196078431372
2587,Haralur Road,1225.0,2.0,67.38,2.0,5500.408163265306
2588,Haralur Road,1243.0,2.0,46.0,2.0,3700.7240547063557
2589,Haralur Road,1027.0,2.0,44.0,2.0,4284.323271665044
2590,Haralur Road,1920.0,3.0,115.0,3.0,5989.583333333333
2591,Haralur Road,1875.0,3.0,110.0,3.0,5866.666666666667
2592,Haralur Road,1194.0,2.0,47.0,2.0,3936.348408710218
2593,Haralur Road,1140.0,2.0,43.0,2.0,3771.9298245614036
2594,Haralur Road,1027.0,2.0,44.0,2.0,4284.323271665044
2595,Haralur Road,1194.0,2.0,46.0,2.0,3852.5963149078725
2596,Haralur Road,2017.0,3.0,125.0,3.0,6197.322756569162
2597,Haralur Road,1140.0,2.0,43.0,2.0,3771.9298245614036
2598,Haralur Road,1875.0,3.0,110.0,3.0,5866.666666666667
2599,Haralur Road,1092.0,2.0,44.0,2.0,4029.3040293040294
2600,Haralur Road,2475.0,4.0,130.0,3.0,5252.525252525253
2601,Haralur Road,1300.0,2.0,73.0,2.0,5615.384615384615
2602,Haralur Road,1194.0,2.0,47.0,2.0,3936.348408710218
2603,Haralur Road,1243.0,2.0,46.0,2.0,3700.7240547063557
2604,Haralur Road,1850.0,3.0,110.0,3.0,5945.945945945946
2605,Haralur Road,1225.0,2.0,67.38,2.0,5500.408163265306
2606,Haralur Road,1243.0,2.0,46.0,2.0,3700.7240547063557
2607,Haralur Road,3400.0,5.0,240.0,4.0,7058.823529411765
2608,Haralur Road,1464.0,2.0,56.0,2.0,3825.136612021858
2609,Haralur Road,1230.0,2.0,78.0,2.0,6341.463414634146
2610,Haralur Road,1000.0,2.0,44.0,2.0,4400.0
2611,Haralur Road,1300.0,2.0,79.0,2.0,6076.923076923077
2612,Haralur Road,1444.0,2.0,80.0,3.0,5540.16620498615
2613,Haralur Road,1088.0,2.0,68.0,2.0,6250.0
2614,Haralur Road,1027.0,2.0,44.0,2.0,4284.323271665044
2615,Haralur Road,1464.0,3.0,56.0,3.0,3825.136612021858
2616,Haralur Road,1225.0,2.0,70.0,2.0,5714.285714285715
2617,Haralur Road,1464.0,3.0,56.0,3.0,3825.136612021858
2618,Haralur Road,1194.0,2.0,46.0,2.0,3852.5963149078725
2619,Haralur Road,1830.0,3.0,101.0,3.0,5519.12568306011
2620,Haralur Road,1810.0,3.0,126.0,3.0,6961.325966850829
2621,Haralur Road,1464.0,2.0,56.0,2.0,3825.136612021858
2622,Haralur Road,1520.0,2.0,96.0,3.0,6315.789473684211
2623,Haralur Road,1300.0,2.0,75.0,2.0,5769.2307692307695
2624,Haralur Road,2017.0,2.0,125.0,3.0,6197.322756569162
2625,Haralur Road,1243.0,2.0,46.0,2.0,3700.7240547063557
2626,Haralur Road,1027.0,2.0,44.0,2.0,4284.323271665044
2627,Haralur Road,2805.0,5.0,160.0,4.0,5704.0998217468805
2628,Haralur Road,1243.0,2.0,46.0,2.0,3700.7240547063557
2629,Haralur Road,1027.0,2.0,44.0,2.0,4284.323271665044
2630,Haralur Road,2017.0,3.0,105.0,3.0,5205.751115518096
2631,Haralur Road,1243.0,2.0,46.0,2.0,3700.7240547063557
2632,Haralur Road,1243.0,2.0,46.0,2.0,3700.7240547063557
2633,Haralur Road,1520.0,2.0,90.0,3.0,5921.0526315789475
2634,Haralur Road,1300.0,2.0,60.0,2.0,4615.384615384615
2635,Haralur Road,1985.0,3.0,130.0,3.0,6549.11838790932
2636,Haralur Road,1255.0,2.0,90.0,3.0,7171.314741035857
2637,Haralur Road,1056.0,2.0,60.0,2.0,5681.818181818182
2638,Haralur Road,1140.0,2.0,42.0,2.0,3684.2105263157896
2639,Haralur Road,1245.0,2.0,62.0,2.0,4979.919678714859
2640,Haralur Road,1140.0,2.0,58.0,2.0,5087.7192982456145
2641,Haralur Road,1140.0,2.0,42.0,2.0,3684.2105263157896
2642,Haralur Road,1027.0,2.0,43.0,2.0,4186.952288218111
2643,Haralur Road,1194.0,2.0,47.0,2.0,3936.348408710218
2644,Haralur Road,1194.0,2.0,47.0,2.0,3936.348408710218
2645,Haralur Road,1560.0,3.0,90.0,3.0,5769.2307692307695
2646,Haralur Road,1520.0,2.0,85.0,3.0,5592.105263157895
2647,Haralur Road,1243.0,2.0,45.0,2.0,3620.2735317779566
2648,Haralur Road,1027.0,2.0,44.0,2.0,4284.323271665044
2649,Haralur Road,1194.0,2.0,46.0,2.0,3852.5963149078725
2650,Haralur Road,1650.0,3.0,100.0,3.0,6060.606060606061
2651,Haralur Road,1580.0,3.0,73.0,3.0,4620.2531645569625
2652,Haralur Road,1243.0,2.0,46.0,2.0,3700.7240547063557
2653,Haralur Road,1194.0,2.0,47.0,2.0,3936.348408710218
2654,Haralur Road,2805.0,4.0,154.0,4.0,5490.196078431372
2655,Haralur Road,1520.0,2.0,96.0,3.0,6315.789473684211
2656,Haralur Road,1510.0,3.0,83.05,3.0,5500.0
2657,Haralur Road,1056.0,2.0,65.0,2.0,6155.30303030303
2658,Haralur Road,1810.0,3.0,100.0,3.0,5524.861878453039
2659,Haralur Road,1243.0,2.0,46.0,2.0,3700.7240547063557
2660,Haralur Road,575.0,1.0,38.0,1.0,6608.695652173913
2661,Haralur Road,1194.0,2.0,46.0,2.0,3852.5963149078725
2662,Haralur Road,1243.0,2.0,46.0,2.0,3700.7240547063557
2663,Haralur Road,1194.0,2.0,46.0,2.0,3852.5963149078725
2664,Haralur Road,1140.0,2.0,43.0,2.0,3771.9298245614036
2665,Haralur Road,1850.0,3.0,120.0,3.0,6486.486486486487
2666,Haralur Road,1194.0,2.0,47.0,2.0,3936.348408710218
2667,Haralur Road,1194.0,2.0,47.0,2.0,3936.348408710218
2668,Haralur Road,1464.0,3.0,56.0,3.0,3825.136612021858
2669,Haralur Road,1243.0,2.0,46.0,2.0,3700.7240547063557
2670,Haralur Road,1710.0,3.0,85.0,3.0,4970.7602339181285
2671,Haralur Road,1730.0,3.0,95.0,3.0,5491.329479768786
2672,Haralur Road,1243.0,2.0,46.0,2.0,3700.7240547063557
2673,Haralur Road,1243.0,2.0,46.0,2.0,3700.7240547063557
2674,Haralur Road,1243.0,2.0,46.0,2.0,3700.7240547063557
2675,Haralur Road,1817.0,3.0,110.0,3.0,6053.935057787562
2676,Haralur Road,1225.0,2.0,77.0,2.0,6285.714285714285
2677,Haralur Road,1285.0,2.0,78.0,2.0,6070.038910505837
2678,Haralur Road,1225.0,2.0,67.48,2.0,5508.571428571428
2679,Haralur Road,1225.0,2.0,69.84,2.0,5701.224489795918
2680,Haralur Road,1200.0,2.0,46.0,2.0,3833.3333333333335
2681,Haralur Road,1315.0,2.0,85.0,2.0,6463.878326996198
2682,Haralur Road,1976.0,3.0,92.0,3.0,4655.87044534413
2683,Haralur Road,1300.0,2.0,75.0,2.0,5769.2307692307695
2684,Haralur Road,1309.0,2.0,82.0,2.0,6264.323911382735
2685,Haralur Road,1027.0,1.0,44.0,2.0,4284.323271665044
2686,Haralur Road,1243.0,2.0,46.0,2.0,3700.7240547063557
2687,Haralur Road,1243.0,2.0,46.0,2.0,3700.7240547063557
2688,Haralur Road,1140.0,2.0,43.0,2.0,3771.9298245614036
2689,Haralur Road,1300.0,2.0,75.0,2.0,5769.2307692307695
2690,Haralur Road,1243.0,2.0,46.0,2.0,3700.7240547063557
2691,Haralur Road,1890.0,3.0,84.0,3.0,4444.444444444444
2692,Haralur Road,1230.0,2.0,67.65,2.0,5500.000000000001
2693,Haralur Road,1194.0,2.0,46.0,2.0,3852.5963149078725
2694,Haralur Road,1092.0,2.0,44.0,2.0,4029.3040293040294
2695,Haralur Road,1464.0,3.0,56.0,3.0,3825.136612021858
2696,Haralur Road,1255.0,3.0,90.0,3.0,7171.314741035857
2697,Haralur Road,1735.0,3.0,97.0,3.0,5590.778097982709
2698,Haralur Road,1810.0,3.0,97.83,3.0,5404.972375690608
2699,Haralur Road,1200.0,2.0,46.0,2.0,3833.3333333333335
2700,Haralur Road,1243.0,2.0,46.0,2.0,3700.7240547063557
2701,Haralur Road,1810.0,3.0,112.0,3.0,6187.845303867403
2702,Harlur,1508.0,2.0,77.0,2.0,5106.100795755968
2703,Harlur,1752.12,3.0,135.0,3.0,7704.951715635916
2704,Harlur,2450.0,3.0,120.0,3.0,4897.959183673469
2705,Harlur,1460.0,3.0,73.0,3.0,5000.0
2706,Harlur,1709.0,3.0,150.0,3.0,8777.062609713283
2707,Harlur,1174.0,2.0,69.0,2.0,5877.342419080068
2708,Harlur,1033.0,2.0,49.0,2.0,4743.465634075508
2709,Harlur,1197.0,2.0,84.0,2.0,7017.543859649123
2710,Harlur,1757.0,3.0,132.0,3.0,7512.805919180421
2711,Harlur,1174.0,2.0,76.0,2.0,6473.594548551959
2712,Harlur,1754.0,3.0,125.0,3.0,7126.567844925884
2713,Harlur,1290.0,2.0,85.0,2.0,6589.147286821705
2714,Harlur,1752.12,3.0,116.0,3.0,6620.551103805676
2715,Harlur,1754.0,3.0,135.0,3.0,7696.693272519954
2716,Harlur,1754.0,3.0,124.0,3.0,7069.555302166476
2717,Harlur,1152.0,2.0,69.0,2.0,5989.583333333333
2718,Harlur,1290.0,2.0,87.0,2.0,6744.186046511628
2719,Harlur,1749.0,3.0,115.0,3.0,6575.18582046884
2720,Harlur,3385.0,4.0,260.0,4.0,7680.945347119646
2721,Harlur,2240.0,5.0,155.0,3.0,6919.642857142857
2722,Harlur,1758.0,3.0,133.0,3.0,7565.415244596132
2723,Harlur,1884.0,4.0,120.0,4.0,6369.426751592357
2724,Harlur,1197.0,2.0,79.0,2.0,6599.832915622389
2725,Harlur,1174.0,2.0,78.0,2.0,6643.9522998296425
2726,Harlur,1730.0,3.0,100.0,3.0,5780.346820809248
2727,Harlur,2138.0,3.0,110.0,3.0,5144.9953227315245
2728,Harlur,1197.0,2.0,79.0,2.0,6599.832915622389
2729,Harlur,1749.0,3.0,112.0,3.0,6403.659233847913
2730,Harlur,1174.0,2.0,75.0,2.0,6388.415672913117
2731,Harlur,1750.0,3.0,136.0,3.0,7771.428571428572
2732,Harlur,1620.0,3.0,110.0,3.0,6790.123456790124
2733,Harlur,1414.0,3.0,77.5,3.0,5480.905233380481
2734,Harlur,1630.0,3.0,95.1,3.0,5834.355828220859
2735,Harlur,1459.0,3.0,135.0,3.0,9252.912954078136
2736,Harlur,1762.0,3.0,133.0,3.0,7548.240635641317
2737,Harlur,1756.0,3.0,131.0,3.0,7460.136674259681
2738,Harlur,1755.0,3.0,130.0,3.0,7407.407407407408
2739,Harlur,1864.0,3.0,140.0,3.0,7510.729613733905
2740,Harlur,1331.0,2.0,88.0,2.0,6611.570247933884
2741,Harlur,1752.12,3.0,133.0,3.0,7590.80428281168
2742,Harlur,1133.0,2.0,55.0,2.0,4854.368932038835
2743,Harlur,1756.0,3.0,128.0,3.0,7289.293849658315
2744,Harlur,1749.0,3.0,120.0,3.0,6861.06346483705
2745,Harlur,1197.0,2.0,82.0,2.0,6850.459482038429
2746,Harlur,1303.0,2.0,90.0,2.0,6907.137375287797
2747,Harlur,1754.0,3.0,132.0,3.0,7525.655644241733
2748,Harlur,1174.0,2.0,75.0,2.0,6388.415672913117
2749,Harlur,1756.0,3.0,134.0,3.0,7630.979498861047
2750,Harlur,1197.0,2.0,78.0,2.0,6516.290726817043
2751,Harlur,1290.0,2.0,89.9,2.0,6968.992248062015
2752,Harlur,1386.0,2.0,85.0,2.0,6132.7561327561325
2753,Harlur,1174.0,2.0,74.0,2.0,6303.236797274276
2754,Harlur,1174.0,2.0,78.0,2.0,6643.9522998296425
2755,Harlur,1710.0,3.0,85.0,3.0,4970.7602339181285
2756,Harlur,1755.0,3.0,115.0,3.0,6552.706552706552
2757,Harlur,2569.0,4.0,175.0,4.0,6811.989100817439
2758,Harlur,1710.0,3.0,85.0,3.0,4970.7602339181285
2759,Harlur,1197.0,2.0,77.0,2.0,6432.748538011696
2760,Harlur,1752.12,3.0,125.0,3.0,7134.214551514737
2761,Harlur,2569.0,5.0,180.0,4.0,7006.617360840794
2762,Harlur,1225.0,2.0,56.0,2.0,4571.428571428572
2763,Harlur,1197.0,2.0,76.0,2.0,6349.206349206349
2764,Harlur,2137.0,3.0,110.0,3.0,5147.402901263454
2765,Harlur,1197.0,2.0,75.0,2.0,6265.664160401003
2766,Harlur,1755.0,3.0,117.0,3.0,6666.666666666667
2767,Harlur,1197.0,2.0,79.9,2.0,6675.020885547202
2768,Harlur,936.0,2.0,45.0,2.0,4807.692307692308
2769,Harlur,2990.0,4.0,225.0,4.0,7525.083612040134
2770,Harlur,1370.0,2.0,88.0,2.0,6423.3576642335765
2771,Hebbal,1760.0,2.0,123.0,3.0,6988.636363636364
2772,Hebbal,1900.0,3.0,119.0,3.0,6263.1578947368425
2773,Hebbal,1349.0,2.0,98.2,2.0,7279.466271312083
2774,Hebbal,2483.0,5.0,212.0,4.0,8538.058799838904
2775,Hebbal,1760.0,2.0,130.0,3.0,7386.363636363636
2776,Hebbal,3450.0,5.0,260.0,3.0,7536.231884057971
2777,Hebbal,1920.0,3.0,134.0,3.0,6979.166666666667
2778,Hebbal,1337.0,2.0,82.0,2.0,6133.1338818249815
2779,Hebbal,1349.0,2.0,98.0,2.0,7264.6404744255005
2780,Hebbal,1036.0,2.0,50.0,2.0,4826.254826254826
2781,Hebbal,1255.0,2.0,77.68,3.0,6189.641434262949
2782,Hebbal,1355.0,3.0,83.87,3.0,6189.667896678967
2783,Hebbal,1790.0,3.0,127.0,3.0,7094.972067039106
2784,Hebbal,2790.0,5.0,198.0,4.0,7096.774193548387
2785,Hebbal,1985.0,4.0,189.0,3.0,9521.410579345089
2786,Hebbal,2483.0,5.0,215.0,4.0,8658.880386629078
2787,Hebbal,1080.0,2.0,54.0,2.0,5000.0
2788,Hebbal,812.0,2.0,55.0,2.0,6773.399014778325
2789,Hebbal,2790.0,4.0,198.0,4.0,7096.774193548387
2790,Hebbal,1075.0,2.0,52.0,2.0,4837.209302325581
2791,Hebbal,3067.0,4.0,230.0,4.0,7499.184871209651
2792,Hebbal,1040.0,2.0,50.0,2.0,4807.692307692308
2793,Hebbal,2526.0,2.0,250.0,3.0,9897.070467141726
2794,Hebbal,3067.0,4.0,230.0,4.0,7499.184871209651
2795,Hebbal,1255.0,2.0,77.68,3.0,6189.641434262949
2796,Hebbal,823.0,2.0,50.63,2.0,6151.883353584447
2797,Hebbal,1420.0,2.0,123.0,2.0,8661.971830985916
2798,Hebbal,1069.0,3.0,65.4,3.0,6117.867165575305
2799,Hebbal,1420.0,2.0,99.39,2.0,6999.295774647887
2800,Hebbal,4235.0,4.0,365.0,4.0,8618.654073199528
2801,Hebbal,1700.0,3.0,124.0,3.0,7294.117647058823
2802,Hebbal,3960.0,5.0,386.0,4.0,9747.474747474747
2803,Hebbal,1550.0,2.0,75.0,3.0,4838.709677419355
2804,Hebbal,1420.0,2.0,99.39,2.0,6999.295774647887
2805,Hebbal,1355.0,3.0,83.87,3.0,6189.667896678967
2806,Hebbal,1440.0,2.0,115.0,2.0,7986.111111111111
2807,Hebbal,1100.0,2.0,54.0,2.0,4909.090909090909
2808,Hebbal,1355.0,3.0,83.87,3.0,6189.667896678967
2809,Hebbal,2400.0,4.0,180.0,3.0,7500.0
2810,Hebbal,1255.0,2.0,77.68,3.0,6189.641434262949
2811,Hebbal,1420.0,2.0,107.0,2.0,7535.211267605634
2812,Hebbal,1320.0,2.0,92.0,2.0,6969.69696969697
2813,Hebbal,919.0,2.0,49.0,2.0,5331.882480957563
2814,Hebbal,1645.0,3.0,135.0,3.0,8206.686930091186
2815,Hebbal,2080.0,3.0,175.0,3.0,8413.461538461539
2816,Hebbal,1355.0,3.0,83.87,3.0,6189.667896678967
2817,Hebbal,2483.0,5.0,230.0,4.0,9262.988320579943
2818,Hebbal,2600.0,3.0,195.0,3.0,7500.0
2819,Hebbal,1645.0,3.0,117.0,3.0,7112.462006079028
2820,Hebbal,1251.0,2.0,88.73,2.0,7092.725819344524
2821,Hebbal,1645.0,3.0,121.0,3.0,7355.623100303951
2822,Hebbal,1760.0,3.0,123.0,3.0,6988.636363636364
2823,Hebbal,2790.0,4.0,198.0,4.0,7096.774193548387
2824,Hebbal,3960.0,5.0,386.0,4.0,9747.474747474747
2825,Hebbal,1645.0,3.0,120.0,3.0,7294.83282674772
2826,Hebbal,1255.0,2.0,90.0,3.0,7171.314741035857
2827,Hebbal,1645.0,3.0,117.0,3.0,7112.462006079028
2828,Hebbal,1255.0,3.0,77.68,3.0,6189.641434262949
2829,Hebbal,1586.0,3.0,90.0,3.0,5674.653215636822
2830,Hebbal,1636.0,3.0,119.0,3.0,7273.838630806846
2831,Hebbal,1255.0,2.0,95.0,3.0,7569.721115537848
2832,Hebbal,2790.0,4.0,198.0,4.0,7096.774193548387
2833,Hebbal,1269.0,2.0,73.0,3.0,5752.561071710008
2834,Hebbal,1255.0,2.0,95.0,3.0,7569.721115537848
2835,Hebbal,1088.0,2.0,61.45,2.0,5647.97794117647
2836,Hebbal,1349.0,2.0,97.8,2.0,7249.814677538918
2837,Hebbal,1255.0,3.0,77.68,3.0,6189.641434262949
2838,Hebbal,1344.0,2.0,108.0,2.0,8035.714285714285
2839,Hebbal,1255.0,2.0,90.0,3.0,7171.314741035857
2840,Hebbal,1255.0,3.0,77.68,3.0,6189.641434262949
2841,Hebbal,1138.0,2.0,110.0,2.0,9666.080843585238
2842,Hebbal,2790.0,5.0,204.0,4.0,7311.8279569892475
2843,Hebbal,1088.0,2.0,62.0,2.0,5698.529411764706
2844,Hebbal,1987.0,4.0,165.0,3.0,8303.975842979366
2845,Hebbal,2790.0,5.0,198.0,4.0,7096.774193548387
2846,Hebbal,1299.0,2.0,100.0,2.0,7698.229407236336
2847,Hebbal,1200.0,2.0,60.0,2.0,5000.0
2848,Hebbal,1645.0,3.0,117.0,3.0,7112.462006079028
2849,Hebbal,1390.0,2.0,95.0,2.0,6834.53237410072
2850,Hebbal,1333.0,2.0,100.0,2.0,7501.875468867217
2851,Hebbal,1355.0,3.0,83.87,3.0,6189.667896678967
2852,Hebbal,2650.0,4.0,199.0,3.0,7509.433962264151
2853,Hebbal,1800.0,3.0,140.0,3.0,7777.777777777777
2854,Hebbal,1860.0,3.0,95.0,3.0,5107.5268817204305
2855,Hebbal,2470.0,4.0,203.0,4.0,8218.623481781377
2856,Hebbal,1255.0,2.0,95.0,3.0,7569.721115537848
2857,Hebbal,1333.0,2.0,104.0,2.0,7801.950487621905
2858,Hebbal,1645.0,3.0,117.0,3.0,7112.462006079028
2859,Hebbal,2600.0,3.0,199.0,3.0,7653.846153846154
2860,Hebbal,1345.0,2.0,97.0,2.0,7211.8959107806695
2861,Hebbal,1110.0,3.0,59.0,3.0,5315.315315315315
2862,Hebbal,985.0,2.0,62.0,2.0,6294.416243654822
2863,Hebbal,1320.0,2.0,91.0,2.0,6893.939393939394
2864,Hebbal,2388.0,3.0,195.0,3.0,8165.829145728643
2865,Hebbal,1040.0,2.0,55.0,2.0,5288.461538461538
2866,Hebbal,1315.0,3.0,65.0,3.0,4942.9657794676805
2867,Hebbal,2600.0,3.0,195.0,3.0,7500.0
2868,Hebbal,1075.0,2.0,52.0,2.0,4837.209302325581
2869,Hebbal,2790.0,5.0,198.0,4.0,7096.774193548387
2870,Hebbal,1645.0,3.0,113.0,3.0,6869.300911854103
2871,Hebbal,1355.0,3.0,83.87,3.0,6189.667896678967
2872,Hebbal,1420.0,2.0,99.39,2.0,6999.295774647887
2873,Hebbal,1590.0,3.0,96.0,3.0,6037.735849056604
2874,Hebbal,3520.0,5.0,320.0,3.0,9090.90909090909
2875,Hebbal,1162.0,2.0,69.0,2.0,5938.037865748709
2876,Hebbal,1100.0,2.0,60.0,2.0,5454.545454545455
2877,Hebbal,4235.0,5.0,364.0,4.0,8595.04132231405
2878,Hebbal,1299.0,2.0,97.0,2.0,7467.282525019245
2879,Hebbal,1255.0,3.0,77.68,3.0,6189.641434262949
2880,Hebbal,2470.0,5.0,192.0,4.0,7773.27935222672
2881,Hebbal,1645.0,3.0,117.0,3.0,7112.462006079028
2882,Hebbal,1920.0,3.0,134.0,3.0,6979.166666666667
2883,Hebbal,3520.0,5.0,240.0,3.0,6818.181818181818
2884,Hebbal,1920.0,3.0,150.0,3.0,7812.5
2885,Hebbal,2375.0,4.0,189.0,4.0,7957.894736842105
2886,Hebbal,1420.0,2.0,99.26,2.0,6990.140845070423
2887,Hebbal,1252.0,2.0,92.0,2.0,7348.242811501597
2888,Hebbal,2790.0,4.0,198.0,4.0,7096.774193548387
2889,Hebbal,1162.0,2.0,59.0,2.0,5077.452667814114
2890,Hebbal,1294.0,2.0,115.0,2.0,8887.171561051005
2891,Hebbal,1150.0,2.0,57.0,2.0,4956.521739130435
2892,Hebbal,1740.0,2.0,137.0,3.0,7873.563218390805
2893,Hebbal,1430.0,3.0,85.0,3.0,5944.055944055944
2894,Hebbal,1662.0,3.0,155.0,3.0,9326.113116726836
2895,Hebbal,2250.0,3.0,219.0,3.0,9733.333333333334
2896,Hebbal,1349.0,2.0,98.0,2.0,7264.6404744255005
2897,Hebbal,4000.0,6.0,370.0,4.0,9250.0
2898,Hebbal,1349.0,2.0,96.8,2.0,7175.685693106005
2899,Hebbal Kempapura,1700.0,3.0,155.0,3.0,9117.64705882353
2900,Hebbal Kempapura,1800.0,3.0,175.0,3.0,9722.222222222223
2901,Hebbal Kempapura,2900.0,4.0,300.0,3.0,10344.827586206897
2902,Hebbal Kempapura,3522.0,3.0,380.0,3.0,10789.324247586599
2903,Hebbal Kempapura,2280.0,5.0,200.0,5.0,8771.929824561403
2904,Hebbal Kempapura,1200.0,2.0,125.0,2.0,10416.666666666666
2905,Hebbal Kempapura,2900.0,4.0,240.0,3.0,8275.862068965518
2906,Hebbal Kempapura,3900.0,5.0,360.0,4.0,9230.76923076923
2907,Hebbal Kempapura,1300.0,2.0,102.0,2.0,7846.153846153846
2908,Hebbal Kempapura,1466.0,2.0,140.0,3.0,9549.795361527968
2909,Hebbal Kempapura,3900.0,5.0,310.0,4.0,7948.717948717948
2910,Hebbal Kempapura,1725.0,2.0,165.0,3.0,9565.217391304348
2911,Hebbal Kempapura,1200.0,3.0,125.0,3.0,10416.666666666666
2912,Hebbal Kempapura,3408.0,3.0,260.0,3.0,7629.107981220657
2913,Hebbal Kempapura,1485.0,3.0,132.0,2.0,8888.888888888889
2914,Hebbal Kempapura,1400.0,2.0,108.0,2.0,7714.285714285715
2915,Hebbal Kempapura,1800.0,3.0,150.0,3.0,8333.333333333334
2916,Hebbal Kempapura,2400.0,5.0,200.0,5.0,8333.333333333334
2917,Hebbal Kempapura,2800.0,5.0,220.0,5.0,7857.142857142857
2918,Hebbal Kempapura,1785.0,3.0,165.0,3.0,9243.697478991597
2919,Hebbal Kempapura,3729.0,4.0,384.0,4.0,10297.666934835077
2920,Hebbal Kempapura,1600.0,3.0,170.0,3.0,10625.0
2921,Hebbal Kempapura,1730.0,3.0,175.0,3.0,10115.606936416185
2922,Hebbal Kempapura,2485.0,4.0,198.0,4.0,7967.806841046277
2923,Hegde Nagar,1569.0,3.0,101.0,3.0,6437.221159974506
2924,Hegde Nagar,3000.0,7.0,210.0,6.0,7000.0
2925,Hegde Nagar,2026.0,3.0,132.0,3.0,6515.301085883514
2926,Hegde Nagar,1801.0,3.0,115.0,3.0,6385.341476957246
2927,Hegde Nagar,1050.0,1.0,56.0,2.0,5333.333333333333
2928,Hegde Nagar,1341.0,2.0,97.0,2.0,7233.407904548844
2929,Hegde Nagar,2112.95,4.0,145.0,3.0,6862.443503159091
2930,Hegde Nagar,1200.0,4.0,83.0,4.0,6916.666666666667
2931,Hegde Nagar,1703.0,3.0,113.0,3.0,6635.3493834409865
2932,Hegde Nagar,1570.0,3.0,105.0,3.0,6687.898089171975
2933,Hegde Nagar,1801.0,3.0,140.0,3.0,7773.459189339256
2934,Hegde Nagar,1584.01,3.0,103.0,3.0,6502.484201488627
2935,Hegde Nagar,1965.0,4.0,125.0,3.0,6361.323155216285
2936,Hegde Nagar,1200.0,2.0,75.0,2.0,6250.0
2937,Hegde Nagar,1847.0,3.0,135.0,3.0,7309.1499729290745
2938,Hegde Nagar,1965.0,4.0,132.0,3.0,6717.557251908397
2939,Hegde Nagar,1703.0,3.0,125.0,3.0,7339.988256018791
2940,Hegde Nagar,1847.0,3.0,125.0,3.0,6767.73145641581
2941,Hegde Nagar,2144.6,4.0,145.0,3.0,6761.167583698592
2942,Hegde Nagar,1718.0,3.0,119.0,3.0,6926.6589057043075
2943,Hegde Nagar,1847.0,3.0,123.0,3.0,6659.447753113156
2944,Hegde Nagar,1340.0,2.0,72.0,2.0,5373.134328358209
2945,Hegde Nagar,2087.01,3.0,115.0,3.0,5510.275465857853
2946,Hegde Nagar,1703.0,3.0,130.0,3.0,7633.587786259542
2947,Hegde Nagar,2087.01,4.0,135.0,3.0,6468.584242528785
2948,Hegde Nagar,1718.0,3.0,130.0,3.0,7566.938300349243
2949,Hegde Nagar,1884.0,4.0,118.0,3.0,6263.2696390658175
2950,Hegde Nagar,1930.0,4.0,122.0,3.0,6321.243523316062
2951,Hegde Nagar,1584.01,3.0,104.0,3.0,6565.615116066187
2952,Hegde Nagar,1168.0,2.0,68.0,3.0,5821.917808219178
2953,Hegde Nagar,2162.03,4.0,129.0,3.0,5966.614709324107
2954,Hegde Nagar,2087.01,4.0,160.0,3.0,7666.470213367448
2955,Hegde Nagar,1000.0,2.0,66.0,2.0,6600.0
2956,Hegde Nagar,1348.0,2.0,80.5,3.0,5971.810089020772
2957,Hennur,1075.0,2.0,52.0,2.0,4837.209302325581
2958,Hennur,1255.0,2.0,52.32,2.0,4168.924302788844
2959,Hennur,1225.0,2.0,57.0,2.0,4653.061224489796
2960,Hennur,1255.0,2.0,57.5,2.0,4581.673306772908
2961,Hennur,1259.0,2.0,57.0,2.0,4527.4027005559965
2962,Hennur,1255.0,2.0,53.5,2.0,4262.948207171315
2963,Hennur,1285.0,2.0,60.0,2.0,4669.260700389105
2964,Hennur,1285.0,2.0,60.0,2.0,4669.260700389105
2965,Hennur,1100.0,2.0,60.0,2.0,5454.545454545455
2966,Hennur,1231.0,2.0,48.0,2.0,3899.268887083672
2967,Hennur,1255.0,2.0,58.0,2.0,4621.5139442231075
2968,Hennur,1040.0,2.0,42.12,2.0,4050.0
2969,Hennur,1255.0,2.0,54.5,2.0,4342.629482071713
2970,Hennur,1041.0,2.0,40.6,2.0,3900.0960614793466
2971,Hennur,1340.0,3.0,54.24,3.0,4047.7611940298507
2972,Hennur,1255.0,2.0,55.5,2.0,4422.310756972111
2973,Hennur,1260.0,2.0,52.0,3.0,4126.984126984127
2974,Hennur,1231.0,2.0,50.0,2.0,4061.7384240454917
2975,Hennur,2500.0,5.0,125.0,5.0,5000.0
2976,Hennur,1160.0,2.0,49.0,2.0,4224.137931034483
2977,Hennur,2400.0,3.0,135.0,3.0,5625.0
2978,Hennur,1255.0,2.0,53.5,2.0,4262.948207171315
2979,Hennur,1255.0,2.0,55.5,2.0,4422.310756972111
2980,Hennur,1100.0,2.0,44.55,2.0,4050.0
2981,Hennur,1255.0,2.0,57.5,2.0,4581.673306772908
2982,Hennur,960.0,2.0,48.0,2.0,5000.0
2983,Hennur,1020.0,2.0,48.0,2.0,4705.882352941177
2984,Hennur,1255.0,2.0,52.32,2.0,4168.924302788844
2985,Hennur,1295.0,2.0,64.0,2.0,4942.084942084942
2986,Hennur,1935.0,3.0,102.0,3.0,5271.3178294573645
2987,Hennur,1655.0,2.0,70.5,3.0,4259.818731117824
2988,Hennur,1345.0,2.0,69.0,3.0,5130.111524163569
2989,Hennur,1255.0,2.0,58.0,2.0,4621.5139442231075
2990,Hennur,1420.0,2.0,62.0,2.0,4366.197183098591
2991,Hennur,1155.0,2.0,54.5,2.0,4718.614718614718
2992,Hennur,1255.0,2.0,52.32,2.0,4168.924302788844
2993,Hennur,1255.0,2.0,52.35,2.0,4171.314741035857
2994,Hennur,1340.0,2.0,54.27,3.0,4050.0
2995,Hennur,1255.0,2.0,54.5,2.0,4342.629482071713
2996,Hennur,1830.0,2.0,113.0,3.0,6174.863387978142
2997,Hennur,1255.0,2.0,55.5,2.0,4422.310756972111
2998,Hennur,1255.0,2.0,53.57,2.0,4268.525896414342
2999,Hennur,1255.0,2.0,56.5,2.0,4501.99203187251
3000,Hennur,1050.0,2.0,42.73,2.0,4069.5238095238096
3001,Hennur,1295.0,2.0,62.0,2.0,4787.644787644787
3002,Hennur Road,2089.0,3.0,140.0,3.0,6701.771182383915
3003,Hennur Road,5000.0,8.0,250.0,8.0,5000.0
3004,Hennur Road,1385.0,2.0,83.09,2.0,5999.27797833935
3005,Hennur Road,1500.0,2.0,62.0,3.0,4133.333333333333
3006,Hennur Road,2264.0,3.0,159.0,3.0,7022.968197879859
3007,Hennur Road,1157.0,2.0,84.0,2.0,7260.155574762316
3008,Hennur Road,1904.0,3.0,120.0,3.0,6302.5210084033615
3009,Hennur Road,1891.0,3.0,109.0,3.0,5764.1459545214175
3010,Hennur Road,1561.0,3.0,95.0,3.0,6085.842408712364
3011,Hennur Road,1192.0,2.0,60.0,3.0,5033.557046979866
3012,Hennur Road,2060.0,3.0,149.0,3.0,7233.0097087378645
3013,Hennur Road,1482.0,2.0,92.0,3.0,6207.827260458839
3014,Hennur Road,1232.0,2.0,89.0,2.0,7224.025974025974
3015,Hennur Road,1065.0,2.0,42.6,2.0,4000.0
3016,Hennur Road,1482.0,2.0,83.73,3.0,5649.797570850203
3017,Hennur Road,1482.0,2.0,87.0,3.0,5870.4453441295545
3018,Hennur Road,1891.0,3.0,139.0,3.0,7350.608143839238
3019,Hennur Road,1703.0,3.0,101.0,3.0,5930.710510863182
3020,Hennur Road,1232.0,2.0,69.61,2.0,5650.162337662337
3021,Hennur Road,987.0,2.0,49.0,2.0,4964.5390070921985
3022,Hennur Road,1804.0,3.0,102.0,3.0,5654.10199556541
3023,Hennur Road,2160.0,3.0,160.0,3.0,7407.407407407408
3024,Hennur Road,1186.0,2.0,63.0,3.0,5311.973018549747
3025,Hennur Road,1680.0,3.0,99.27,3.0,5908.928571428572
3026,Hennur Road,1065.0,2.0,42.6,2.0,4000.0
3027,Hennur Road,1385.0,2.0,83.09,2.0,5999.27797833935
3028,Hennur Road,1186.0,2.0,56.0,3.0,4721.753794266442
3029,Hennur Road,2350.0,3.0,174.0,3.0,7404.255319148936
3030,Hennur Road,1586.0,3.0,93.94,3.0,5923.076923076923
3031,Hennur Road,1975.0,3.0,123.0,3.0,6227.848101265823
3032,Hennur Road,1290.0,2.0,94.5,3.0,7325.581395348837
3033,Hennur Road,901.0,2.0,49.5,2.0,5493.895671476138
3034,Hennur Road,1445.0,3.0,86.56,3.0,5990.311418685121
3035,Hennur Road,1482.0,2.0,97.0,3.0,6545.209176788124
3036,Hennur Road,1182.0,2.0,82.5,2.0,6979.6954314720815
3037,Hennur Road,1192.0,2.0,62.0,3.0,5201.342281879195
3038,Hennur Road,1036.0,2.0,59.46,2.0,5739.382239382239
3039,Hennur Road,1891.0,3.0,109.0,3.0,5764.1459545214175
3040,Hennur Road,1232.0,2.0,69.61,2.0,5650.162337662337
3041,Hennur Road,1804.0,3.0,102.0,3.0,5654.10199556541
3042,Hennur Road,2320.0,3.0,170.0,3.0,7327.586206896552
3043,Hennur Road,1936.0,3.0,118.0,3.0,6095.0413223140495
3044,Hennur Road,1480.0,2.0,65.0,2.0,4391.891891891892
3045,Hennur Road,1590.0,3.0,96.5,3.0,6069.182389937107
3046,Hennur Road,1445.0,2.0,105.0,3.0,7266.435986159169
3047,Hennur Road,1036.0,2.0,59.45,2.0,5738.416988416989
3048,Hennur Road,1832.0,3.0,125.0,3.0,6823.144104803493
3049,Hennur Road,1359.0,2.0,104.0,2.0,7652.685798381162
3050,Hennur Road,1341.0,2.0,75.76,2.0,5649.515287099181
3051,Hennur Road,1040.0,2.0,50.0,2.0,4807.692307692308
3052,Hennur Road,1685.0,3.0,95.0,3.0,5637.982195845697
3053,Hennur Road,1414.0,2.0,84.18,2.0,5953.323903818953
3054,Hennur Road,1949.0,3.0,133.0,3.0,6824.012314007183
3055,Hennur Road,1232.0,2.0,89.0,2.0,7224.025974025974
3056,Hennur Road,1250.0,2.0,77.88,3.0,6230.4
3057,Hennur Road,2502.0,4.0,180.0,4.0,7194.244604316546
3058,Hennur Road,1831.0,3.0,110.0,3.0,6007.646095030038
3059,Hennur Road,1232.0,2.0,87.0,2.0,7061.688311688312
3060,Hennur Road,1232.0,2.0,74.0,2.0,6006.493506493506
3061,Hennur Road,1232.0,2.0,66.0,2.0,5357.142857142857
3062,Hennur Road,1341.0,2.0,95.0,2.0,7084.265473527218
3063,Hennur Road,2700.0,3.0,150.0,3.0,5555.555555555556
3064,Hennur Road,1232.0,2.0,88.0,2.0,7142.857142857143
3065,Hennur Road,2365.0,4.0,175.0,3.0,7399.577167019028
3066,Hennur Road,1310.0,2.0,66.0,2.0,5038.167938931298
3067,Hennur Road,1552.0,3.0,75.0,3.0,4832.474226804124
3068,Hennur Road,1015.0,2.0,50.0,2.0,4926.108374384236
3069,Hennur Road,1186.0,2.0,55.33,3.0,4665.2613827993255
3070,Hennur Road,2264.0,3.0,168.0,3.0,7420.494699646643
3071,Hennur Road,2002.0,3.0,120.0,3.0,5994.005994005994
3072,Hennur Road,1232.0,2.0,69.6,2.0,5649.350649350648
3073,Hennur Road,1195.0,2.0,73.0,2.0,6108.786610878661
3074,Hennur Road,1020.0,2.0,47.0,2.0,4607.843137254902
3075,Hennur Road,5100.0,6.0,375.0,5.0,7352.941176470588
3076,Hennur Road,1061.0,2.0,54.92,2.0,5176.248821866164
3077,Hennur Road,1585.0,2.0,80.0,3.0,5047.318611987382
3078,Hennur Road,1020.0,2.0,45.0,2.0,4411.764705882353
3079,Hennur Road,2041.0,3.0,128.0,3.0,6271.435570798628
3080,Hennur Road,1232.0,2.0,87.0,2.0,7061.688311688312
3081,Hennur Road,1066.0,2.0,52.23,2.0,4899.624765478424
3082,Hennur Road,973.0,2.0,56.0,2.0,5755.395683453237
3083,Hennur Road,1255.0,2.0,84.0,2.0,6693.227091633466
3084,Hennur Road,1232.0,2.0,83.0,2.0,6737.012987012987
3085,Hennur Road,1832.0,3.0,116.0,3.0,6331.8777292576415
3086,Hennur Road,2050.0,3.0,120.0,3.0,5853.658536585366
3087,Hennur Road,1445.0,2.0,86.69,3.0,5999.307958477509
3088,Hennur Road,1445.0,2.0,83.0,3.0,5743.9446366782
3089,Hennur Road,1679.0,3.0,94.86,3.0,5649.791542584872
3090,Hennur Road,1482.0,2.0,68.9,3.0,4649.122807017545
3091,Hennur Road,1654.0,3.0,97.8,3.0,5912.938331318017
3092,Hennur Road,1480.0,3.0,100.0,3.0,6756.756756756757
3093,Hennur Road,1450.0,3.0,88.6,3.0,6110.3448275862065
3094,Hennur Road,1155.0,2.0,69.18,2.0,5989.6103896103905
3095,Hennur Road,1053.0,2.0,53.0,2.0,5033.2383665717
3096,Hennur Road,1195.0,2.0,59.0,2.0,4937.238493723849
3097,Hennur Road,1904.0,3.0,129.0,3.0,6775.210084033613
3098,Hennur Road,1981.0,3.0,134.0,3.0,6764.260474507824
3099,Hennur Road,1155.0,2.0,69.18,2.0,5989.6103896103905
3100,Hennur Road,2000.0,4.0,90.0,4.0,4500.0
3101,Hennur Road,1590.0,3.0,105.0,3.0,6603.773584905661
3102,Hennur Road,2041.0,3.0,138.0,3.0,6761.391474767271
3103,Hennur Road,1100.0,2.0,78.0,3.0,7090.909090909091
3104,Hennur Road,1880.0,4.0,154.0,4.0,8191.489361702128
3105,Hennur Road,1232.0,2.0,69.61,2.0,5650.162337662337
3106,Hennur Road,1748.0,3.0,103.0,3.0,5892.448512585813
3107,Hennur Road,1460.0,2.0,80.3,2.0,5500.0
3108,Hennur Road,1933.0,3.0,140.0,3.0,7242.628039317124
3109,Hennur Road,1030.0,2.0,46.5,2.0,4514.563106796117
3110,Hennur Road,1232.0,2.0,69.61,2.0,5650.162337662337
3111,Hennur Road,1450.0,3.0,79.0,3.0,5448.275862068966
3112,Hennur Road,1445.0,2.0,89.56,3.0,6197.923875432526
3113,Hennur Road,973.0,2.0,50.74,2.0,5214.799588900309
3114,Hennur Road,1482.0,2.0,83.73,3.0,5649.797570850203
3115,Hennur Road,1305.0,2.0,77.0,3.0,5900.383141762452
3116,Hennur Road,1672.0,3.0,86.0,3.0,5143.540669856459
3117,Hennur Road,1165.0,2.0,67.0,2.0,5751.07296137339
3118,Hennur Road,980.0,2.0,51.0,2.0,5204.081632653061
3119,Hennur Road,1232.0,2.0,80.0,2.0,6493.506493506494
3120,Hennur Road,1085.0,2.0,43.4,2.0,4000.0
3121,Hennur Road,950.0,2.0,55.0,2.0,5789.473684210527
3122,Hennur Road,1140.0,2.0,56.0,2.0,4912.2807017543855
3123,Hennur Road,1891.0,3.0,110.0,3.0,5817.028027498678
3124,Hennur Road,1735.0,3.0,78.0,3.0,4495.677233429395
3125,Hennur Road,1470.0,2.0,75.0,3.0,5102.040816326531
3126,Hennur Road,1165.0,2.0,52.0,2.0,4463.519313304721
3127,Hennur Road,1450.0,2.0,80.0,2.0,5517.241379310345
3128,Hennur Road,1155.0,2.0,69.18,2.0,5989.6103896103905
3129,Hennur Road,1936.0,3.0,131.0,3.0,6766.528925619835
3130,Hoodi,985.0,2.0,67.0,2.0,6802.030456852792
3131,Hoodi,1715.0,2.0,95.0,3.0,5539.35860058309
3132,Hoodi,2118.0,4.0,111.0,4.0,5240.793201133144
3133,Hoodi,1425.0,2.0,80.0,2.0,5614.035087719299
3134,Hoodi,1420.0,2.0,75.0,2.0,5281.69014084507
3135,Hoodi,1639.0,3.0,110.0,3.0,6711.4093959731545
3136,Hoodi,1606.0,3.0,89.55,3.0,5575.965130759651
3137,Hoodi,1639.0,3.0,98.32,3.0,5998.779743746187
3138,Hoodi,2863.0,4.0,140.0,4.0,4889.97555012225
3139,Hoodi,1512.0,3.0,75.77,3.0,5011.243386243386
3140,Hoodi,1026.0,2.0,60.87,2.0,5932.748538011696
3141,Hoodi,1050.0,2.0,50.0,2.0,4761.9047619047615
3142,Hoodi,1400.0,2.0,78.0,2.0,5571.428571428572
3143,Hoodi,2400.0,5.0,160.0,5.0,6666.666666666667
3144,Hoodi,1196.0,2.0,71.74,2.0,5998.327759197324
3145,Hoodi,1553.0,3.0,83.09,3.0,5350.289761751449
3146,Hoodi,1500.0,2.0,84.0,2.0,5600.0
3147,Hoodi,1055.0,2.0,57.63,2.0,5462.559241706161
3148,Hoodi,1925.0,2.0,114.0,3.0,5922.077922077922
3149,Hoodi,1400.0,2.0,82.0,2.0,5857.142857142857
3150,Hoodi,1746.0,3.0,84.95,3.0,4865.406643757159
3151,Hoodi,706.0,1.0,48.24,1.0,6832.8611898017
3152,Hoodi,1257.0,2.0,69.0,2.0,5489.260143198091
3153,Hoodi,1132.0,2.0,67.9,2.0,5998.233215547704
3154,Hoodi,1925.0,3.0,110.0,3.0,5714.285714285715
3155,Hoodi,1769.0,3.0,96.87,3.0,5475.975127190503
3156,Hoodi,1257.0,2.0,71.03,2.0,5650.755767700875
3157,Hoodi,1305.0,2.0,75.0,2.0,5747.126436781609
3158,Hoodi,1490.0,3.0,79.0,3.0,5302.013422818792
3159,Hoodi,1240.0,2.0,65.0,2.0,5241.935483870968
3160,Hoodi,1370.0,3.0,67.0,3.0,4890.510948905109
3161,Hoodi,1108.0,2.0,74.23,2.0,6699.458483754513
3162,Hoodi,1257.0,2.0,68.5,2.0,5449.482895783612
3163,Hoodi,1000.0,2.0,48.0,2.0,4800.0
3164,Hoodi,1063.0,2.0,61.17,2.0,5754.468485418626
3165,Hoodi,1259.0,2.0,69.45,2.0,5516.282764098491
3166,Hoodi,1559.0,3.0,81.55,3.0,5230.917254650417
3167,Hoodi,1715.0,2.0,100.0,3.0,5830.903790087464
3168,Hoodi,1350.0,3.0,70.0,3.0,5185.185185185185
3169,Hoodi,1447.0,3.0,76.0,2.0,5252.24602626123
3170,Hoodi,2144.0,3.0,140.0,3.0,6529.850746268657
3171,Hoodi,1108.0,2.0,66.46,2.0,5998.194945848375
3172,Hoodi,1400.0,3.0,74.0,3.0,5285.714285714285
3173,Hoodi,1837.0,3.0,110.0,3.0,5988.023952095808
3174,Hoodi,3385.0,4.0,220.0,4.0,6499.261447562777
3175,Hoodi,1644.0,3.0,80.51,3.0,4897.20194647202
3176,Hoodi,1181.0,2.0,55.0,2.0,4657.070279424217
3177,Hoodi,1490.0,3.0,85.0,3.0,5704.697986577181
3178,Horamavu Agara,1200.0,2.0,45.0,2.0,3750.0
3179,Horamavu Agara,1560.0,3.0,75.0,3.0,4807.692307692308
3180,Horamavu Agara,755.0,2.0,37.49,2.0,4965.562913907284
3181,Horamavu Agara,982.0,2.0,47.65,2.0,4852.34215885947
3182,Horamavu Agara,1650.0,2.0,75.0,3.0,4545.454545454545
3183,Horamavu Agara,950.0,2.0,39.0,2.0,4105.263157894737
3184,Horamavu Agara,1756.0,3.0,92.0,3.0,5239.179954441914
3185,Horamavu Agara,1106.0,2.0,43.09,2.0,3896.021699819168
3186,Horamavu Agara,1079.0,2.0,41.0,2.0,3799.8146431881373
3187,Horamavu Agara,1265.0,2.0,65.0,3.0,5138.339920948617
3188,Horamavu Agara,1060.0,2.0,37.0,2.0,3490.566037735849
3189,Horamavu Agara,1107.83,2.0,41.51,2.0,3746.964787016059
3190,Horamavu Agara,980.0,2.0,38.19,2.0,3896.938775510204
3191,Horamavu Agara,1250.0,3.0,65.0,3.0,5200.0
3192,Horamavu Agara,1145.0,2.0,41.21,2.0,3599.126637554585
3193,Horamavu Agara,2400.0,3.0,80.0,5.0,3333.3333333333335
3194,Horamavu Agara,1000.0,2.0,46.0,2.0,4600.0
3195,Horamavu Agara,760.0,2.0,37.49,2.0,4932.894736842105
3196,Horamavu Agara,1150.0,2.0,42.0,2.0,3652.1739130434785
3197,Horamavu Agara,1364.0,2.0,50.0,3.0,3665.689149560117
3198,Horamavu Agara,750.0,2.0,37.49,2.0,4998.666666666667
3199,Horamavu Agara,625.0,1.0,27.0,1.0,4320.0
3200,Horamavu Agara,1080.0,2.0,38.0,2.0,3518.5185185185187
3201,Horamavu Agara,994.0,2.0,42.28,2.0,4253.521126760564
3202,Horamavu Agara,1107.83,2.0,41.51,2.0,3746.964787016059
3203,Horamavu Agara,1300.0,2.0,52.0,3.0,4000.0
3204,Horamavu Agara,1090.0,2.0,46.0,2.0,4220.183486238532
3205,Horamavu Agara,1400.0,3.0,63.0,3.0,4500.0
3206,Horamavu Agara,1557.0,3.0,70.0,3.0,4495.82530507386
3207,Horamavu Agara,1058.0,2.0,47.0,2.0,4442.34404536862
3208,Horamavu Banaswadi,1554.0,3.0,55.0,3.0,3539.253539253539
3209,Horamavu Banaswadi,1611.0,3.0,66.0,3.0,4096.83426443203
3210,Horamavu Banaswadi,1460.0,2.0,80.5,2.0,5513.698630136986
3211,Horamavu Banaswadi,1156.0,2.0,46.0,2.0,3979.2387543252594
3212,Horamavu Banaswadi,1180.0,2.0,58.0,2.0,4915.254237288135
3213,Horamavu Banaswadi,1307.0,2.0,51.6,2.0,3947.972456006121
3214,Horamavu Banaswadi,3800.0,8.0,200.0,6.0,5263.1578947368425
3215,Horamavu Banaswadi,1357.0,2.0,54.0,2.0,3979.3662490788506
3216,Horamavu Banaswadi,925.0,2.0,38.0,2.0,4108.108108108108
3217,Horamavu Banaswadi,1272.0,2.0,48.0,2.0,3773.5849056603774
3218,Horamavu Banaswadi,1225.0,2.0,49.5,2.0,4040.816326530612
3219,Horamavu Banaswadi,1272.0,2.0,51.5,2.0,4048.7421383647797
3220,Horamavu Banaswadi,1272.0,2.0,51.5,2.0,4048.7421383647797
3221,Horamavu Banaswadi,1156.0,2.0,46.9,2.0,4057.093425605536
3222,Horamavu Banaswadi,1200.0,2.0,45.0,2.0,3750.0
3223,Horamavu Banaswadi,1254.0,2.0,47.0,2.0,3748.006379585327
3224,Horamavu Banaswadi,1610.0,3.0,68.0,3.0,4223.60248447205
3225,Horamavu Banaswadi,1210.0,2.0,50.0,2.0,4132.231404958678
3226,Horamavu Banaswadi,1357.0,2.0,54.0,2.0,3979.3662490788506
3227,Horamavu Banaswadi,1272.0,2.0,50.0,2.0,3930.817610062893
3228,Horamavu Banaswadi,1200.0,2.0,45.0,2.0,3750.0
3229,Horamavu Banaswadi,1025.0,2.0,45.0,2.0,4390.243902439024
3230,Horamavu Banaswadi,1081.0,2.0,52.0,2.0,4810.360777058279
3231,Horamavu Banaswadi,1000.0,2.0,50.0,2.0,5000.0
3232,Hormavu,1500.0,2.0,78.0,2.0,5200.0
3233,Hormavu,1150.0,2.0,55.0,2.0,4782.608695652174
3234,Hormavu,715.0,1.0,46.0,1.0,6433.566433566433
3235,Hormavu,2100.0,3.0,73.0,3.0,3476.190476190476
3236,Hormavu,1180.0,2.0,50.0,2.0,4237.28813559322
3237,Hormavu,1200.0,2.0,67.0,2.0,5583.333333333333
3238,Hormavu,1200.0,3.0,70.0,2.0,5833.333333333333
3239,Hormavu,1175.0,2.0,52.0,2.0,4425.531914893617
3240,Hormavu,1351.0,2.0,53.0,1.0,3923.019985196151
3241,Hormavu,1141.0,2.0,44.4,2.0,3891.3234005258546
3242,Hormavu,1130.0,2.0,42.3,2.0,3743.362831858407
3243,Hormavu,1500.0,3.0,70.0,3.0,4666.666666666667
3244,Hormavu,1725.0,3.0,85.0,3.0,4927.536231884058
3245,Hormavu,1153.0,2.0,65.0,2.0,5637.467476149176
3246,Hormavu,1150.0,2.0,53.11,2.0,4618.260869565217
3247,Hormavu,1123.0,2.0,56.0,2.0,4986.642920747997
3248,Hormavu,1385.0,2.0,69.0,3.0,4981.949458483755
3249,Hormavu,1030.0,2.0,49.35,2.0,4791.26213592233
3250,Hormavu,1018.0,2.0,50.8,2.0,4990.176817288801
3251,Hormavu,1555.0,3.0,75.0,3.0,4823.15112540193
3252,Hormavu,1143.0,2.0,53.0,2.0,4636.920384951881
3253,Hormavu,1100.0,2.0,38.0,2.0,3454.5454545454545
3254,Hormavu,1000.0,2.0,50.0,2.0,5000.0
3255,Hormavu,1200.0,2.0,68.0,2.0,5666.666666666667
3256,Hormavu,1553.0,2.0,58.23,3.0,3749.5170637475853
3257,Hormavu,1200.0,2.0,68.0,2.0,5666.666666666667
3258,Hormavu,765.0,2.0,37.49,2.0,4900.653594771242
3259,Hormavu,1420.0,3.0,58.0,3.0,4084.507042253521
3260,Hormavu,1250.0,2.0,60.0,2.0,4800.0
3261,Hormavu,965.0,2.0,37.15,2.0,3849.740932642487
3262,Hormavu,1129.0,2.0,44.0,2.0,3897.2542072630645
3263,Hormavu,1385.0,2.0,69.25,3.0,5000.0
3264,Hormavu,1065.0,2.0,50.92,2.0,4781.220657276996
3265,Hormavu,1046.0,2.0,60.0,2.0,5736.137667304015
3266,Hormavu,1400.0,2.0,75.0,2.0,5357.142857142857
3267,Hormavu,1365.0,2.0,65.0,3.0,4761.9047619047615
3268,Hormavu,1196.0,2.0,44.8,2.0,3745.819397993311
3269,Hormavu,1263.0,2.0,47.36,2.0,3749.802058590657
3270,Hormavu,1015.0,2.0,39.08,2.0,3850.246305418719
3271,Hormavu,1550.0,2.0,60.0,3.0,3870.967741935484
3272,Hormavu,1200.0,2.0,73.0,2.0,6083.333333333333
3273,Hormavu,1250.0,2.0,65.0,2.0,5200.0
3274,Hormavu,1604.0,3.0,68.0,3.0,4239.401496259352
3275,Hormavu,1075.0,2.0,53.7,2.0,4995.3488372093025
3276,Hormavu,980.0,2.0,42.0,2.0,4285.714285714285
3277,Hormavu,1075.0,2.0,53.7,2.0,4995.3488372093025
3278,Hormavu,2282.0,4.0,115.0,4.0,5039.439088518843
3279,Hormavu,1206.0,2.0,55.0,2.0,4560.530679933665
3280,Hormavu,1310.0,2.0,67.0,2.0,5114.503816793893
3281,Hormavu,1310.0,2.0,60.0,2.0,4580.152671755725
3282,Hormavu,1020.0,2.0,45.75,2.0,4485.294117647059
3283,Hormavu,1210.0,2.0,69.0,2.0,5702.479338842975
3284,Hosa Road,1652.0,3.0,85.0,3.0,5145.2784503631965
3285,Hosa Road,1639.0,3.0,80.0,3.0,4881.0250152532035
3286,Hosa Road,1161.0,2.0,55.15,2.0,4750.215331610681
3287,Hosa Road,1726.0,3.0,81.99,3.0,4750.289687137891
3288,Hosa Road,1161.0,2.0,55.15,2.0,4750.215331610681
3289,Hosa Road,1430.0,2.0,97.52,2.0,6819.580419580419
3290,Hosa Road,1365.0,2.0,92.0,2.0,6739.92673992674
3291,Hosa Road,1243.0,2.0,48.5,2.0,3901.850362027353
3292,Hosa Road,1541.0,3.0,69.84,3.0,4532.121998702141
3293,Hosa Road,1332.0,2.0,86.12,3.0,6465.465465465465
3294,Hosa Road,615.0,1.0,28.29,1.0,4600.0
3295,Hosa Road,1318.0,2.0,85.28,3.0,6470.40971168437
3296,Hosa Road,1513.0,3.0,103.0,3.0,6807.666886979511
3297,Hosa Road,1133.0,2.0,52.0,2.0,4589.585172109444
3298,Hosa Road,1016.0,2.0,40.0,2.0,3937.0078740157483
3299,Hosa Road,972.0,2.0,40.0,2.0,4115.22633744856
3300,Hosa Road,1161.0,2.0,55.15,2.0,4750.215331610681
3301,Hosa Road,1532.0,3.0,98.13,3.0,6405.352480417754
3302,Hosa Road,1680.0,3.0,101.0,3.0,6011.9047619047615
3303,Hosa Road,880.0,2.0,50.0,2.0,5681.818181818182
3304,Hosa Road,1533.0,3.0,98.18,3.0,6404.4357469015
3305,Hosa Road,1040.0,2.0,68.59,2.0,6595.192307692308
3306,Hosa Road,1040.0,2.0,61.0,2.0,5865.384615384615
3307,Hosa Road,2500.0,3.0,100.0,3.0,4000.0
3308,Hosa Road,1245.0,2.0,62.0,2.0,4979.919678714859
3309,Hosa Road,1311.0,2.0,84.86,3.0,6472.921434019832
3310,Hosa Road,1512.0,3.0,103.0,3.0,6812.169312169312
3311,Hosa Road,1726.0,3.0,81.99,3.0,4750.289687137891
3312,Hosa Road,1364.0,2.0,64.79,2.0,4750.000000000001
3313,Hosa Road,1016.0,2.0,45.0,2.0,4429.133858267716
3314,Hosa Road,1730.0,3.0,72.6,3.0,4196.531791907514
3315,Hosa Road,1360.0,2.0,77.61,2.0,5706.617647058823
3316,Hosa Road,1170.0,2.0,65.0,2.0,5555.555555555556
3317,Hosa Road,1161.0,2.0,55.15,2.0,4750.215331610681
3318,Hosa Road,1470.0,2.0,84.22,3.0,5729.251700680272
3319,Hosa Road,1513.0,3.0,103.0,3.0,6807.666886979511
3320,Hosa Road,1708.0,3.0,64.05,4.0,3750.0
3321,Hosa Road,1161.0,2.0,48.75,2.0,4198.966408268734
3322,Hosa Road,1541.0,3.0,69.61,3.0,4517.1966255678135
3323,Hosa Road,1016.0,2.0,39.95,2.0,3932.086614173229
3324,Hosakerehalli,2378.0,3.0,262.0,3.0,11017.661900756939
3325,Hosakerehalli,2376.0,3.0,203.0,3.0,8543.771043771043
3326,Hosakerehalli,3205.0,5.0,380.0,4.0,11856.474258970358
3327,Hosakerehalli,3024.0,5.0,248.0,4.0,8201.0582010582
3328,Hosakerehalli,3024.0,5.0,350.0,4.0,11574.074074074075
3329,Hosakerehalli,2400.0,5.0,250.0,5.0,10416.666666666666
3330,Hosakerehalli,1817.0,4.0,153.0,3.0,8420.473307649972
3331,Hosakerehalli,1304.0,2.0,100.0,2.0,7668.711656441717
3332,Hosakerehalli,2480.0,3.0,245.0,3.0,9879.032258064517
3333,Hosakerehalli,925.0,2.0,46.5,2.0,5027.027027027027
3334,Hosakerehalli,2480.0,4.0,260.0,3.0,10483.870967741936
3335,Hosakerehalli,1596.0,3.0,79.8,3.0,5000.0
3336,Hosakerehalli,1200.0,2.0,100.0,3.0,8333.333333333334
3337,Hosakerehalli,3205.0,4.0,300.0,4.0,9360.374414976599
3338,Hosakerehalli,3033.0,4.0,326.0,4.0,10748.433893834488
3339,Hosakerehalli,600.0,2.0,65.0,2.0,10833.333333333334
3340,Hosakerehalli,2480.0,4.0,265.0,3.0,10685.483870967742
3341,Hosakerehalli,925.0,2.0,46.25,2.0,5000.0
3342,Hosakerehalli,2376.0,3.0,240.0,3.0,10101.0101010101
3343,Hosakerehalli,1500.0,6.0,145.0,5.0,9666.666666666666
3344,Hoskote,1250.0,3.0,50.0,3.0,4000.0
3345,Hoskote,1225.0,3.0,40.0,3.0,3265.3061224489797
3346,Hoskote,1740.0,3.0,60.0,3.0,3448.2758620689656
3347,Hoskote,1170.0,2.0,45.0,2.0,3846.153846153846
3348,Hoskote,1250.0,3.0,29.0,3.0,2320.0
3349,Hoskote,1200.0,3.0,57.0,3.0,4750.0
3350,Hoskote,1069.0,2.0,38.0,3.0,3554.724041159963
3351,Hoskote,1095.0,2.0,33.6,2.0,3068.4931506849316
3352,Hoskote,1695.0,3.0,50.0,3.0,2949.8525073746314
3353,Hoskote,1065.0,2.0,31.5,2.0,2957.7464788732395
3354,Hoskote,1395.0,2.0,63.0,3.0,4516.129032258064
3355,Hoskote,1065.0,2.0,28.5,2.0,2676.056338028169
3356,Hoskote,945.0,2.0,35.0,2.0,3703.703703703704
3357,Hoskote,1065.0,2.0,33.75,2.0,3169.0140845070423
3358,Hoskote,509.0,1.0,23.0,1.0,4518.664047151277
3359,Hosur Road,1656.0,2.0,120.0,2.0,7246.376811594203
3360,Hosur Road,1194.0,2.0,69.0,2.0,5778.894472361809
3361,Hosur Road,1175.0,2.0,48.0,3.0,4085.1063829787236
3362,Hosur Road,1145.0,2.0,60.0,3.0,5240.174672489083
3363,Hosur Road,3300.0,5.0,240.0,5.0,7272.727272727273
3364,Hosur Road,1510.0,2.0,105.0,3.0,6953.64238410596
3365,Hosur Road,1427.0,2.0,80.63,3.0,5650.31534688157
3366,Hosur Road,1508.0,2.0,110.0,3.0,7294.429708222811
3367,Hosur Road,460.0,1.0,21.0,1.0,4565.217391304348
3368,Hosur Road,1733.0,2.0,85.0,3.0,4904.789382573572
3369,Hosur Road,1179.0,2.0,49.0,2.0,4156.064461407973
3370,Hosur Road,950.0,2.0,60.0,2.0,6315.789473684211
3371,Hosur Road,1194.0,2.0,71.64,2.0,6000.0
3372,Hosur Road,1766.0,3.0,130.0,3.0,7361.268403171008
3373,Hosur Road,1689.0,3.0,103.0,3.0,6098.283007696862
3374,Hosur Road,3600.0,5.0,180.0,5.0,5000.0
3375,Hosur Road,1170.0,2.0,48.0,2.0,4102.5641025641025
3376,Hosur Road,1250.0,2.0,55.0,2.0,4400.0
3377,Hosur Road,1689.0,3.0,103.0,3.0,6098.283007696862
3378,Hosur Road,3000.0,4.0,160.0,4.0,5333.333333333333
3379,Hosur Road,2000.0,4.0,130.0,4.0,6500.0
3380,Hosur Road,1250.0,2.0,65.0,2.0,5200.0
3381,Hosur Road,1689.0,3.0,103.0,3.0,6098.283007696862
3382,Hosur Road,1685.0,3.0,90.0,3.0,5341.246290801187
3383,Hosur Road,1223.0,2.0,93.0,2.0,7604.251839738348
3384,Hosur Road,1919.0,3.0,117.0,3.0,6096.925482021887
3385,Hulimavu,1125.0,2.0,50.0,2.0,4444.444444444444
3386,Hulimavu,1242.0,2.0,51.0,2.0,4106.280193236715
3387,Hulimavu,1650.0,3.0,78.0,3.0,4727.272727272727
3388,Hulimavu,1823.0,3.0,100.0,3.0,5485.463521667581
3389,Hulimavu,1300.0,2.0,36.0,2.0,2769.230769230769
3390,Hulimavu,1080.0,2.0,43.2,2.0,4000.0
3391,Hulimavu,1100.0,2.0,71.5,2.0,6500.0
3392,Hulimavu,1758.0,3.0,65.0,3.0,3697.3833902161546
3393,Hulimavu,688.0,1.0,50.0,1.0,7267.441860465116
3394,Hulimavu,1255.0,2.0,73.0,2.0,5816.733067729084
3395,Hulimavu,1200.0,4.0,75.0,4.0,6250.0
3396,Hulimavu,1058.0,2.0,48.0,2.0,4536.862003780719
3397,Hulimavu,1375.0,2.0,80.0,2.0,5818.181818181818
3398,Hulimavu,1248.0,2.0,69.0,2.0,5528.846153846154
3399,Hulimavu,1818.0,3.0,135.0,3.0,7425.742574257426
3400,Hulimavu,1225.0,2.0,55.0,2.0,4489.7959183673465
3401,Hulimavu,1255.0,2.0,74.0,2.0,5896.414342629482
3402,Hulimavu,1175.0,2.0,45.0,2.0,3829.7872340425533
3403,Hulimavu,1255.0,2.0,69.0,2.0,5498.00796812749
3404,Hulimavu,1255.0,2.0,66.0,2.0,5258.964143426295
3405,Hulimavu,3035.0,5.0,271.0,3.0,8929.159802306425
3406,Hulimavu,3035.0,5.0,220.0,3.0,7248.764415156507
3407,Hulimavu,1127.0,2.0,65.0,2.0,5767.524401064774
3408,Hulimavu,1200.0,2.0,50.0,2.0,4166.666666666667
3409,Hulimavu,1450.0,3.0,72.0,3.0,4965.517241379311
3410,Hulimavu,1200.0,2.0,75.0,2.0,6250.0
3411,Hulimavu,1430.0,2.0,90.0,3.0,6293.706293706294
3412,Hulimavu,850.0,1.0,39.5,2.0,4647.058823529412
3413,Hulimavu,1000.0,2.0,45.0,2.0,4500.0
3414,Hulimavu,1320.0,2.0,59.0,3.0,4469.69696969697
3415,Hulimavu,2000.0,4.0,100.0,4.0,5000.0
3416,Hulimavu,3560.0,5.0,318.0,4.0,8932.58426966292
3417,Hulimavu,1011.0,2.0,38.0,2.0,3758.6547972304647
3418,Hulimavu,1276.0,2.0,76.0,2.0,5956.112852664577
3419,Hulimavu,1500.0,2.0,90.0,2.0,6000.0
3420,Hulimavu,1021.0,2.0,76.0,2.0,7443.682664054848
3421,Hulimavu,581.0,1.0,29.0,1.0,4991.394148020654
3422,Hulimavu,935.0,2.0,45.0,2.0,4812.834224598931
3423,Hulimavu,1050.0,2.0,125.0,2.0,11904.761904761905
3424,Hulimavu,1320.0,2.0,65.0,3.0,4924.242424242424
3425,Hulimavu,1200.0,4.0,75.0,4.0,6250.0
3426,Hulimavu,1260.0,2.0,82.0,3.0,6507.936507936508
3427,Hulimavu,450.0,1.0,20.0,1.0,4444.444444444444
3428,Hulimavu,1231.0,2.0,84.5,2.0,6864.337936636881
3429,Hulimavu,1916.0,2.0,150.0,3.0,7828.8100208768265
3430,Hulimavu,1115.0,2.0,44.6,2.0,4000.0
3431,ISRO Layout,4400.0,6.0,250.0,6.0,5681.818181818182
3432,ISRO Layout,1000.0,2.0,60.0,2.0,6000.0
3433,ISRO Layout,1180.0,2.0,52.0,2.0,4406.779661016949
3434,ISRO Layout,1000.0,2.0,60.0,2.0,6000.0
3435,ISRO Layout,1310.0,2.0,68.0,3.0,5190.839694656489
3436,ISRO Layout,4200.0,4.0,255.0,4.0,6071.428571428572
3437,ISRO Layout,1050.0,2.0,51.0,2.0,4857.142857142857
3438,ISRO Layout,1370.0,2.0,87.0,3.0,6350.36496350365
3439,ITPL,1200.0,3.0,56.12,3.0,4676.666666666667
3440,ITPL,1200.0,3.0,56.12,3.0,4676.666666666667
3441,ITPL,1200.0,3.0,56.12,3.0,4676.666666666667
3442,ITPL,1500.0,3.0,61.52,3.0,4101.333333333333
3443,Iblur Village,3235.0,3.0,235.0,3.0,7264.296754250387
3444,Iblur Village,3596.0,5.0,290.0,4.0,8064.5161290322585
3445,Iblur Village,1920.0,3.0,130.0,3.0,6770.833333333333
3446,Iblur Village,1995.0,3.0,135.0,3.0,6766.917293233083
3447,Iblur Village,3596.0,5.0,282.0,4.0,7842.046718576195
3448,Iblur Village,1918.0,3.0,129.0,3.0,6725.7559958289885
3449,Iblur Village,3596.0,5.0,252.0,4.0,7007.786429365962
3450,Iblur Village,2100.0,4.0,145.0,3.0,6904.761904761905
3451,Iblur Village,1920.0,3.0,150.0,3.0,7812.5
3452,Iblur Village,1920.0,3.0,130.0,3.0,6770.833333333333
3453,Iblur Village,1920.0,3.0,150.0,3.0,7812.5
3454,Iblur Village,2000.0,4.0,138.0,3.0,6900.0
3455,Iblur Village,3596.0,5.0,260.0,4.0,7230.255839822024
3456,Iblur Village,3596.0,5.0,279.0,4.0,7758.620689655172
3457,Iblur Village,2666.0,4.0,200.0,3.0,7501.875468867217
3458,Iblur Village,5384.0,5.0,420.0,5.0,7800.891530460624
3459,Iblur Village,3596.0,5.0,297.0,4.0,8259.176863181312
3460,Iblur Village,5515.0,6.0,425.0,5.0,7706.255666364461
3461,Iblur Village,1920.0,3.0,130.0,3.0,6770.833333333333
3462,Iblur Village,3596.0,4.0,268.0,4.0,7452.725250278087
3463,Iblur Village,3596.0,5.0,251.0,4.0,6979.9777530589545
3464,Indira Nagar,2200.0,4.0,200.0,4.0,9090.90909090909
3465,Indira Nagar,1200.0,2.0,93.0,2.0,7750.0
3466,Indira Nagar,1128.0,2.0,105.0,2.0,9308.510638297872
3467,Indira Nagar,2800.0,3.0,330.0,3.0,11785.714285714286
3468,Indira Nagar,1650.0,3.0,200.0,3.0,12121.212121212122
3469,Indira Nagar,1875.0,3.0,180.0,3.0,9600.0
3470,Indira Nagar,1210.0,2.0,102.0,2.0,8429.752066115703
3471,Indira Nagar,1224.0,2.0,105.0,2.0,8578.43137254902
3472,Indira Nagar,2070.0,3.0,225.0,3.0,10869.565217391304
3473,Indira Nagar,500.0,1.0,70.0,1.0,14000.0
3474,Indira Nagar,1400.0,2.0,168.0,2.0,12000.0
3475,Indira Nagar,2400.0,4.0,525.0,4.0,21875.0
3476,Indira Nagar,1407.0,3.0,120.0,3.0,8528.784648187633
3477,Indira Nagar,1145.0,2.0,100.0,2.0,8733.624454148472
3478,Indira Nagar,1470.0,2.0,170.0,2.0,11564.625850340137
3479,Indira Nagar,2700.0,3.0,324.0,3.0,12000.0
3480,Indira Nagar,850.0,1.0,57.0,1.0,6705.882352941177
3481,Indira Nagar,3250.0,8.0,600.0,8.0,18461.53846153846
3482,Indira Nagar,2601.0,4.0,312.0,3.0,11995.386389850059
3483,Indira Nagar,1260.0,2.0,100.0,2.0,7936.507936507936
3484,Indira Nagar,1740.0,3.0,191.0,3.0,10977.011494252874
3485,Indira Nagar,1650.0,3.0,220.0,3.0,13333.333333333334
3486,Indira Nagar,1700.0,3.0,150.0,3.0,8823.529411764706
3487,Indira Nagar,3200.0,3.0,250.0,4.0,7812.5
3488,Indira Nagar,1440.0,3.0,275.0,3.0,19097.222222222223
3489,Indira Nagar,1475.0,2.0,171.0,2.0,11593.22033898305
3490,Indira Nagar,3200.0,4.0,440.0,4.0,13750.0
3491,Indira Nagar,4000.0,4.0,700.0,4.0,17500.0
3492,Indira Nagar,850.0,1.0,60.0,1.0,7058.823529411765
3493,Indira Nagar,2400.0,4.0,405.0,4.0,16875.0
3494,Indira Nagar,1800.0,5.0,350.0,5.0,19444.444444444445
3495,Indira Nagar,1500.0,3.0,120.0,3.0,8000.0
3496,Indira Nagar,2200.0,3.0,160.0,3.0,7272.727272727273
3497,Indira Nagar,1650.0,3.0,200.0,3.0,12121.212121212122
3498,Indira Nagar,2800.0,4.0,365.0,4.0,13035.714285714286
3499,Indira Nagar,1260.0,2.0,120.0,2.0,9523.809523809523
3500,Indira Nagar,1149.0,2.0,130.0,2.0,11314.186248912098
3501,Indira Nagar,1650.0,3.0,150.0,3.0,9090.90909090909
3502,Indira Nagar,2400.0,6.0,475.0,6.0,19791.666666666668
3503,JP Nagar,1850.0,3.0,150.0,3.0,8108.108108108108
3504,JP Nagar,1000.0,2.0,35.0,2.0,3500.0
3505,JP Nagar,1100.0,2.0,70.0,2.0,6363.636363636364
3506,JP Nagar,940.0,2.0,49.0,2.0,5212.765957446809
3507,JP Nagar,2500.0,3.0,135.0,3.0,5400.0
3508,JP Nagar,1078.0,2.0,45.0,2.0,4174.397031539888
3509,JP Nagar,1050.0,1.0,44.0,1.0,4190.476190476191
3510,JP Nagar,1200.0,2.0,62.0,2.0,5166.666666666667
3511,JP Nagar,1300.0,2.0,90.87,2.0,6990.0
3512,JP Nagar,1315.0,2.0,85.4,3.0,6494.296577946768
3513,JP Nagar,1690.0,3.0,112.0,3.0,6627.218934911242
3514,JP Nagar,3000.0,4.0,140.0,4.0,4666.666666666667
3515,JP Nagar,3000.0,4.0,140.0,4.0,4666.666666666667
3516,JP Nagar,3300.0,4.0,160.0,3.0,4848.484848484848
3517,JP Nagar,1150.0,2.0,49.9,3.0,4339.130434782609
3518,JP Nagar,750.0,1.0,52.5,1.0,7000.0
3519,JP Nagar,1200.0,2.0,78.0,2.0,6500.0
3520,JP Nagar,1850.0,2.0,110.0,3.0,5945.945945945946
3521,JP Nagar,1100.0,2.0,45.0,2.0,4090.909090909091
3522,JP Nagar,1197.0,2.0,47.88,2.0,4000.0
3523,JP Nagar,2700.0,4.0,160.0,7.0,5925.925925925926
3524,JP Nagar,1500.0,2.0,82.0,3.0,5466.666666666667
3525,JP Nagar,820.0,2.0,45.0,2.0,5487.804878048781
3526,JP Nagar,1750.0,3.0,123.0,3.0,7028.571428571428
3527,JP Nagar,1275.0,2.0,43.6,3.0,3419.607843137255
3528,JP Nagar,1600.0,3.0,83.0,3.0,5187.5
3529,JP Nagar,3000.0,3.0,150.0,4.0,5000.0
3530,JP Nagar,2050.0,3.0,82.0,3.0,4000.0
3531,JP Nagar,745.0,1.0,34.27,1.0,4600.000000000001
3532,JP Nagar,1800.0,6.0,68.0,6.0,3777.777777777778
3533,JP Nagar,1150.0,2.0,90.0,2.0,7826.086956521739
3534,JP Nagar,1450.0,2.0,55.0,3.0,3793.103448275862
3535,JP Nagar,1960.0,3.0,138.0,3.0,7040.816326530612
3536,JP Nagar,1500.0,2.0,87.0,4.0,5800.0
3537,JP Nagar,1590.0,2.0,85.0,3.0,5345.911949685535
3538,JP Nagar,1250.0,2.0,60.0,2.0,4800.0
3539,JP Nagar,1125.0,2.0,39.98,2.0,3553.7777777777774
3540,JP Nagar,2400.0,3.0,196.0,3.0,8166.666666666667
3541,JP Nagar,1300.0,2.0,91.65,2.0,7050.0
3542,JP Nagar,1107.0,2.0,57.0,2.0,5149.051490514905
3543,JP Nagar,1250.0,2.0,93.0,2.0,7440.0
3544,JP Nagar,1500.0,2.0,108.0,3.0,7200.0
3545,JP Nagar,1405.0,2.0,99.0,2.0,7046.26334519573
3546,JP Nagar,1157.0,2.0,73.0,2.0,6309.420916162489
3547,JP Nagar,1500.0,2.0,82.0,3.0,5466.666666666667
3548,JP Nagar,1048.0,2.0,44.0,2.0,4198.473282442748
3549,Jakkur,1417.0,2.0,75.0,2.0,5292.87226534933
3550,Jakkur,1590.0,2.0,125.0,3.0,7861.635220125786
3551,Jakkur,1279.0,2.0,77.0,2.0,6020.3283815480845
3552,Jakkur,1710.0,3.0,107.0,3.0,6257.309941520468
3553,Jakkur,1396.0,2.0,86.51,3.0,6196.991404011461
3554,Jakkur,3467.86,6.0,249.0,4.0,7180.220654813054
3555,Jakkur,1865.0,3.0,124.0,3.0,6648.793565683646
3556,Jakkur,1100.0,2.0,53.35,2.0,4850.0
3557,Jakkur,1760.0,3.0,139.0,3.0,7897.727272727273
3558,Jakkur,1290.0,2.0,100.0,2.0,7751.937984496124
3559,Jakkur,1452.19,2.0,100.0,2.0,6886.151261198604
3560,Jakkur,1798.0,3.0,120.0,3.0,6674.082313681869
3561,Jakkur,1300.0,2.0,85.0,2.0,6538.461538461538
3562,Jakkur,1950.0,3.0,131.0,3.0,6717.948717948718
3563,Jakkur,1858.0,3.0,98.3,3.0,5290.635091496232
3564,Jakkur,1230.0,2.0,76.0,2.0,6178.861788617886
3565,Jakkur,1374.0,3.0,68.0,3.0,4949.0538573508
3566,Jakkur,1290.0,2.0,80.0,2.0,6201.550387596899
3567,Jakkur,1760.0,3.0,110.0,3.0,6250.0
3568,Jakkur,2283.0,4.0,130.0,4.0,5694.261936049058
3569,Jakkur,1483.0,2.0,98.0,2.0,6608.226567768038
3570,Jakkur,1482.0,3.0,86.0,3.0,5802.968960863698
3571,Jakkur,1645.0,3.0,100.0,3.0,6079.0273556231
3572,Jakkur,1650.0,3.0,111.0,3.0,6727.272727272727
3573,Jakkur,1622.0,2.0,80.0,3.0,4932.182490752158
3574,Jakkur,2423.0,4.0,160.0,3.0,6603.38423442014
3575,Jakkur,2197.0,3.0,136.0,3.0,6190.259444697314
3576,Jakkur,1125.0,2.0,65.0,2.0,5777.777777777777
3577,Jakkur,1230.0,2.0,79.0,2.0,6422.764227642277
3578,Jakkur,1202.0,2.0,79.0,2.0,6572.379367720466
3579,Jakkur,1858.0,3.0,123.0,3.0,6620.021528525296
3580,Jakkur,1798.0,3.0,110.0,3.0,6117.908787541713
3581,Jakkur,1785.0,3.0,130.0,3.0,7282.913165266106
3582,Jakkur,1080.0,2.0,60.0,2.0,5555.555555555556
3583,Jakkur,1816.0,3.0,119.0,3.0,6552.863436123348
3584,Jakkur,1424.0,2.0,80.0,2.0,5617.9775280898875
3585,Jakkur,1290.0,2.0,85.0,2.0,6589.147286821705
3586,Jakkur,1300.0,2.0,80.0,2.0,6153.846153846154
3587,Jakkur,1290.0,2.0,80.04,2.0,6204.651162790698
3588,Jakkur,1282.0,2.0,72.0,2.0,5616.224648985959
3589,Jakkur,1880.0,4.0,110.0,3.0,5851.063829787234
3590,Jakkur,1660.0,3.0,104.0,3.0,6265.060240963855
3591,Jakkur,1291.0,2.0,75.0,2.0,5809.450038729667
3592,Jakkur,1473.0,2.0,85.0,2.0,5770.536320434488
3593,Jakkur,1485.0,3.0,72.0,3.0,4848.484848484848
3594,Jakkur,1660.0,3.0,104.0,3.0,6265.060240963855
3595,Jakkur,1950.0,3.0,131.0,3.0,6717.948717948718
3596,Jakkur,1432.0,2.0,85.0,2.0,5935.754189944134
3597,Jakkur,1150.0,3.0,65.0,3.0,5652.173913043478
3598,Jakkur,1710.0,3.0,110.0,3.0,6432.748538011696
3599,Jalahalli,1400.0,3.0,77.0,3.0,5500.0
3600,Jalahalli,2250.0,3.0,160.0,3.0,7111.111111111111
3601,Jalahalli,1694.0,2.0,125.0,2.0,7378.984651711924
3602,Jalahalli,1870.0,3.0,110.0,3.0,5882.35294117647
3603,Jalahalli,1400.0,1.0,80.0,2.0,5714.285714285715
3604,Jalahalli,1045.0,2.0,76.77,2.0,7346.411483253589
3605,Jalahalli,1615.0,3.0,89.75,3.0,5557.275541795666
3606,Jalahalli,2113.0,3.0,155.0,3.0,7335.541883577851
3607,Jalahalli,1932.0,4.0,135.0,3.0,6987.577639751553
3608,Jalahalli,1045.0,2.0,58.0,2.0,5550.239234449761
3609,Jalahalli,1200.0,4.0,90.0,4.0,7500.0
3610,Jalahalli,1020.0,2.0,52.0,2.0,5098.0392156862745
3611,Jalahalli,2384.0,4.0,165.0,3.0,6921.140939597315
3612,Jalahalli,790.0,2.0,49.5,2.0,6265.822784810127
3613,Jalahalli,1395.0,3.0,82.0,3.0,5878.136200716845
3614,Jalahalli,1770.0,3.0,100.0,3.0,5649.717514124294
3615,Jalahalli,1569.0,3.0,118.0,3.0,7520.713830465264
3616,Jalahalli,600.0,1.0,37.0,1.0,6166.666666666667
3617,Jalahalli,615.0,1.0,46.0,1.0,7479.674796747968
3618,Jalahalli,2404.0,3.0,138.0,3.0,5740.432612312812
3619,Jalahalli,905.0,2.0,55.0,2.0,6077.348066298343
3620,Jalahalli,1000.0,2.0,70.0,2.0,7000.0
3621,Jalahalli,615.0,1.0,46.0,1.0,7479.674796747968
3622,Jalahalli,1704.0,3.0,94.36,3.0,5537.55868544601
3623,Jalahalli,1470.0,2.0,102.0,3.0,6938.775510204082
3624,Jalahalli,1244.0,2.0,88.0,2.0,7073.954983922829
3625,Jalahalli,1407.0,2.0,98.49,2.0,7000.0
3626,Jalahalli,1200.0,2.0,66.0,1.0,5500.0
3627,Jalahalli,1530.0,2.0,89.0,3.0,5816.993464052288
3628,Jalahalli,1045.0,2.0,76.77,2.0,7346.411483253589
3629,Jalahalli,1575.0,4.0,100.0,3.0,6349.206349206349
3630,Jalahalli,2086.0,3.0,160.0,3.0,7670.182166826462
3631,Jalahalli,980.0,2.0,60.0,3.0,6122.448979591837
3632,Jalahalli,1313.0,2.0,68.0,2.0,5178.979436405179
3633,Jalahalli,1881.0,3.0,115.0,3.0,6113.769271664009
3634,Jalahalli,1405.0,2.0,85.0,3.0,6049.82206405694
3635,Jalahalli East,750.0,1.0,40.0,1.0,5333.333333333333
3636,Jalahalli East,1260.0,2.0,60.0,3.0,4761.9047619047615
3637,Jalahalli East,1020.0,2.0,58.0,2.0,5686.274509803921
3638,Jalahalli East,1300.0,2.0,63.0,3.0,4846.153846153846
3639,Jalahalli East,1010.0,2.0,52.0,2.0,5148.514851485149
3640,Jalahalli East,1010.0,2.0,52.0,2.0,5148.514851485149
3641,Jigani,1252.0,3.0,55.0,3.0,4392.97124600639
3642,Jigani,918.0,2.0,52.0,2.0,5664.488017429194
3643,Jigani,918.0,2.0,48.0,2.0,5228.75816993464
3644,Jigani,1230.0,3.0,54.0,3.0,4390.243902439024
3645,Jigani,914.0,2.0,47.0,2.0,5142.231947483589
3646,Jigani,927.0,2.0,55.0,2.0,5933.117583603021
3647,Jigani,920.0,2.0,46.0,2.0,5000.0
3648,Jigani,2400.0,4.0,130.0,3.0,5416.666666666667
3649,Jigani,918.0,2.0,45.0,2.0,4901.9607843137255
3650,Jigani,918.0,2.0,63.2,2.0,6884.531590413943
3651,Jigani,933.0,2.0,43.0,2.0,4608.788853161844
3652,Jigani,918.0,2.0,55.0,2.0,5991.285403050109
3653,Jigani,2400.0,3.0,149.0,3.0,6208.333333333333
3654,Jigani,937.0,2.0,44.0,2.0,4695.837780149413
3655,Jigani,1252.0,3.0,61.0,3.0,4872.20447284345
3656,Jigani,923.0,2.0,50.0,2.0,5417.118093174431
3657,Jigani,1250.0,3.0,58.0,3.0,4640.0
3658,Jigani,1252.0,3.0,63.0,3.0,5031.948881789137
3659,Jigani,1221.0,3.0,72.0,3.0,5896.805896805897
3660,Jigani,918.0,2.0,49.0,2.0,5337.690631808279
3661,Jigani,1221.0,3.0,52.0,3.0,4258.804258804259
3662,Jigani,914.0,2.0,49.0,2.0,5361.050328227571
3663,Jigani,918.0,2.0,50.0,2.0,5446.623093681917
3664,Jigani,1200.0,3.0,65.0,3.0,5416.666666666667
3665,Jigani,914.0,2.0,55.0,2.0,6017.505470459519
3666,Jigani,1352.0,3.0,65.0,3.0,4807.692307692308
3667,Jigani,1230.0,3.0,60.0,3.0,4878.048780487805
3668,Jigani,1221.0,3.0,65.0,3.0,5323.505323505324
3669,Jigani,1221.0,3.0,75.0,3.0,6142.506142506142
3670,Jigani,1252.0,3.0,70.0,3.0,5591.054313099042
3671,Jigani,1221.0,3.0,65.0,3.0,5323.505323505324
3672,Jigani,1252.0,3.0,59.0,3.0,4712.460063897764
3673,Jigani,939.0,2.0,39.0,2.0,4153.35463258786
3674,Jigani,1221.0,3.0,70.0,3.0,5733.005733005733
3675,Jigani,1300.0,3.0,55.0,3.0,4230.7692307692305
3676,Jigani,1231.0,3.0,58.0,3.0,4711.6165718927705
3677,Jigani,943.0,2.0,48.0,2.0,5090.1378579003185
3678,Jigani,918.0,2.0,56.0,2.0,6100.217864923748
3679,Jigani,1245.0,3.0,66.0,3.0,5301.204819277108
3680,Jigani,1221.0,3.0,65.0,3.0,5323.505323505324
3681,Jigani,943.0,2.0,49.5,2.0,5249.204665959703
3682,Judicial Layout,1300.0,3.0,64.0,3.0,4923.076923076923
3683,Judicial Layout,2070.0,3.0,162.0,3.0,7826.086956521739
3684,Judicial Layout,1700.0,3.0,155.0,3.0,9117.64705882353
3685,Judicial Layout,1100.0,2.0,53.0,3.0,4818.181818181818
3686,Judicial Layout,1165.0,2.0,49.61,2.0,4258.369098712446
3687,Judicial Layout,5400.0,4.0,700.0,5.0,12962.962962962964
3688,Judicial Layout,1500.0,3.0,162.0,4.0,10800.0
3689,Judicial Layout,900.0,2.0,40.0,2.0,4444.444444444444
3690,Judicial Layout,1989.0,4.0,155.0,3.0,7792.860734037205
3691,KR Puram,930.0,2.0,39.0,2.0,4193.548387096775
3692,KR Puram,1155.0,2.0,42.74,2.0,3700.4329004329006
3693,KR Puram,1225.0,2.0,46.55,2.0,3800.0
3694,KR Puram,1100.0,2.0,47.0,2.0,4272.727272727273
3695,KR Puram,1200.0,2.0,71.0,2.0,5916.666666666667
3696,KR Puram,1455.0,3.0,46.0,3.0,3161.512027491409
3697,KR Puram,750.0,2.0,25.0,2.0,3333.3333333333335
3698,KR Puram,1015.0,2.0,43.0,2.0,4236.453201970443
3699,KR Puram,1470.0,2.0,86.0,2.0,5850.340136054422
3700,KR Puram,714.0,1.0,28.0,1.0,3921.5686274509803
3701,KR Puram,1142.0,2.0,51.0,2.0,4465.84938704028
3702,KR Puram,1115.0,2.0,33.45,2.0,3000.0000000000005
3703,KR Puram,1021.0,2.0,48.0,2.0,4701.273261508325
3704,KR Puram,1035.0,2.0,40.5,2.0,3913.0434782608695
3705,KR Puram,1550.0,2.0,71.0,2.0,4580.645161290323
3706,KR Puram,1100.0,2.0,46.0,2.0,4181.818181818182
3707,KR Puram,1290.0,2.0,49.02,2.0,3800.0
3708,KR Puram,1100.0,2.0,43.0,2.0,3909.090909090909
3709,KR Puram,950.0,2.0,40.0,2.0,4210.526315789473
3710,KR Puram,1156.0,2.0,72.0,2.0,6228.3737024221455
3711,KR Puram,1000.0,2.0,60.0,2.0,6000.0
3712,KR Puram,1930.0,2.0,57.9,3.0,3000.0
3713,KR Puram,1452.0,3.0,60.0,3.0,4132.231404958678
3714,KR Puram,1001.0,2.0,30.0,2.0,2997.002997002997
3715,KR Puram,750.0,2.0,40.0,2.0,5333.333333333333
3716,KR Puram,2000.0,6.0,85.0,6.0,4250.0
3717,KR Puram,1000.0,2.0,44.5,2.0,4450.0
3718,KR Puram,1200.0,2.0,47.0,2.0,3916.6666666666665
3719,KR Puram,1200.0,1.0,65.0,2.0,5416.666666666667
3720,KR Puram,1076.0,2.0,67.0,2.0,6226.7657992565055
3721,KR Puram,1140.0,2.0,43.32,2.0,3800.0
3722,KR Puram,4300.0,6.0,175.0,6.0,4069.767441860465
3723,KR Puram,1200.0,2.0,42.0,2.0,3500.0
3724,KR Puram,1430.0,2.0,61.0,3.0,4265.734265734266
3725,KR Puram,1040.0,2.0,50.0,2.0,4807.692307692308
3726,KR Puram,1200.0,4.0,83.0,4.0,6916.666666666667
3727,KR Puram,734.0,2.0,22.0,2.0,2997.275204359673
3728,KR Puram,1120.0,2.0,36.0,2.0,3214.285714285714
3729,KR Puram,1150.0,2.0,42.0,2.0,3652.1739130434785
3730,KR Puram,4600.0,9.0,200.0,9.0,4347.826086956522
3731,KR Puram,1050.0,2.0,55.0,2.0,5238.0952380952385
3732,KR Puram,1057.0,2.0,30.0,2.0,2838.2213812677387
3733,KR Puram,1085.0,2.0,46.5,2.0,4285.714285714285
3734,KR Puram,1700.0,3.0,105.0,3.0,6176.470588235294
3735,KR Puram,1200.0,2.0,72.0,2.0,6000.0
3736,KR Puram,3628.0,4.0,246.0,4.0,6780.595369349504
3737,KR Puram,2000.0,2.0,75.0,2.0,3750.0
3738,KR Puram,1100.0,2.0,45.0,2.0,4090.909090909091
3739,KR Puram,1035.0,2.0,40.0,2.0,3864.7342995169083
3740,KR Puram,1116.0,2.0,45.0,2.0,4032.2580645161293
3741,KR Puram,1290.0,2.0,69.0,2.0,5348.837209302325
3742,KR Puram,1300.0,2.0,57.0,3.0,4384.615384615385
3743,KR Puram,866.28,2.0,36.38,2.0,4199.565960197628
3744,KR Puram,1096.0,2.0,43.0,2.0,3923.3576642335765
3745,KR Puram,1204.0,2.0,58.0,2.0,4817.275747508305
3746,KR Puram,700.0,1.0,21.5,1.0,3071.4285714285716
3747,KR Puram,1205.0,2.0,45.79,2.0,3800.0
3748,KR Puram,1827.0,3.0,97.0,3.0,5309.250136836344
3749,KR Puram,1075.0,2.0,32.25,2.0,3000.0
3750,KR Puram,1400.0,2.0,60.0,3.0,4285.714285714285
3751,KR Puram,1100.0,2.0,39.9,2.0,3627.2727272727275
3752,KR Puram,2800.0,6.0,110.0,7.0,3928.5714285714284
3753,KR Puram,1020.0,2.0,39.0,2.0,3823.529411764706
3754,KR Puram,1200.0,2.0,75.0,2.0,6250.0
3755,KR Puram,1245.0,2.0,60.0,2.0,4819.277108433735
3756,Kadubeesanahalli,1665.0,3.0,70.0,3.0,4204.204204204204
3757,Kadubeesanahalli,1532.0,3.0,115.0,3.0,7506.527415143603
3758,Kadubeesanahalli,1545.0,2.0,66.0,3.0,4271.844660194175
3759,Kadubeesanahalli,1424.0,2.0,75.0,3.0,5266.853932584269
3760,Kadubeesanahalli,1257.0,2.0,93.0,2.0,7398.568019093079
3761,Kadubeesanahalli,1365.0,3.0,80.0,3.0,5860.805860805861
3762,Kadubeesanahalli,1257.0,2.0,105.0,2.0,8353.221957040572
3763,Kadubeesanahalli,1184.0,2.0,55.0,2.0,4645.27027027027
3764,Kadubeesanahalli,1185.0,2.0,55.0,2.0,4641.350210970464
3765,Kadubeesanahalli,1140.0,2.0,78.0,2.0,6842.105263157895
3766,Kadugodi,1260.0,2.0,54.0,3.0,4285.714285714285
3767,Kadugodi,1762.0,3.0,91.45,3.0,5190.124858115778
3768,Kadugodi,1198.0,2.0,58.0,2.0,4841.402337228715
3769,Kadugodi,1580.0,2.0,65.0,3.0,4113.9240506329115
3770,Kadugodi,1890.0,4.0,127.0,3.0,6719.576719576719
3771,Kadugodi,3750.0,4.0,210.0,4.0,5600.0
3772,Kadugodi,1762.0,3.0,110.0,3.0,6242.905788876277
3773,Kadugodi,1900.0,3.0,108.0,3.0,5684.210526315789
3774,Kadugodi,1314.0,2.0,68.2,2.0,5190.258751902587
3775,Kadugodi,1645.0,2.0,82.0,3.0,4984.802431610942
3776,Kadugodi,1100.0,2.0,45.0,2.0,4090.909090909091
3777,Kadugodi,1711.0,3.0,75.0,3.0,4383.4015195791935
3778,Kadugodi,1314.0,2.0,78.0,2.0,5936.07305936073
3779,Kadugodi,1762.0,3.0,112.0,3.0,6356.413166855846
3780,Kadugodi,1314.0,2.0,83.0,2.0,6316.590563165905
3781,Kadugodi,1351.0,2.0,78.0,3.0,5773.501110288675
3782,Kadugodi,1010.0,2.0,50.0,2.0,4950.495049504951
3783,Kadugodi,1890.0,4.0,125.0,3.0,6613.756613756614
3784,Kadugodi,1152.0,2.0,61.0,2.0,5295.138888888889
3785,Kadugodi,1394.0,2.0,56.0,2.0,4017.2166427546626
3786,Kadugodi,1762.0,3.0,112.0,3.0,6356.413166855846
3787,Kadugodi,1890.0,4.0,125.0,3.0,6613.756613756614
3788,Kadugodi,1430.0,2.0,55.0,3.0,3846.153846153846
3789,Kadugodi,3000.0,4.0,134.0,4.0,4466.666666666667
3790,Kadugodi,1614.0,2.0,59.0,3.0,3655.5142503097895
3791,Kadugodi,1088.0,2.0,44.0,2.0,4044.1176470588234
3792,Kadugodi,1875.0,2.0,110.0,3.0,5866.666666666667
3793,Kadugodi,1150.0,2.0,42.0,2.0,3652.1739130434785
3794,Kadugodi,1762.0,3.0,109.0,3.0,6186.152099886493
3795,Kadugodi,1314.0,2.0,80.0,2.0,6088.2800608828
3796,Kadugodi,1196.0,2.0,60.0,2.0,5016.722408026756
3797,Kaggadasapura,1280.0,2.0,56.0,3.0,4375.0
3798,Kaggadasapura,1275.0,2.0,52.0,2.0,4078.4313725490197
3799,Kaggadasapura,2150.0,4.0,100.0,4.0,4651.162790697675
3800,Kaggadasapura,1150.0,2.0,42.0,2.0,3652.1739130434785
3801,Kaggadasapura,1110.0,2.0,53.0,2.0,4774.774774774774
3802,Kaggadasapura,1060.0,2.0,48.0,2.0,4528.301886792453
3803,Kaggadasapura,1350.0,3.0,55.5,3.0,4111.111111111111
3804,Kaggadasapura,1063.0,2.0,42.0,2.0,3951.081843838194
3805,Kaggadasapura,1470.0,2.0,75.0,3.0,5102.040816326531
3806,Kaggadasapura,1615.0,3.0,58.0,3.0,3591.331269349845
3807,Kaggadasapura,1050.0,2.0,48.0,2.0,4571.428571428572
3808,Kaggadasapura,1132.0,2.0,42.0,2.0,3710.2473498233217
3809,Kaggadasapura,1100.0,2.0,58.0,2.0,5272.727272727273
3810,Kaggadasapura,1325.0,2.0,50.0,2.0,3773.5849056603774
3811,Kaggadasapura,1200.0,2.0,53.0,2.0,4416.666666666667
3812,Kaggadasapura,1035.0,2.0,45.5,2.0,4396.135265700483
3813,Kaggadasapura,1180.0,1.0,50.0,2.0,4237.28813559322
3814,Kaggadasapura,1140.0,2.0,46.0,2.0,4035.0877192982457
3815,Kaggadasapura,1340.0,3.0,66.0,3.0,4925.373134328358
3816,Kaggadasapura,1256.0,2.0,50.0,3.0,3980.891719745223
3817,Kaggadasapura,1500.0,3.0,75.0,3.0,5000.0
3818,Kaggadasapura,1215.0,2.0,43.0,2.0,3539.0946502057614
3819,Kaggadasapura,1225.0,2.0,48.0,2.0,3918.3673469387754
3820,Kaggadasapura,1805.0,2.0,75.0,3.0,4155.124653739612
3821,Kaggadasapura,1540.0,3.0,75.0,3.0,4870.12987012987
3822,Kaggadasapura,1240.0,2.0,45.0,2.0,3629.032258064516
3823,Kaggadasapura,1560.0,2.0,72.0,3.0,4615.384615384615
3824,Kaggadasapura,1240.0,2.0,58.58,2.0,4724.193548387097
3825,Kaggadasapura,1000.0,2.0,43.0,2.0,4300.0
3826,Kaggadasapura,1225.0,2.0,48.0,2.0,3918.3673469387754
3827,Kaggadasapura,2500.0,5.0,120.0,3.0,4800.0
3828,Kaggadasapura,960.0,2.0,45.0,2.0,4687.5
3829,Kaggadasapura,775.0,2.0,29.5,2.0,3806.451612903226
3830,Kaggadasapura,1250.0,2.0,47.0,3.0,3760.0
3831,Kaggadasapura,1455.0,3.0,75.0,3.0,5154.639175257732
3832,Kaggadasapura,1045.0,2.0,55.0,2.0,5263.1578947368425
3833,Kaggadasapura,1495.0,3.0,60.0,3.0,4013.3779264214045
3834,Kaggadasapura,1654.0,3.0,70.0,3.0,4232.1644498186215
3835,Kaggadasapura,2150.0,4.0,90.0,4.0,4186.046511627907
3836,Kaggadasapura,1106.0,2.0,40.0,2.0,3616.6365280289333
3837,Kaggadasapura,1485.0,2.0,70.0,3.0,4713.804713804714
3838,Kaggadasapura,1175.0,2.0,50.0,2.0,4255.31914893617
3839,Kaggadasapura,3000.0,4.0,130.0,4.0,4333.333333333333
3840,Kaggadasapura,1500.0,2.0,60.0,3.0,4000.0
3841,Kaggadasapura,1105.0,2.0,39.5,2.0,3574.660633484163
3842,Kaggadasapura,1500.0,2.0,75.0,3.0,5000.0
3843,Kaggadasapura,1400.0,2.0,68.0,3.0,4857.142857142857
3844,Kaggadasapura,1150.0,2.0,45.0,2.0,3913.0434782608695
3845,Kaggalipura,1150.0,2.0,55.0,3.0,4782.608695652174
3846,Kaggalipura,700.0,1.0,38.0,1.0,5428.571428571428
3847,Kaggalipura,1210.0,2.0,58.0,3.0,4793.388429752066
3848,Kaggalipura,700.0,1.0,36.0,1.0,5142.857142857143
3849,Kaggalipura,950.0,2.0,48.0,2.0,5052.631578947368
3850,Kaggalipura,1000.0,2.0,60.0,2.0,6000.0
3851,Kaggalipura,950.0,2.0,50.0,2.0,5263.1578947368425
3852,Kaggalipura,950.0,2.0,47.0,2.0,4947.368421052632
3853,Kaggalipura,1150.0,2.0,62.0,3.0,5391.304347826087
3854,Kaggalipura,700.0,1.0,35.0,1.0,5000.0
3855,Kaggalipura,1150.0,2.0,57.5,3.0,5000.0
3856,Kaggalipura,1210.0,2.0,65.0,3.0,5371.900826446281
3857,Kaggalipura,950.0,2.0,45.0,2.0,4736.8421052631575
3858,Kaggalipura,950.0,2.0,60.0,2.0,6315.789473684211
3859,Kaikondrahalli,1645.0,3.0,100.0,3.0,6079.0273556231
3860,Kaikondrahalli,1115.0,2.0,50.0,2.0,4484.304932735426
3861,Kaikondrahalli,1220.0,3.0,56.0,3.0,4590.163934426229
3862,Kaikondrahalli,1300.0,2.0,61.0,2.0,4692.307692307692
3863,Kaikondrahalli,1700.0,4.0,108.0,4.0,6352.941176470588
3864,Kaikondrahalli,1342.0,3.0,92.0,3.0,6855.439642324888
3865,Kaikondrahalli,1605.0,3.0,105.0,3.0,6542.056074766355
3866,Kaikondrahalli,1253.0,2.0,81.5,2.0,6504.38946528332
3867,Kaikondrahalli,991.0,2.0,64.0,2.0,6458.123107971745
3868,Kaikondrahalli,1250.0,2.0,78.0,2.0,6240.0
3869,Kaikondrahalli,3381.0,6.0,225.0,6.0,6654.835847382431
3870,Kalena Agrahara,1200.0,2.0,50.0,2.0,4166.666666666667
3871,Kalena Agrahara,1804.0,3.0,120.0,3.0,6651.884700665189
3872,Kalena Agrahara,1425.0,2.0,70.0,3.0,4912.2807017543855
3873,Kalena Agrahara,1325.0,2.0,76.0,2.0,5735.8490566037735
3874,Kalena Agrahara,1450.0,2.0,85.0,3.0,5862.068965517241
3875,Kalena Agrahara,980.0,2.0,40.0,2.0,4081.6326530612246
3876,Kalena Agrahara,1187.0,2.0,52.0,2.0,4380.791912384162
3877,Kalena Agrahara,800.0,2.0,30.0,2.0,3750.0
3878,Kalena Agrahara,1565.0,3.0,78.0,3.0,4984.025559105431
3879,Kalena Agrahara,610.0,1.0,39.0,1.0,6393.44262295082
3880,Kalena Agrahara,1040.0,2.0,45.0,2.0,4326.923076923077
3881,Kalena Agrahara,1450.0,3.0,100.0,3.0,6896.551724137931
3882,Kalena Agrahara,1200.0,2.0,45.0,2.0,3750.0
3883,Kalena Agrahara,1902.0,3.0,89.0,3.0,4679.2849631966355
3884,Kalena Agrahara,800.0,2.0,40.0,2.0,5000.0
3885,Kalena Agrahara,1222.0,2.0,48.0,2.0,3927.986906710311
3886,Kalena Agrahara,900.0,2.0,40.0,2.0,4444.444444444444
3887,Kalena Agrahara,1837.0,2.0,95.0,3.0,5171.475231355471
3888,Kalena Agrahara,1510.0,3.0,78.0,3.0,5165.562913907284
3889,Kalena Agrahara,1354.0,2.0,70.0,2.0,5169.8670605613
3890,Kalena Agrahara,1200.0,3.0,70.0,2.0,5833.333333333333
3891,Kalena Agrahara,1354.0,2.0,71.0,2.0,5243.722304283604
3892,Kalyan nagar,1375.0,3.0,75.0,3.0,5454.545454545455
3893,Kalyan nagar,820.0,2.0,39.0,2.0,4756.09756097561
3894,Kalyan nagar,3800.0,5.0,300.0,4.0,7894.736842105263
3895,Kalyan nagar,1640.0,3.0,88.0,3.0,5365.8536585365855
3896,Kalyan nagar,1800.0,3.0,85.0,3.0,4722.222222222223
3897,Kalyan nagar,1080.0,2.0,73.0,2.0,6759.259259259259
3898,Kalyan nagar,2422.0,3.0,150.0,4.0,6193.228736581338
3899,Kalyan nagar,1280.0,2.0,48.0,2.0,3750.0
3900,Kalyan nagar,1410.0,2.0,60.0,3.0,4255.31914893617
3901,Kalyan nagar,1198.0,2.0,65.0,2.0,5425.709515859767
3902,Kalyan nagar,1250.0,2.0,65.0,2.0,5200.0
3903,Kalyan nagar,1190.0,2.0,60.0,2.0,5042.016806722689
3904,Kalyan nagar,1086.0,2.0,44.5,2.0,4097.605893186003
3905,Kalyan nagar,2285.0,4.0,165.0,3.0,7221.006564551422
3906,Kalyan nagar,1100.0,2.0,70.0,2.0,6363.636363636364
3907,Kambipura,883.0,2.0,45.0,2.0,5096.262740656852
3908,Kambipura,1082.0,2.0,56.0,3.0,5175.6007393715345
3909,Kambipura,883.0,2.0,45.0,2.0,5096.262740656852
3910,Kambipura,1082.0,2.0,45.0,3.0,4158.964879852126
3911,Kambipura,883.0,2.0,39.0,2.0,4416.761041902605
3912,Kambipura,883.0,2.0,45.0,2.0,5096.262740656852
3913,Kambipura,883.0,2.0,39.0,2.0,4416.761041902605
3914,Kambipura,1082.0,2.0,55.0,3.0,5083.179297597043
3915,Kambipura,1082.0,2.0,45.0,3.0,4158.964879852126
3916,Kambipura,883.0,2.0,37.0,2.0,4190.260475651189
3917,Kambipura,883.0,2.0,44.0,2.0,4983.012457531144
3918,Kambipura,883.0,2.0,37.0,2.0,4190.260475651189
3919,Kambipura,1082.0,2.0,45.5,3.0,4205.1756007393715
3920,Kambipura,1083.0,2.0,48.0,3.0,4432.13296398892
3921,Kambipura,883.0,2.0,39.0,2.0,4416.761041902605
3922,Kambipura,883.0,2.0,37.01,2.0,4191.392978482446
3923,Kambipura,883.0,2.0,39.0,2.0,4416.761041902605
3924,Kambipura,883.0,2.0,45.0,2.0,5096.262740656852
3925,Kambipura,883.0,2.0,39.0,2.0,4416.761041902605
3926,Kambipura,1082.0,2.0,55.0,3.0,5083.179297597043
3927,Kammanahalli,2845.0,5.0,140.0,5.0,4920.91388400703
3928,Kammanahalli,1666.0,4.0,150.0,5.0,9003.60144057623
3929,Kammanahalli,700.0,1.0,59.0,1.0,8428.57142857143
3930,Kammanahalli,1200.0,2.0,80.0,2.0,6666.666666666667
3931,Kammanahalli,1100.0,2.0,60.0,2.0,5454.545454545455
3932,Kammanahalli,1200.0,1.0,81.0,2.0,6750.0
3933,Kammanahalli,2900.0,4.0,200.0,4.0,6896.551724137931
3934,Kammanahalli,1200.0,3.0,80.0,2.0,6666.666666666667
3935,Kammasandra,1595.0,3.0,65.0,3.0,4075.2351097178685
3936,Kammasandra,810.0,2.0,24.5,2.0,3024.6913580246915
3937,Kammasandra,674.0,2.0,29.0,2.0,4302.670623145401
3938,Kammasandra,912.0,2.0,39.0,3.0,4276.315789473684
3939,Kammasandra,1156.0,2.0,32.0,2.0,2768.166089965398
3940,Kammasandra,870.0,2.0,24.0,2.0,2758.6206896551726
3941,Kammasandra,990.0,2.0,31.5,2.0,3181.818181818182
3942,Kammasandra,1385.0,2.0,34.63,3.0,2500.361010830325
3943,Kammasandra,930.0,2.0,25.0,2.0,2688.1720430107525
3944,Kammasandra,992.0,2.0,25.79,2.0,2599.798387096774
3945,Kammasandra,1030.0,1.0,25.75,2.0,2500.0
3946,Kammasandra,1365.0,2.0,34.13,3.0,2500.3663003663005
3947,Kammasandra,1015.0,2.0,37.0,2.0,3645.320197044335
3948,Kammasandra,1276.0,2.0,31.9,3.0,2500.0
3949,Kammasandra,1080.0,2.0,31.99,2.0,2962.037037037037
3950,Kammasandra,1415.0,2.0,60.0,2.0,4240.282685512368
3951,Kammasandra,1057.0,2.0,35.0,2.0,3311.2582781456954
3952,Kammasandra,982.0,2.0,25.53,2.0,2599.79633401222
3953,Kammasandra,1500.0,3.0,65.0,3.0,4333.333333333333
3954,Kammasandra,985.0,2.0,40.5,2.0,4111.675126903553
3955,Kammasandra,940.0,2.0,35.0,2.0,3723.404255319149
3956,Kammasandra,1616.0,3.0,40.0,3.0,2475.2475247524753
3957,Kammasandra,610.0,1.0,18.5,1.0,3032.7868852459014
3958,Kanakapura,1419.0,3.0,75.0,3.0,5285.412262156448
3959,Kanakapura,711.0,1.0,36.0,1.0,5063.291139240507
3960,Kanakapura,711.0,1.0,38.0,1.0,5344.585091420535
3961,Kanakapura,929.0,2.0,46.0,2.0,4951.560818083961
3962,Kanakapura,551.0,1.0,30.0,1.0,5444.64609800363
3963,Kanakapura,1020.0,2.0,42.83,2.0,4199.019607843137
3964,Kanakapura,1699.0,3.0,97.0,3.0,5709.240729841083
3965,Kanakapura,1130.0,2.0,45.2,2.0,4000.0
3966,Kanakapura,1476.0,3.0,75.0,3.0,5081.30081300813
3967,Kanakapura,1295.0,2.0,64.0,2.0,4942.084942084942
3968,Kanakapura,1160.0,2.0,46.39,2.0,3999.137931034483
3969,Kanakapura,1277.0,2.0,55.0,2.0,4306.969459671104
3970,Kanakapura,1151.0,2.0,59.0,2.0,5125.977410947003
3971,Kanakapura,945.0,2.0,47.0,2.0,4973.544973544974
3972,Kanakapura,1254.0,2.0,70.0,3.0,5582.13716108453
3973,Kanakapura,2200.0,3.0,121.0,3.0,5500.0
3974,Kanakapura,1340.0,2.0,65.0,2.0,4850.746268656716
3975,Kanakapura,1560.0,2.0,62.38,3.0,3998.7179487179487
3976,Kanakapura,1450.0,3.0,75.0,3.0,5172.413793103448
3977,Kanakapura,1130.0,2.0,45.2,2.0,4000.0
3978,Kanakapura,1283.0,2.0,68.0,2.0,5300.077942322681
3979,Kanakapura,2130.0,4.0,120.0,4.0,5633.802816901409
3980,Kanakapura,1290.0,2.0,51.1,3.0,3961.2403100775196
3981,Kanakapura,938.0,1.0,50.0,1.0,5330.490405117271
3982,Kanakapura,1489.0,2.0,70.0,3.0,4701.141705842848
3983,Kanakapura,1477.0,2.0,69.5,3.0,4705.484089370345
3984,Kanakpura Road,700.0,2.0,36.0,2.0,5142.857142857143
3985,Kanakpura Road,1665.0,3.0,88.0,3.0,5285.285285285286
3986,Kanakpura Road,950.0,2.0,57.0,2.0,6000.0
3987,Kanakpura Road,2250.0,4.0,110.0,4.0,4888.888888888889
3988,Kanakpura Road,1017.0,2.0,51.25,2.0,5039.331366764995
3989,Kanakpura Road,525.0,1.0,26.0,1.0,4952.380952380952
3990,Kanakpura Road,1550.0,3.0,67.0,3.0,4322.580645161291
3991,Kanakpura Road,525.0,2.0,21.53,1.0,4100.952380952381
3992,Kanakpura Road,950.0,2.0,40.0,2.0,4210.526315789473
3993,Kanakpura Road,1550.0,3.0,64.5,3.0,4161.290322580645
3994,Kanakpura Road,525.0,1.0,27.25,1.0,5190.476190476191
3995,Kanakpura Road,1100.0,2.0,58.0,3.0,5272.727272727273
3996,Kanakpura Road,525.0,1.0,30.0,1.0,5714.285714285715
3997,Kanakpura Road,1180.0,2.0,57.0,2.0,4830.5084745762715
3998,Kanakpura Road,1339.0,2.0,75.0,2.0,5601.194921583271
3999,Kanakpura Road,1100.0,3.0,58.0,3.0,5272.727272727273
4000,Kanakpura Road,525.0,1.0,26.0,1.0,4952.380952380952
4001,Kanakpura Road,1100.0,3.0,53.0,3.0,4818.181818181818
4002,Kanakpura Road,1843.0,3.0,95.84,3.0,5200.217037438958
4003,Kanakpura Road,1290.0,2.0,74.0,2.0,5736.434108527132
4004,Kanakpura Road,1500.0,2.0,69.0,2.0,4600.0
4005,Kanakpura Road,1665.0,3.0,86.58,3.0,5200.0
4006,Kanakpura Road,1558.67,2.0,65.0,3.0,4170.222048284755
4007,Kanakpura Road,1542.0,2.0,85.0,3.0,5512.321660181582
4008,Kanakpura Road,1300.0,2.0,69.0,3.0,5307.692307692308
4009,Kanakpura Road,900.0,2.0,46.0,2.0,5111.111111111111
4010,Kanakpura Road,900.0,1.0,45.0,2.0,5000.0
4011,Kanakpura Road,1843.0,3.0,92.15,3.0,5000.0
4012,Kanakpura Road,900.0,2.0,46.0,2.0,5111.111111111111
4013,Kanakpura Road,900.0,2.0,46.0,2.0,5111.111111111111
4014,Kanakpura Road,1495.0,2.0,90.0,2.0,6020.066889632107
4015,Kanakpura Road,1699.0,3.0,81.94,3.0,4822.836962919364
4016,Kanakpura Road,1570.0,3.0,64.5,3.0,4108.28025477707
4017,Kanakpura Road,1560.0,3.0,92.0,3.0,5897.4358974358975
4018,Kanakpura Road,1135.0,2.0,58.0,2.0,5110.132158590309
4019,Kanakpura Road,3500.0,6.0,225.0,4.0,6428.571428571428
4020,Kanakpura Road,1420.0,2.0,75.0,3.0,5281.69014084507
4021,Kanakpura Road,900.0,2.0,41.0,2.0,4555.555555555556
4022,Kanakpura Road,983.0,2.0,50.6,2.0,5147.5076297049845
4023,Kanakpura Road,1480.0,2.0,64.23,3.0,4339.864864864865
4024,Kanakpura Road,700.0,2.0,35.0,2.0,5000.0
4025,Kanakpura Road,1660.0,3.0,75.0,3.0,4518.0722891566265
4026,Kanakpura Road,1450.0,3.0,60.91,3.0,4200.689655172414
4027,Kanakpura Road,1843.0,3.0,95.84,3.0,5200.217037438958
4028,Kanakpura Road,700.0,1.0,35.0,2.0,5000.0
4029,Kanakpura Road,1366.0,3.0,76.85,2.0,5625.915080527086
4030,Kanakpura Road,1419.59,2.0,59.0,3.0,4156.129586711656
4031,Kanakpura Road,525.0,1.0,25.0,1.0,4761.9047619047615
4032,Kanakpura Road,1100.0,3.0,53.0,3.0,4818.181818181818
4033,Kanakpura Road,2265.0,3.0,136.0,3.0,6004.415011037528
4034,Kanakpura Road,1252.0,2.0,56.32,2.0,4498.402555910543
4035,Kanakpura Road,1100.0,3.0,53.0,3.0,4818.181818181818
4036,Kanakpura Road,1339.0,2.0,62.0,2.0,4630.321135175504
4037,Kanakpura Road,1470.0,2.0,61.74,2.0,4200.0
4038,Kanakpura Road,2200.0,3.0,130.0,3.0,5909.090909090909
4039,Kanakpura Road,525.0,1.0,30.0,1.0,5714.285714285715
4040,Kanakpura Road,1090.0,2.0,54.54,2.0,5003.6697247706425
4041,Kanakpura Road,1051.0,2.0,56.74,2.0,5398.667935299714
4042,Kanakpura Road,525.0,1.0,30.0,1.0,5714.285714285715
4043,Kanakpura Road,1339.0,2.0,58.0,2.0,4331.59073935773
4044,Kanakpura Road,950.0,2.0,45.0,2.0,4736.8421052631575
4045,Kanakpura Road,1570.0,3.0,64.5,3.0,4108.28025477707
4046,Kanakpura Road,1452.0,3.0,60.98,3.0,4199.724517906336
4047,Kanakpura Road,1300.0,3.0,69.0,3.0,5307.692307692308
4048,Kanakpura Road,700.0,2.0,40.0,2.0,5714.285714285715
4049,Kanakpura Road,1700.0,3.0,88.0,3.0,5176.470588235294
4050,Kanakpura Road,1482.0,3.0,60.98,3.0,4114.7098515519565
4051,Kanakpura Road,1570.0,3.0,64.5,3.0,4108.28025477707
4052,Kanakpura Road,2775.0,3.0,165.0,4.0,5945.945945945946
4053,Kanakpura Road,1900.0,3.0,99.0,3.0,5210.526315789473
4054,Kanakpura Road,1290.0,2.0,80.0,2.0,6201.550387596899
4055,Kanakpura Road,900.0,2.0,41.0,2.0,4555.555555555556
4056,Kanakpura Road,1100.0,3.0,52.97,3.0,4815.454545454545
4057,Kanakpura Road,700.0,2.0,34.98,2.0,4997.142857142857
4058,Kanakpura Road,1225.0,2.0,60.0,2.0,4897.959183673469
4059,Kanakpura Road,1868.0,3.0,113.0,3.0,6049.250535331906
4060,Kanakpura Road,1339.0,2.0,62.0,2.0,4630.321135175504
4061,Kanakpura Road,1366.0,2.0,83.0,2.0,6076.134699853587
4062,Kanakpura Road,700.0,2.0,40.0,2.0,5714.285714285715
4063,Kanakpura Road,1800.0,3.0,90.0,3.0,5000.0
4064,Kanakpura Road,1339.0,2.0,71.5,2.0,5339.805825242718
4065,Kanakpura Road,1339.0,2.0,58.0,2.0,4331.59073935773
4066,Kanakpura Road,670.0,1.0,35.0,1.0,5223.880597014925
4067,Kanakpura Road,1340.0,2.0,60.0,2.0,4477.611940298508
4068,Kanakpura Road,1260.0,3.0,63.58,3.0,5046.0317460317465
4069,Kanakpura Road,1155.0,2.0,55.5,2.0,4805.194805194805
4070,Kanakpura Road,900.0,2.0,41.0,2.0,4555.555555555556
4071,Kanakpura Road,700.0,2.0,34.99,2.0,4998.571428571428
4072,Kanakpura Road,1309.0,2.0,64.39,2.0,4919.022154316272
4073,Kanakpura Road,525.0,1.0,30.0,1.0,5714.285714285715
4074,Kanakpura Road,1843.0,3.0,82.0,3.0,4449.267498643516
4075,Kanakpura Road,1550.0,3.0,65.11,3.0,4200.645161290323
4076,Kanakpura Road,1498.0,3.0,95.0,3.0,6341.789052069425
4077,Kanakpura Road,525.0,2.0,27.0,1.0,5142.857142857143
4078,Kanakpura Road,1665.0,3.0,86.91,3.0,5219.81981981982
4079,Kanakpura Road,1665.0,3.0,86.58,3.0,5200.0
4080,Kanakpura Road,712.0,1.0,38.44,1.0,5398.876404494382
4081,Kanakpura Road,1450.0,3.0,62.4,3.0,4303.448275862069
4082,Kanakpura Road,1843.0,3.0,85.0,3.0,4612.045577862181
4083,Kanakpura Road,1628.0,2.0,68.0,2.0,4176.904176904177
4084,Kanakpura Road,1507.0,2.0,95.0,3.0,6303.9150630391505
4085,Kanakpura Road,1550.0,3.0,63.5,3.0,4096.774193548387
4086,Kanakpura Road,1737.0,3.0,85.0,3.0,4893.494530800231
4087,Kanakpura Road,700.0,2.0,35.07,2.0,5010.0
4088,Kanakpura Road,1339.0,2.0,85.0,2.0,6348.020911127707
4089,Kanakpura Road,525.0,1.0,27.0,1.0,5142.857142857143
4090,Kanakpura Road,525.0,1.0,27.5,1.0,5238.0952380952385
4091,Kanakpura Road,525.0,1.0,26.25,1.0,5000.0
4092,Kanakpura Road,1452.0,3.0,60.98,3.0,4199.724517906336
4093,Kanakpura Road,525.0,1.0,26.0,1.0,4952.380952380952
4094,Kanakpura Road,1050.0,2.0,59.0,3.0,5619.047619047619
4095,Kanakpura Road,1600.0,3.0,90.0,3.0,5625.0
4096,Kanakpura Road,525.0,2.0,29.25,1.0,5571.428571428572
4097,Kanakpura Road,1283.0,2.0,63.22,2.0,4927.5136399064695
4098,Kanakpura Road,1100.0,3.0,53.0,3.0,4818.181818181818
4099,Kanakpura Road,1843.0,3.0,88.0,3.0,4774.823657080847
4100,Kanakpura Road,1100.0,3.0,56.57,3.0,5142.727272727273
4101,Kanakpura Road,700.0,2.0,35.0,2.0,5000.0
4102,Kanakpura Road,1550.0,3.0,65.1,3.0,4199.999999999999
4103,Kanakpura Road,1843.0,3.0,96.2,3.0,5219.750406945198
4104,Kanakpura Road,1550.0,3.0,64.7,3.0,4174.193548387097
4105,Kanakpura Road,1500.0,3.0,72.99,3.0,4865.999999999999
4106,Kanakpura Road,1450.0,2.0,62.93,3.0,4340.0
4107,Kanakpura Road,1240.0,2.0,65.0,2.0,5241.935483870968
4108,Kanakpura Road,1420.0,3.0,68.0,3.0,4788.732394366197
4109,Kanakpura Road,1498.0,3.0,74.9,3.0,5000.000000000001
4110,Kanakpura Road,1300.0,2.0,55.0,3.0,4230.7692307692305
4111,Kanakpura Road,700.0,2.0,41.0,2.0,5857.142857142857
4112,Kanakpura Road,700.0,2.0,35.0,2.0,5000.0
4113,Kanakpura Road,1570.0,3.0,65.93,3.0,4199.363057324841
4114,Kanakpura Road,1450.0,3.0,65.0,3.0,4482.758620689655
4115,Kanakpura Road,700.0,1.0,41.0,2.0,5857.142857142857
4116,Kanakpura Road,1135.0,2.0,56.74,2.0,4999.1189427312775
4117,Kanakpura Road,1100.0,3.0,58.0,3.0,5272.727272727273
4118,Kanakpura Road,1140.0,2.0,65.0,2.0,5701.754385964912
4119,Kanakpura Road,1452.0,3.0,60.0,3.0,4132.231404958678
4120,Kanakpura Road,700.0,2.0,40.0,2.0,5714.285714285715
4121,Kanakpura Road,1100.0,2.0,52.97,3.0,4815.454545454545
4122,Kanakpura Road,1450.0,2.0,70.18,3.0,4840.000000000001
4123,Kanakpura Road,525.0,1.0,26.01,1.0,4954.285714285715
4124,Kanakpura Road,1843.0,3.0,85.0,3.0,4612.045577862181
4125,Kanakpura Road,1938.0,3.0,92.69,3.0,4782.765737874097
4126,Kanakpura Road,1322.0,2.0,70.0,2.0,5295.00756429652
4127,Kanakpura Road,1698.0,2.0,105.0,2.0,6183.745583038869
4128,Kanakpura Road,1300.0,3.0,69.0,3.0,5307.692307692308
4129,Kanakpura Road,1300.0,3.0,69.0,3.0,5307.692307692308
4130,Kanakpura Road,700.0,2.0,34.0,2.0,4857.142857142857
4131,Kanakpura Road,1167.0,2.0,63.0,2.0,5398.457583547558
4132,Kanakpura Road,1419.59,2.0,65.0,3.0,4578.786832817927
4133,Kanakpura Road,1665.0,3.0,78.0,3.0,4684.684684684685
4134,Kanakpura Road,1339.0,2.0,63.0,2.0,4705.003734129948
4135,Kanakpura Road,1300.0,3.0,69.0,3.0,5307.692307692308
4136,Kanakpura Road,1450.0,3.0,60.9,3.0,4200.0
4137,Kanakpura Road,900.0,2.0,41.0,2.0,4555.555555555556
4138,Kanakpura Road,1300.0,3.0,64.0,3.0,4923.076923076923
4139,Kanakpura Road,1120.0,2.0,51.0,2.0,4553.571428571428
4140,Kanakpura Road,1430.0,2.0,78.0,2.0,5454.545454545455
4141,Kanakpura Road,700.0,2.0,36.0,2.0,5142.857142857143
4142,Kanakpura Road,1401.0,3.0,69.0,3.0,4925.0535331905785
4143,Kanakpura Road,1220.0,2.0,60.0,2.0,4918.0327868852455
4144,Kanakpura Road,525.0,2.0,27.0,1.0,5142.857142857143
4145,Kanakpura Road,1100.0,3.0,53.0,3.0,4818.181818181818
4146,Kanakpura Road,1100.0,3.0,58.0,3.0,5272.727272727273
4147,Kanakpura Road,1452.0,3.0,60.98,3.0,4199.724517906336
4148,Kanakpura Road,1700.0,3.0,75.0,3.0,4411.764705882353
4149,Kanakpura Road,900.0,2.0,41.0,2.0,4555.555555555556
4150,Kanakpura Road,1100.0,3.0,53.0,3.0,4818.181818181818
4151,Kanakpura Road,1300.0,2.0,69.0,3.0,5307.692307692308
4152,Kanakpura Road,2000.0,3.0,105.0,3.0,5250.0
4153,Kanakpura Road,1200.0,2.0,62.0,2.0,5166.666666666667
4154,Kanakpura Road,900.0,2.0,41.0,2.0,4555.555555555556
4155,Kanakpura Road,1843.0,3.0,95.0,3.0,5154.639175257732
4156,Kanakpura Road,1100.0,2.0,53.0,3.0,4818.181818181818
4157,Kanakpura Road,1843.0,3.0,90.0,3.0,4883.342376559956
4158,Kanakpura Road,900.0,2.0,46.29,2.0,5143.333333333333
4159,Kanakpura Road,850.0,1.0,37.32,1.0,4390.588235294118
4160,Kanakpura Road,1570.0,3.0,68.0,3.0,4331.210191082802
4161,Kanakpura Road,525.0,1.0,30.0,1.0,5714.285714285715
4162,Kanakpura Road,1938.0,3.0,105.0,3.0,5417.956656346749
4163,Kanakpura Road,1843.0,3.0,96.2,3.0,5219.750406945198
4164,Kanakpura Road,525.0,1.0,26.0,1.0,4952.380952380952
4165,Kanakpura Road,1610.0,3.0,78.5,3.0,4875.776397515528
4166,Kanakpura Road,1250.0,3.0,62.6,3.0,5008.0
4167,Kanakpura Road,1450.0,3.0,60.91,3.0,4200.689655172414
4168,Kanakpura Road,700.0,2.0,36.0,2.0,5142.857142857143
4169,Kanakpura Road,1622.0,3.0,95.0,3.0,5856.966707768187
4170,Kanakpura Road,900.0,2.0,42.0,2.0,4666.666666666667
4171,Kanakpura Road,1665.0,3.0,74.9,3.0,4498.498498498499
4172,Kanakpura Road,1450.0,3.0,60.9,3.0,4200.0
4173,Kanakpura Road,1339.0,2.0,67.0,2.0,5003.734129947722
4174,Kannamangala,957.0,2.0,58.0,2.0,6060.606060606061
4175,Kannamangala,957.0,2.0,56.0,2.0,5851.619644723093
4176,Kannamangala,3000.0,4.0,200.0,4.0,6666.666666666667
4177,Kannamangala,1536.0,3.0,89.0,3.0,5794.270833333333
4178,Kannamangala,2400.0,4.0,130.0,4.0,5416.666666666667
4179,Kannamangala,1574.0,3.0,93.34,3.0,5930.114358322745
4180,Kannamangala,957.0,2.0,52.5,2.0,5485.8934169279
4181,Kannamangala,1536.0,3.0,104.0,3.0,6770.833333333333
4182,Kannamangala,957.0,2.0,54.5,2.0,5694.879832810867
4183,Kannamangala,2422.0,4.0,135.0,4.0,5573.905862923204
4184,Kannamangala,957.0,2.0,55.0,2.0,5747.126436781609
4185,Kannamangala,957.0,2.0,56.0,2.0,5851.619644723093
4186,Karuna Nagar,2500.0,3.0,180.0,3.0,7200.0
4187,Karuna Nagar,2500.0,3.0,190.0,3.0,7600.0
4188,Karuna Nagar,1962.0,3.0,175.0,3.0,8919.469928644241
4189,Karuna Nagar,1057.0,2.0,65.0,2.0,6149.479659413434
4190,Karuna Nagar,1354.0,2.0,98.0,3.0,7237.81388478582
4191,Karuna Nagar,1945.0,3.0,115.0,3.0,5912.596401028278
4192,Karuna Nagar,1960.0,3.0,165.0,3.0,8418.367346938776
4193,Kasavanhalli,1060.0,2.0,58.06,2.0,5477.358490566037
4194,Kasavanhalli,1563.05,3.0,105.0,3.0,6717.635392341896
4195,Kasavanhalli,1717.0,3.0,99.0,3.0,5765.87070471753
4196,Kasavanhalli,1799.0,3.0,90.0,3.0,5002.77932184547
4197,Kasavanhalli,3260.0,4.0,240.0,4.0,7361.963190184049
4198,Kasavanhalli,1349.0,2.0,78.0,2.0,5782.060785767235
4199,Kasavanhalli,1121.0,2.0,78.0,2.0,6958.07314897413
4200,Kasavanhalli,1100.0,2.0,50.0,2.0,4545.454545454545
4201,Kasavanhalli,1980.0,3.0,88.0,3.0,4444.444444444444
4202,Kasavanhalli,1200.0,2.0,78.0,2.0,6500.0
4203,Kasavanhalli,1646.0,3.0,79.5,3.0,4829.890643985419
4204,Kasavanhalli,1555.0,3.0,82.5,3.0,5305.4662379421225
4205,Kasavanhalli,1476.0,3.0,89.0,3.0,6029.810298102981
4206,Kasavanhalli,1493.0,3.0,82.0,3.0,5492.297387809779
4207,Kasavanhalli,1200.0,2.0,50.0,2.0,4166.666666666667
4208,Kasavanhalli,1719.0,3.0,116.0,3.0,6748.109365910413
4209,Kasavanhalli,1115.0,2.0,50.0,2.0,4484.304932735426
4210,Kasavanhalli,1125.0,2.0,61.2,2.0,5440.0
4211,Kasavanhalli,2170.0,3.0,151.0,3.0,6958.52534562212
4212,Kasavanhalli,1915.0,3.0,80.0,3.0,4177.545691906005
4213,Kasavanhalli,1450.0,3.0,77.41,3.0,5338.620689655172
4214,Kasavanhalli,1476.0,3.0,95.0,3.0,6436.314363143631
4215,Kasavanhalli,1200.0,2.0,50.3,2.0,4191.666666666667
4216,Kasavanhalli,2100.0,3.0,110.0,3.0,5238.0952380952385
4217,Kasavanhalli,1787.0,3.0,123.0,3.0,6883.044208170118
4218,Kasavanhalli,1090.0,2.0,59.8,2.0,5486.238532110092
4219,Kasavanhalli,1691.0,3.0,104.0,3.0,6150.206978119456
4220,Kasavanhalli,4260.0,4.0,272.0,4.0,6384.976525821597
4221,Kasavanhalli,2111.0,4.0,120.0,3.0,5684.509711037423
4222,Kasavanhalli,1545.0,3.0,69.0,3.0,4466.019417475728
4223,Kasavanhalli,950.0,2.0,39.0,2.0,4105.263157894737
4224,Kasavanhalli,1863.0,3.0,105.0,4.0,5636.070853462158
4225,Kasavanhalli,1667.0,3.0,92.0,3.0,5518.896220755849
4226,Kasavanhalli,1494.0,3.0,82.0,3.0,5488.621151271754
4227,Kasavanhalli,1555.0,3.0,82.0,3.0,5273.311897106109
4228,Kasavanhalli,770.0,1.0,43.82,1.0,5690.909090909091
4229,Kasavanhalli,1147.0,2.0,60.0,2.0,5231.037489102006
4230,Kasavanhalli,1375.0,2.0,72.0,2.0,5236.363636363636
4231,Kasavanhalli,1380.0,2.0,55.0,3.0,3985.5072463768115
4232,Kasavanhalli,1200.0,2.0,60.0,2.0,5000.0
4233,Kasavanhalli,4260.0,4.0,333.0,4.0,7816.901408450704
4234,Kasavanhalli,1495.0,2.0,83.0,2.0,5551.8394648829435
4235,Kasavanhalli,4000.0,4.0,325.0,4.0,8125.0
4236,Kasavanhalli,1225.0,2.0,69.0,3.0,5632.65306122449
4237,Kasavanhalli,1917.0,3.0,132.0,3.0,6885.758998435055
4238,Kasavanhalli,1375.0,2.0,78.0,2.0,5672.727272727273
4239,Kasavanhalli,4408.0,4.0,344.0,4.0,7803.992740471869
4240,Kasavanhalli,1309.0,2.0,95.0,2.0,7257.448433919022
4241,Kasavanhalli,1476.0,3.0,105.0,3.0,7113.821138211382
4242,Kasavanhalli,1158.0,2.0,67.0,2.0,5785.837651122625
4243,Kasavanhalli,1214.0,2.0,67.0,2.0,5518.945634266886
4244,Kasavanhalli,2110.0,4.0,120.0,3.0,5687.203791469195
4245,Kasavanhalli,1495.0,2.0,110.0,2.0,7357.859531772575
4246,Kasavanhalli,1575.0,2.0,85.0,2.0,5396.825396825397
4247,Kasavanhalli,1069.0,2.0,55.0,2.0,5144.9953227315245
4248,Kasavanhalli,1100.0,2.0,68.0,2.0,6181.818181818182
4249,Kasavanhalli,1715.0,3.0,112.0,3.0,6530.6122448979595
4250,Kasavanhalli,1100.0,2.0,65.0,2.0,5909.090909090909
4251,Kasavanhalli,1230.0,2.0,66.25,2.0,5386.178861788618
4252,Kasavanhalli,1819.0,3.0,150.0,3.0,8246.289169873557
4253,Kasavanhalli,1719.0,3.0,71.0,3.0,4130.308318789994
4254,Kasavanhalli,1600.0,3.0,79.0,3.0,4937.5
4255,Kasavanhalli,1585.0,2.0,90.0,2.0,5678.233438485804
4256,Kasavanhalli,1245.0,2.0,80.0,2.0,6425.70281124498
4257,Kasavanhalli,2035.0,3.0,142.0,3.0,6977.886977886978
4258,Kasavanhalli,1747.0,3.0,110.0,3.0,6296.508299942759
4259,Kasavanhalli,1377.0,2.0,80.0,2.0,5809.731299927378
4260,Kasavanhalli,1181.0,2.0,61.0,2.0,5165.114309906859
4261,Kasavanhalli,1121.0,2.0,75.0,2.0,6690.454950936663
4262,Kasturi Nagar,1925.0,3.0,125.0,3.0,6493.506493506494
4263,Kasturi Nagar,1567.0,2.0,92.0,2.0,5871.091257179323
4264,Kasturi Nagar,1570.0,3.0,80.0,3.0,5095.541401273886
4265,Kasturi Nagar,1565.0,3.0,88.5,3.0,5654.952076677317
4266,Kasturi Nagar,1080.0,2.0,80.0,2.0,7407.407407407408
4267,Kasturi Nagar,1101.0,2.0,65.0,2.0,5903.723887375114
4268,Kasturi Nagar,1500.0,2.0,80.0,3.0,5333.333333333333
4269,Kasturi Nagar,1896.0,3.0,125.0,4.0,6592.827004219409
4270,Kasturi Nagar,1100.0,2.0,58.0,2.0,5272.727272727273
4271,Kasturi Nagar,1570.0,3.0,110.0,3.0,7006.369426751592
4272,Kasturi Nagar,1000.0,2.0,58.0,2.0,5800.0
4273,Kasturi Nagar,1101.0,2.0,66.0,2.0,5994.550408719346
4274,Kasturi Nagar,2507.0,4.0,155.0,4.0,6182.688472277623
4275,Kathriguppe,1400.0,2.0,77.0,3.0,5500.0
4276,Kathriguppe,1250.0,2.0,68.75,3.0,5500.0
4277,Kathriguppe,1245.0,2.0,68.48,3.0,5500.401606425703
4278,Kathriguppe,1350.0,2.0,87.01,3.0,6445.185185185185
4279,Kathriguppe,1350.0,2.0,80.99,3.0,5999.259259259258
4280,Kathriguppe,1365.0,2.0,75.08,3.0,5500.3663003663005
4281,Kathriguppe,1300.0,3.0,77.99,3.0,5999.230769230769
4282,Kathriguppe,1350.0,2.0,80.99,3.0,5999.259259259258
4283,Kathriguppe,1390.0,2.0,76.45,3.0,5500.0
4284,Kathriguppe,1350.0,3.0,78.3,3.0,5800.0
4285,Kathriguppe,1250.0,2.0,68.75,3.0,5500.0
4286,Kathriguppe,1300.0,3.0,77.99,3.0,5999.230769230769
4287,Kathriguppe,1335.0,2.0,73.43,3.0,5500.374531835207
4288,Kathriguppe,1300.0,3.0,77.99,3.0,5999.230769230769
4289,Kathriguppe,1300.0,3.0,77.99,3.0,5999.230769230769
4290,Kathriguppe,1335.0,2.0,73.43,3.0,5500.374531835207
4291,Kathriguppe,1350.0,3.0,80.99,3.0,5999.259259259258
4292,Kathriguppe,1250.0,2.0,68.75,2.0,5500.0
4293,Kathriguppe,1350.0,3.0,80.99,3.0,5999.259259259258
4294,Kaval Byrasandra,1200.0,2.0,52.0,2.0,4333.333333333333
4295,Kaval Byrasandra,1020.0,2.0,52.0,2.0,5098.0392156862745
4296,Kaval Byrasandra,1200.0,2.0,49.5,2.0,4125.0
4297,Kaval Byrasandra,945.0,2.0,50.0,2.0,5291.005291005291
4298,Kaval Byrasandra,1060.0,2.0,45.0,2.0,4245.2830188679245
4299,Kaval Byrasandra,1100.0,2.0,46.0,2.0,4181.818181818182
4300,Kaval Byrasandra,1185.0,2.0,49.0,2.0,4135.021097046413
4301,Kaval Byrasandra,997.0,2.0,53.0,2.0,5315.947843530592
4302,Kaval Byrasandra,1060.0,2.0,42.0,2.0,3962.264150943396
4303,Kaval Byrasandra,480.0,1.0,25.0,1.0,5208.333333333333
4304,Kaval Byrasandra,1125.0,2.0,41.5,2.0,3688.8888888888887
4305,Kaval Byrasandra,1180.0,2.0,60.0,2.0,5084.745762711865
4306,Kaval Byrasandra,1450.0,3.0,75.0,3.0,5172.413793103448
4307,Kaval Byrasandra,1066.0,2.0,55.0,2.0,5159.474671669794
4308,Kaval Byrasandra,1025.0,2.0,60.0,2.0,5853.658536585366
4309,Kaval Byrasandra,1400.0,3.0,75.0,3.0,5357.142857142857
4310,Kenchenahalli,1015.0,2.0,58.0,2.0,5714.285714285715
4311,Kenchenahalli,715.0,1.0,45.0,1.0,6293.706293706294
4312,Kenchenahalli,1150.0,2.0,58.0,2.0,5043.478260869565
4313,Kenchenahalli,1280.0,2.0,69.0,3.0,5390.625
4314,Kenchenahalli,1410.0,2.0,73.0,3.0,5177.304964539007
4315,Kenchenahalli,870.0,1.0,45.0,2.0,5172.413793103448
4316,Kenchenahalli,1150.0,2.0,60.0,2.0,5217.391304347826
4317,Kenchenahalli,700.0,1.0,35.0,1.0,5000.0
4318,Kenchenahalli,1060.0,2.0,52.0,2.0,4905.66037735849
4319,Kenchenahalli,1150.0,2.0,57.0,2.0,4956.521739130435
4320,Kenchenahalli,1720.0,3.0,100.0,3.0,5813.953488372093
4321,Kenchenahalli,1015.0,2.0,60.0,2.0,5911.330049261083
4322,Kengeri,1540.0,2.0,64.0,3.0,4155.8441558441555
4323,Kengeri,750.0,2.0,38.0,2.0,5066.666666666667
4324,Kengeri,1160.0,2.0,40.61,2.0,3500.862068965517
4325,Kengeri,1197.0,2.0,50.0,2.0,4177.109440267335
4326,Kengeri,1200.0,2.0,58.0,2.0,4833.333333333333
4327,Kengeri,1188.0,2.0,38.0,3.0,3198.6531986531986
4328,Kengeri,726.0,2.0,31.0,2.0,4269.972451790633
4329,Kengeri,1250.0,3.0,48.0,3.0,3840.0
4330,Kengeri,1025.0,2.0,57.0,2.0,5560.975609756098
4331,Kengeri,1160.0,2.0,40.6,3.0,3500.0
4332,Kengeri,1082.0,2.0,49.0,3.0,4528.650646950093
4333,Kengeri,1155.0,2.0,40.6,2.0,3515.151515151515
4334,Kengeri,1255.0,2.0,50.0,2.0,3984.06374501992
4335,Kengeri,750.0,2.0,36.0,2.0,4800.0
4336,Kengeri,963.0,2.0,40.0,2.0,4153.686396677051
4337,Kengeri,927.0,2.0,37.0,2.0,3991.3700107874865
4338,Kengeri,726.0,2.0,35.0,2.0,4820.936639118458
4339,Kengeri,416.0,1.0,19.5,1.0,4687.5
4340,Kengeri,900.0,2.0,45.0,2.0,5000.0
4341,Kengeri,900.0,2.0,30.0,2.0,3333.3333333333335
4342,Kengeri,787.0,2.0,31.0,2.0,3939.0088945362136
4343,Kengeri,502.0,1.0,25.0,1.0,4980.0796812749
4344,Kengeri,1470.0,3.0,50.0,3.0,3401.360544217687
4345,Kengeri,1200.0,3.0,67.0,3.0,5583.333333333333
4346,Kengeri,725.0,2.0,30.0,2.0,4137.931034482759
4347,Kengeri,500.0,1.0,17.0,1.0,3400.0
4348,Kengeri,540.0,1.0,22.5,1.0,4166.666666666667
4349,Kengeri,750.0,2.0,35.5,2.0,4733.333333333333
4350,Kengeri,1741.0,3.0,80.0,3.0,4595.060310166571
4351,Kengeri,1436.0,2.0,55.0,3.0,3830.08356545961
4352,Kengeri,1200.0,2.0,58.0,2.0,4833.333333333333
4353,Kengeri,1230.0,2.0,45.0,2.0,3658.5365853658536
4354,Kengeri,1230.0,2.0,52.0,3.0,4227.642276422765
4355,Kengeri,750.0,2.0,36.5,2.0,4866.666666666667
4356,Kengeri,1000.0,2.0,34.0,2.0,3400.0
4357,Kengeri,416.0,1.0,18.0,1.0,4326.923076923077
4358,Kengeri,1245.0,2.0,43.57,3.0,3499.598393574297
4359,Kengeri,883.0,2.0,49.0,2.0,5549.263873159683
4360,Kengeri,1052.0,2.0,51.0,2.0,4847.9087452471485
4361,Kengeri,1220.0,2.0,63.0,2.0,5163.934426229508
4362,Kengeri,1150.0,1.0,52.0,1.0,4521.739130434783
4363,Kengeri,1192.0,2.0,53.5,2.0,4488.255033557047
4364,Kengeri,1200.0,2.0,42.0,2.0,3500.0
4365,Kengeri,750.0,2.0,40.0,2.0,5333.333333333333
4366,Kengeri,1035.0,2.0,51.5,2.0,4975.84541062802
4367,Kengeri,3000.0,5.0,130.0,8.0,4333.333333333333
4368,Kengeri,410.0,1.0,15.0,1.0,3658.5365853658536
4369,Kengeri,416.0,1.0,17.19,1.0,4132.211538461539
4370,Kengeri,1320.0,2.0,50.0,2.0,3787.878787878788
4371,Kengeri,1160.0,2.0,40.6,2.0,3500.0
4372,Kengeri,2500.0,4.0,100.0,5.0,4000.0
4373,Kengeri,550.0,1.0,16.75,1.0,3045.4545454545455
4374,Kengeri Satellite Town,890.0,2.0,35.0,2.0,3932.5842696629215
4375,Kengeri Satellite Town,883.0,2.0,45.0,2.0,5096.262740656852
4376,Kengeri Satellite Town,1415.0,2.0,66.0,3.0,4664.310954063604
4377,Kengeri Satellite Town,930.0,1.0,30.0,1.0,3225.8064516129034
4378,Kengeri Satellite Town,1635.0,2.0,78.0,3.0,4770.642201834862
4379,Kengeri Satellite Town,1050.0,2.0,43.0,2.0,4095.2380952380954
4380,Kengeri Satellite Town,1007.0,2.0,42.0,2.0,4170.8043694141015
4381,Kengeri Satellite Town,635.0,1.0,22.0,2.0,3464.566929133858
4382,Kengeri Satellite Town,818.0,2.0,26.0,2.0,3178.484107579462
4383,Kengeri Satellite Town,1030.0,2.0,50.0,2.0,4854.368932038835
4384,Kengeri Satellite Town,1200.0,2.0,65.0,2.0,5416.666666666667
4385,Kengeri Satellite Town,795.0,2.0,32.0,2.0,4025.1572327044023
4386,Kengeri Satellite Town,800.0,2.0,40.0,2.0,5000.0
4387,Kengeri Satellite Town,654.0,1.0,22.0,1.0,3363.914373088685
4388,Kengeri Satellite Town,1060.0,2.0,42.0,2.0,3962.264150943396
4389,Kengeri Satellite Town,750.0,2.0,33.0,2.0,4400.0
4390,Kengeri Satellite Town,920.0,2.0,39.0,2.0,4239.130434782609
4391,Kengeri Satellite Town,985.0,2.0,42.0,2.0,4263.959390862944
4392,Kengeri Satellite Town,410.0,1.0,15.0,1.0,3658.5365853658536
4393,Kengeri Satellite Town,1120.0,2.0,49.0,2.0,4375.0
4394,Kengeri Satellite Town,1450.0,2.0,50.0,3.0,3448.2758620689656
4395,Kengeri Satellite Town,1110.0,2.0,43.0,2.0,3873.873873873874
4396,Kengeri Satellite Town,1170.0,2.0,50.0,2.0,4273.504273504273
4397,Kengeri Satellite Town,777.4,2.0,25.0,2.0,3215.8476974530486
4398,Kengeri Satellite Town,800.0,2.0,32.0,2.0,4000.0
4399,Kereguddadahalli,950.0,2.0,32.0,2.0,3368.4210526315787
4400,Kereguddadahalli,1400.0,2.0,48.0,3.0,3428.5714285714284
4401,Kereguddadahalli,800.0,2.0,28.0,2.0,3500.0
4402,Kereguddadahalli,904.0,2.0,30.0,2.0,3318.5840707964603
4403,Kereguddadahalli,1300.0,2.0,39.0,3.0,3000.0
4404,Kereguddadahalli,1000.0,2.0,30.0,2.0,3000.0
4405,Kereguddadahalli,1240.0,3.0,41.0,3.0,3306.451612903226
4406,Kereguddadahalli,600.0,1.0,19.5,1.0,3250.0
4407,Kereguddadahalli,1080.0,2.0,32.0,2.0,2962.962962962963
4408,Kereguddadahalli,1000.0,2.0,34.0,2.0,3400.0
4409,Kereguddadahalli,1400.0,2.0,42.0,3.0,3000.0
4410,Kereguddadahalli,1280.0,3.0,42.0,3.0,3281.25
4411,Kereguddadahalli,1015.0,2.0,35.0,2.0,3448.2758620689656
4412,Kodichikkanahalli,1190.0,2.0,57.0,3.0,4789.915966386555
4413,Kodichikkanahalli,995.0,2.0,41.0,2.0,4120.603015075377
4414,Kodichikkanahalli,2700.0,7.0,125.0,5.0,4629.62962962963
4415,Kodichikkanahalli,1495.0,2.0,75.0,3.0,5016.722408026756
4416,Kodichikkanahalli,1125.0,2.0,52.0,2.0,4622.222222222223
4417,Kodichikkanahalli,1150.0,2.0,48.0,2.0,4173.913043478261
4418,Kodichikkanahalli,1070.0,2.0,43.0,2.0,4018.691588785047
4419,Kodichikkanahalli,1620.0,2.0,85.0,3.0,5246.913580246914
4420,Kodichikkanahalli,1560.0,2.0,65.0,3.0,4166.666666666667
4421,Kodichikkanahalli,1026.0,2.0,45.0,2.0,4385.964912280701
4422,Kodichikkanahalli,2500.0,7.0,125.0,5.0,5000.0
4423,Kodichikkanahalli,450.0,1.0,18.0,1.0,4000.0
4424,Kodichikkanahalli,907.0,2.0,38.5,2.0,4244.7629547960305
4425,Kodichikkanahalli,1181.0,2.0,57.0,2.0,4826.418289585097
4426,Kodichikkanahalli,900.0,2.0,42.0,2.0,4666.666666666667
4427,Kodichikkanahalli,1310.0,2.0,53.0,3.0,4045.8015267175574
4428,Kodichikkanahalli,1400.0,3.0,66.0,3.0,4714.285714285715
4429,Kodichikkanahalli,976.0,2.0,50.0,2.0,5122.950819672131
4430,Kodichikkanahalli,2700.0,4.0,125.0,5.0,4629.62962962963
4431,Kodichikkanahalli,1299.0,2.0,58.0,2.0,4464.973056197075
4432,Kodigehaali,1166.0,2.0,55.0,2.0,4716.981132075472
4433,Kodigehaali,1320.0,3.0,65.0,3.0,4924.242424242424
4434,Kodigehaali,1117.0,2.0,56.0,2.0,5013.428827215756
4435,Kodigehaali,1200.0,2.0,55.0,2.0,4583.333333333333
4436,Kodigehaali,1200.0,2.0,60.0,2.0,5000.0
4437,Kodigehaali,2120.0,3.0,177.0,3.0,8349.056603773584
4438,Kodigehaali,1013.0,2.0,51.0,2.0,5034.550839091807
4439,Kodigehaali,1324.0,3.0,65.0,3.0,4909.365558912386
4440,Kodigehaali,965.0,2.0,38.0,2.0,3937.8238341968913
4441,Kodigehaali,866.0,2.0,32.0,2.0,3695.150115473441
4442,Kodigehaali,1442.0,3.0,80.0,3.0,5547.850208044383
4443,Kodigehalli,1270.0,2.0,98.0,2.0,7716.535433070866
4444,Kodigehalli,1200.0,2.0,48.0,2.0,4000.0
4445,Kodigehalli,655.0,1.0,53.0,1.0,8091.603053435115
4446,Kodigehalli,1820.0,3.0,150.0,3.0,8241.758241758242
4447,Kodigehalli,635.0,1.0,28.0,2.0,4409.4488188976375
4448,Kodigehalli,1200.0,4.0,156.0,3.0,13000.0
4449,Kodihalli,3252.0,5.0,335.0,4.0,10301.353013530135
4450,Kodihalli,2700.0,4.0,270.0,3.0,10000.0
4451,Kodihalli,2392.0,4.0,260.0,3.0,10869.565217391304
4452,Kodihalli,2408.0,4.0,260.0,3.0,10797.34219269103
4453,Kodihalli,2500.0,4.0,260.0,3.0,10400.0
4454,Kodihalli,1620.0,3.0,130.0,3.0,8024.691358024691
4455,Kodihalli,3260.0,5.0,388.0,4.0,11901.840490797545
4456,Kodihalli,3197.0,5.0,335.0,4.0,10478.573662808883
4457,Kodihalli,1490.0,2.0,150.0,2.0,10067.114093959732
4458,Kogilu,1909.0,3.0,88.0,3.0,4609.743321110529
4459,Kogilu,1664.0,2.0,73.95,3.0,4444.110576923077
4460,Kogilu,1170.0,2.0,51.99,2.0,4443.589743589743
4461,Kogilu,650.0,2.0,28.0,2.0,4307.692307692308
4462,Kogilu,1140.0,2.0,50.66,2.0,4443.859649122807
4463,Kogilu,1200.0,2.0,53.33,2.0,4444.166666666667
4464,Kogilu,1934.0,3.0,150.0,3.0,7755.946225439504
4465,Kogilu,540.0,1.0,36.0,1.0,6666.666666666667
4466,Kogilu,1559.0,3.0,127.0,3.0,8146.247594611931
4467,Kogilu,1190.0,2.0,50.66,2.0,4257.142857142857
4468,Kogilu,1140.0,2.0,50.66,2.0,4443.859649122807
4469,Kogilu,1559.0,3.0,120.0,3.0,7697.2418216805645
4470,Kogilu,700.0,1.0,30.84,1.0,4405.714285714285
4471,Kogilu,1250.0,2.0,55.55,2.0,4444.0
4472,Kogilu,1200.0,2.0,53.33,2.0,4444.166666666667
4473,Kogilu,952.0,2.0,49.0,2.0,5147.058823529412
4474,Kogilu,700.0,1.0,30.84,1.0,4405.714285714285
4475,Kogilu,1250.0,2.0,55.55,2.0,4444.0
4476,Kogilu,2456.0,7.0,85.0,7.0,3460.912052117264
4477,Kogilu,1140.0,2.0,50.66,2.0,4443.859649122807
4478,Kogilu,1140.0,2.0,50.66,2.0,4443.859649122807
4479,Konanakunte,2791.0,3.0,223.0,3.0,7989.967753493372
4480,Konanakunte,884.0,1.0,58.0,2.0,6561.085972850678
4481,Konanakunte,1200.0,4.0,125.0,4.0,10416.666666666666
4482,Konanakunte,1200.0,2.0,130.0,4.0,10833.333333333334
4483,Konanakunte,2400.0,2.0,180.0,3.0,7500.0
4484,Konanakunte,3746.0,6.0,375.0,4.0,10010.6780565937
4485,Konanakunte,1423.0,2.0,85.0,3.0,5973.295853829937
4486,Koramangala,1320.0,2.0,165.0,2.0,12500.0
4487,Koramangala,1253.0,2.0,102.0,2.0,8140.462889066241
4488,Koramangala,1580.0,3.0,160.0,3.0,10126.582278481013
4489,Koramangala,1750.0,3.0,130.0,3.0,7428.571428571428
4490,Koramangala,3500.0,5.0,425.0,4.0,12142.857142857143
4491,Koramangala,1005.0,1.0,110.0,2.0,10945.273631840795
4492,Koramangala,2292.0,4.0,275.0,3.0,11998.25479930192
4493,Koramangala,1835.0,2.0,155.0,3.0,8446.866485013625
4494,Koramangala,1290.0,2.0,100.0,2.0,7751.937984496124
4495,Koramangala,1300.0,2.0,110.0,2.0,8461.538461538461
4496,Koramangala,2200.0,3.0,180.0,3.0,8181.818181818182
4497,Koramangala,1325.0,2.0,119.0,2.0,8981.132075471698
4498,Koramangala,1140.0,2.0,75.2,2.0,6596.491228070176
4499,Koramangala,1260.0,2.0,100.0,2.0,7936.507936507936
4500,Koramangala,1975.0,3.0,210.0,3.0,10632.911392405063
4501,Koramangala,1900.0,2.0,200.0,2.0,10526.315789473685
4502,Koramangala,1750.0,3.0,130.0,3.0,7428.571428571428
4503,Koramangala,2292.0,3.0,286.0,3.0,12478.184991273996
4504,Koramangala,2300.0,3.0,290.0,3.0,12608.695652173914
4505,Koramangala,1594.0,3.0,125.0,3.0,7841.907151819322
4506,Koramangala,1760.0,2.0,115.0,3.0,6534.090909090909
4507,Koramangala,2503.0,6.0,325.0,4.0,12984.418697562924
4508,Koramangala,1900.0,3.0,150.0,3.0,7894.736842105263
4509,Koramangala,1320.0,2.0,150.0,2.0,11363.636363636364
4510,Koramangala,1320.0,2.0,110.0,2.0,8333.333333333334
4511,Koramangala,5985.0,4.0,775.0,4.0,12949.039264828738
4512,Koramangala,2461.0,6.0,353.0,4.0,14343.762698090208
4513,Koramangala,1615.0,3.0,115.0,3.0,7120.743034055728
4514,Koramangala,2246.0,3.0,300.0,3.0,13357.079252003561
4515,Koramangala,1716.0,2.0,115.0,3.0,6701.631701631702
4516,Koramangala,1500.0,3.0,135.0,3.0,9000.0
4517,Koramangala,1083.0,2.0,100.0,2.0,9233.610341643584
4518,Koramangala,1744.0,3.0,200.0,3.0,11467.88990825688
4519,Koramangala,1180.0,2.0,128.0,2.0,10847.457627118643
4520,Koramangala,1320.0,2.0,160.0,2.0,12121.212121212122
4521,Koramangala,1370.0,2.0,125.0,2.0,9124.087591240876
4522,Koramangala,1100.0,2.0,85.0,2.0,7727.272727272727
4523,Koramangala,1249.0,2.0,165.0,2.0,13210.56845476381
4524,Koramangala,1200.0,2.0,100.0,2.0,8333.333333333334
4525,Koramangala,1720.0,2.0,130.0,3.0,7558.139534883721
4526,Koramangala,2223.0,3.0,300.0,3.0,13495.27665317139
4527,Koramangala,1744.0,4.0,210.0,3.0,12041.284403669724
4528,Koramangala,1866.0,4.0,245.0,3.0,13129.689174705252
4529,Koramangala,1320.0,2.0,160.0,2.0,12121.212121212122
4530,Koramangala,1350.0,2.0,103.0,2.0,7629.62962962963
4531,Koramangala,6000.0,4.0,625.0,4.0,10416.666666666666
4532,Koramangala,1642.0,2.0,115.0,3.0,7003.654080389769
4533,Koramangala,1320.0,2.0,160.0,2.0,12121.212121212122
4534,Koramangala,1710.0,3.0,210.0,3.0,12280.701754385966
4535,Koramangala,1355.0,2.0,95.0,2.0,7011.070110701107
4536,Koramangala,1600.0,3.0,170.0,3.0,10625.0
4537,Koramangala,1260.0,2.0,100.0,2.0,7936.507936507936
4538,Koramangala,1910.0,4.0,150.0,3.0,7853.4031413612565
4539,Koramangala,1600.0,2.0,140.0,3.0,8750.0
4540,Kothannur,1206.0,2.0,48.23,2.0,3999.1708126036483
4541,Kothannur,1275.0,2.0,43.85,3.0,3439.2156862745096
4542,Kothannur,1100.0,2.0,40.0,2.0,3636.3636363636365
4543,Kothannur,1197.0,2.0,47.88,2.0,4000.0
4544,Kothannur,1197.0,2.0,47.8,2.0,3993.316624895572
4545,Kothannur,1070.0,2.0,42.79,2.0,3999.0654205607475
4546,Kothannur,1270.0,3.0,45.0,3.0,3543.3070866141734
4547,Kothannur,1275.0,3.0,44.0,3.0,3450.9803921568628
4548,Kothannur,1070.0,2.0,38.6,2.0,3607.4766355140187
4549,Kothannur,1485.0,2.0,59.4,3.0,4000.0
4550,Kothannur,1215.0,2.0,48.6,3.0,4000.0
4551,Kothannur,1404.0,2.0,56.15,3.0,3999.287749287749
4552,Kothanur,1200.0,2.0,51.0,2.0,4250.0
4553,Kothanur,2400.0,2.0,150.0,3.0,6250.0
4554,Kothanur,1828.0,3.0,110.0,3.0,6017.505470459519
4555,Kothanur,1186.0,2.0,58.0,2.0,4890.387858347386
4556,Kothanur,1577.0,3.0,70.0,3.0,4438.807863031072
4557,Kothanur,1847.0,3.0,105.0,3.0,5684.89442338928
4558,Kothanur,1580.0,3.0,76.0,3.0,4810.126582278481
4559,Kothanur,9600.0,5.0,550.0,5.0,5729.166666666667
4560,Kothanur,1435.0,3.0,70.0,3.0,4878.048780487805
4561,Kothanur,1187.0,2.0,58.0,2.0,4886.2679022746415
4562,Kothanur,1847.0,3.0,110.0,3.0,5955.603681645913
4563,Kothanur,1460.0,3.0,71.0,3.0,4863.013698630137
4564,Kothanur,1185.0,2.0,59.0,2.0,4978.9029535864975
4565,Kothanur,1436.0,3.0,70.0,3.0,4874.651810584958
4566,Kothanur,1462.0,3.0,71.0,3.0,4856.361149110807
4567,Kothanur,1790.0,3.0,105.0,3.0,5865.921787709497
4568,Kothanur,1583.0,3.0,76.1,3.0,4807.327858496525
4569,Kothanur,1070.0,2.0,45.5,2.0,4252.336448598131
4570,Kothanur,1820.0,3.0,77.0,3.0,4230.7692307692305
4571,Kothanur,1145.0,2.0,56.0,2.0,4890.829694323144
4572,Kothanur,3401.0,5.0,230.0,4.0,6762.7168479858865
4573,Kothanur,1455.0,2.0,69.0,2.0,4742.268041237114
4574,Kothanur,627.0,1.0,30.0,1.0,4784.688995215311
4575,Kothanur,1302.0,2.0,68.5,2.0,5261.136712749616
4576,Kothanur,1760.0,3.0,111.0,3.0,6306.818181818182
4577,Kothanur,1185.0,2.0,58.0,2.0,4894.514767932489
4578,Kothanur,1500.0,1.0,75.0,1.0,5000.0
4579,Kothanur,1075.0,2.0,53.0,2.0,4930.232558139535
4580,Kothanur,1790.0,3.0,97.0,3.0,5418.994413407821
4581,Kothanur,2700.0,4.0,175.0,4.0,6481.481481481482
4582,Kothanur,1786.0,2.0,106.0,3.0,5935.05039193729
4583,Kothanur,1787.0,3.0,107.0,3.0,5987.688864017907
4584,Kothanur,1141.0,2.0,54.0,2.0,4732.690622261174
4585,Kothanur,1760.0,3.0,110.0,3.0,6250.0
4586,Kothanur,1365.0,3.0,66.0,3.0,4835.1648351648355
4587,Kothanur,1160.0,2.0,57.0,2.0,4913.793103448276
4588,Kothanur,1095.0,2.0,55.0,2.0,5022.83105022831
4589,Kothanur,1142.0,2.0,56.0,2.0,4903.6777583187395
4590,Kothanur,1074.0,2.0,54.0,2.0,5027.932960893855
4591,Kothanur,1285.0,2.0,60.0,2.0,4669.260700389105
4592,Kothanur,1075.0,2.0,53.0,2.0,4930.232558139535
4593,Kothanur,1140.0,2.0,56.0,2.0,4912.2807017543855
4594,Kothanur,1400.0,2.0,70.0,2.0,5000.0
4595,Kothanur,1581.0,3.0,76.0,3.0,4807.084123972169
4596,Kothanur,1385.0,3.0,67.0,3.0,4837.545126353791
4597,Kothanur,1140.0,2.0,56.0,2.0,4912.2807017543855
4598,Kothanur,1787.0,3.0,120.0,3.0,6715.165081141578
4599,Kothanur,1185.0,2.0,59.0,2.0,4978.9029535864975
4600,Kothanur,1581.0,3.0,76.0,3.0,4807.084123972169
4601,Kothanur,1790.0,3.0,105.0,3.0,5865.921787709497
4602,Kothanur,1130.0,2.0,55.0,2.0,4867.256637168141
4603,Kothanur,1094.0,2.0,54.0,2.0,4936.014625228519
4604,Kothanur,1170.0,3.0,80.0,3.0,6837.606837606838
4605,Kothanur,1400.0,2.0,65.0,2.0,4642.857142857143
4606,Kothanur,1195.0,2.0,59.0,2.0,4937.238493723849
4607,Kothanur,1790.0,3.0,120.0,3.0,6703.91061452514
4608,Kothanur,1454.0,3.0,71.5,3.0,4917.469050894085
4609,Kudlu,1152.0,2.0,53.5,2.0,4644.097222222223
4610,Kudlu,1027.0,2.0,43.0,2.0,4186.952288218111
4611,Kudlu,1092.0,2.0,44.0,2.0,4029.3040293040294
4612,Kudlu,1027.0,2.0,43.0,2.0,4186.952288218111
4613,Kudlu,1092.0,2.0,44.0,2.0,4029.3040293040294
4614,Kudlu,1143.0,2.0,55.0,2.0,4811.898512685914
4615,Kudlu,1455.0,2.0,60.0,3.0,4123.711340206186
4616,Kudlu,1024.0,2.0,44.0,2.0,4296.875
4617,Kudlu,1570.0,2.0,65.94,3.0,4200.0
4618,Kudlu,1600.0,3.0,79.0,3.0,4937.5
4619,Kudlu,1027.0,2.0,42.0,2.0,4089.581304771178
4620,Kudlu,1076.0,2.0,50.0,2.0,4646.840148698885
4621,Kudlu,1027.0,2.0,44.0,2.0,4284.323271665044
4622,Kudlu,1084.0,2.0,53.0,2.0,4889.29889298893
4623,Kudlu,1300.0,2.0,56.0,2.0,4307.692307692308
4624,Kudlu,1027.0,2.0,44.0,2.0,4284.323271665044
4625,Kudlu,1245.0,2.0,60.0,3.0,4819.277108433735
4626,Kudlu,1027.0,2.0,44.0,2.0,4284.323271665044
4627,Kudlu,1110.0,2.0,46.0,2.0,4144.144144144144
4628,Kudlu,2100.0,3.0,114.0,4.0,5428.571428571428
4629,Kudlu,1027.0,2.0,44.0,2.0,4284.323271665044
4630,Kudlu,720.0,1.0,33.0,1.0,4583.333333333333
4631,Kudlu,1027.0,2.0,44.0,2.0,4284.323271665044
4632,Kudlu,1162.0,2.0,52.0,2.0,4475.043029259897
4633,Kudlu,1041.0,2.0,53.0,2.0,5091.258405379443
4634,Kudlu Gate,1535.0,3.0,83.0,3.0,5407.166123778502
4635,Kudlu Gate,1535.0,3.0,85.0,3.0,5537.459283387622
4636,Kudlu Gate,1535.0,3.0,78.0,3.0,5081.4332247557
4637,Kudlu Gate,1535.0,3.0,86.0,3.0,5602.605863192182
4638,Kudlu Gate,1564.0,2.0,92.0,3.0,5882.35294117647
4639,Kudlu Gate,1364.0,2.0,46.38,3.0,3400.293255131965
4640,Kudlu Gate,1238.0,2.0,55.0,2.0,4442.64943457189
4641,Kudlu Gate,1335.0,3.0,89.0,3.0,6666.666666666667
4642,Kudlu Gate,703.0,1.0,52.0,1.0,7396.870554765292
4643,Kudlu Gate,1535.0,3.0,86.0,3.0,5602.605863192182
4644,Kudlu Gate,1532.0,3.0,83.0,3.0,5417.754569190601
4645,Kudlu Gate,1113.0,2.0,50.0,2.0,4492.36298292902
4646,Kudlu Gate,1465.0,2.0,49.81,3.0,3400.0
4647,Kudlu Gate,1185.0,2.0,50.0,2.0,4219.4092827004215
4648,Kudlu Gate,1664.0,3.0,68.0,3.0,4086.5384615384614
4649,Kudlu Gate,1656.0,3.0,80.0,3.0,4830.917874396136
4650,Kudlu Gate,1656.0,3.0,75.0,3.0,4528.985507246377
4651,Kudlu Gate,1215.0,2.0,45.0,2.0,3703.703703703704
4652,Kudlu Gate,812.0,2.0,38.25,2.0,4710.591133004926
4653,Kudlu Gate,1547.0,2.0,103.0,2.0,6658.047834518423
4654,Kudlu Gate,1336.0,2.0,86.0,2.0,6437.125748502994
4655,Kudlu Gate,1919.0,3.0,121.0,3.0,6305.367378843148
4656,Kudlu Gate,1464.0,3.0,56.0,2.0,3825.136612021858
4657,Kudlu Gate,1535.0,3.0,85.0,3.0,5537.459283387622
4658,Kudlu Gate,1850.0,3.0,120.0,3.0,6486.486486486487
4659,Kudlu Gate,940.0,2.0,69.57,2.0,7401.063829787233
4660,Kudlu Gate,1215.0,2.0,44.96,2.0,3700.411522633745
4661,Kudlu Gate,1164.0,2.0,75.0,2.0,6443.298969072165
4662,Kudlu Gate,3850.0,6.0,205.0,4.0,5324.675324675325
4663,Kudlu Gate,1183.0,2.0,79.54,2.0,6723.584108199494
4664,Kudlu Gate,1850.0,3.0,110.0,3.0,5945.945945945946
4665,Kudlu Gate,1320.0,2.0,50.0,3.0,3787.878787878788
4666,Kudlu Gate,1183.0,2.0,79.54,2.0,6723.584108199494
4667,Kudlu Gate,1200.0,2.0,44.4,2.0,3700.0
4668,Kudlu Gate,1432.0,2.0,61.11,3.0,4267.458100558659
4669,Kudlu Gate,1310.0,2.0,53.0,2.0,4045.8015267175574
4670,Kumaraswami Layout,2000.0,4.0,139.0,4.0,6950.0
4671,Kumaraswami Layout,1000.0,2.0,48.5,2.0,4850.0
4672,Kumaraswami Layout,1000.0,2.0,58.0,2.0,5800.0
4673,Kumaraswami Layout,2400.0,7.0,125.0,7.0,5208.333333333333
4674,Kumaraswami Layout,2400.0,2.0,125.0,3.0,5208.333333333333
4675,Kumaraswami Layout,1310.0,2.0,70.0,3.0,5343.511450381679
4676,Kumaraswami Layout,850.0,1.0,78.0,1.0,9176.470588235294
4677,Kumaraswami Layout,3200.0,7.0,150.0,7.0,4687.5
4678,Kumaraswami Layout,1310.0,2.0,85.0,3.0,6488.5496183206105
4679,Kumaraswami Layout,2450.0,3.0,110.0,4.0,4489.7959183673465
4680,Kumaraswami Layout,3100.0,7.0,145.0,7.0,4677.419354838709
4681,Kumaraswami Layout,1200.0,3.0,75.0,3.0,6250.0
4682,Kumaraswami Layout,1081.0,2.0,60.0,2.0,5550.416281221092
4683,Kundalahalli,1724.0,3.0,125.0,3.0,7250.580046403712
4684,Kundalahalli,1030.0,2.0,49.0,2.0,4757.281553398058
4685,Kundalahalli,735.0,2.0,57.99,2.0,7889.7959183673465
4686,Kundalahalli,1047.0,2.0,82.0,2.0,7831.900668576886
4687,Kundalahalli,1397.0,3.0,105.0,3.0,7516.1059413027915
4688,Kundalahalli,1724.0,3.0,127.0,3.0,7366.589327146172
4689,Kundalahalli,1010.0,2.0,49.27,2.0,4878.217821782178
4690,Kundalahalli,1397.0,3.0,110.0,3.0,7874.0157480314965
4691,Kundalahalli,1397.0,3.0,104.0,3.0,7444.523979957051
4692,Kundalahalli,1397.0,3.0,108.0,3.0,7730.851825340014
4693,Kundalahalli,1920.0,3.0,150.0,3.0,7812.5
4694,Kundalahalli,1397.0,3.0,105.0,3.0,7516.1059413027915
4695,Kundalahalli,1800.0,3.0,80.0,3.0,4444.444444444444
4696,Kundalahalli,1724.0,3.0,124.0,3.0,7192.5754060324825
4697,Kundalahalli,1047.0,2.0,84.0,2.0,8022.9226361031515
4698,Kundalahalli,1047.0,2.0,83.0,2.0,7927.411652340019
4699,Kundalahalli,7000.0,4.0,550.0,4.0,7857.142857142857
4700,Kundalahalli,2075.0,3.0,115.0,3.0,5542.168674698795
4701,Kundalahalli,1120.0,2.0,53.76,2.0,4800.0
4702,Kundalahalli,1047.0,2.0,82.62,2.0,7891.117478510028
4703,Kundalahalli,1047.0,2.0,91.0,2.0,8691.499522445081
4704,Kundalahalli,1724.0,3.0,146.0,3.0,8468.677494199535
4705,Kundalahalli,1600.0,3.0,170.0,3.0,10625.0
4706,Kundalahalli,1496.0,2.0,78.0,3.0,5213.903743315508
4707,Kundalahalli,1724.0,3.0,125.0,3.0,7250.580046403712
4708,Kundalahalli,1010.0,2.0,48.27,2.0,4779.207920792079
4709,Kundalahalli,1047.0,2.0,89.0,2.0,8500.477554918816
4710,Kundalahalli,2500.0,5.0,245.0,4.0,9800.0
4711,Kundalahalli,1397.0,3.0,105.0,3.0,7516.1059413027915
4712,Kundalahalli,1800.0,3.0,110.0,3.0,6111.111111111111
4713,Kundalahalli,1047.0,2.0,72.0,2.0,6876.790830945559
4714,Kundalahalli,1260.0,2.0,58.0,2.0,4603.174603174603
4715,Kundalahalli,3092.0,4.0,230.0,4.0,7438.551099611902
4716,Kundalahalli,1065.0,2.0,70.0,2.0,6572.769953051643
4717,Kundalahalli,1724.0,3.0,146.0,3.0,8468.677494199535
4718,Kundalahalli,1047.0,2.0,91.0,2.0,8691.499522445081
4719,Kundalahalli,1724.0,3.0,128.0,3.0,7424.593967517401
4720,Kundalahalli,1315.0,2.0,74.0,2.0,5627.376425855513
4721,Kundalahalli,2100.0,3.0,150.0,3.0,7142.857142857143
4722,Kundalahalli,1724.0,3.0,125.0,3.0,7250.580046403712
4723,Kundalahalli,1724.0,3.0,140.0,3.0,8120.649651972158
4724,Kundalahalli,1175.0,2.0,65.0,2.0,5531.914893617021
4725,LB Shastri Nagar,1600.0,3.0,65.0,3.0,4062.5
4726,LB Shastri Nagar,1043.0,2.0,55.0,2.0,5273.250239693192
4727,LB Shastri Nagar,1184.0,2.0,69.0,2.0,5827.7027027027025
4728,LB Shastri Nagar,665.0,1.0,32.0,1.0,4812.0300751879695
4729,LB Shastri Nagar,1250.0,2.0,48.5,2.0,3880.0
4730,LB Shastri Nagar,1400.0,2.0,80.0,3.0,5714.285714285715
4731,LB Shastri Nagar,1184.0,2.0,62.0,2.0,5236.486486486487
4732,LB Shastri Nagar,1200.0,2.0,47.0,2.0,3916.6666666666665
4733,LB Shastri Nagar,1200.0,2.0,75.0,2.0,6250.0
4734,LB Shastri Nagar,1000.0,2.0,49.5,2.0,4950.0
4735,Laggere,2800.0,5.0,125.0,5.0,4464.285714285715
4736,Laggere,1200.0,3.0,130.0,3.0,10833.333333333334
4737,Laggere,1200.0,1.0,125.0,1.0,10416.666666666666
4738,Laggere,1200.0,2.0,75.0,2.0,6250.0
4739,Laggere,620.0,2.0,48.0,1.0,7741.935483870968
4740,Lakshminarayana Pura,1185.0,2.0,75.0,2.0,6329.113924050633
4741,Lakshminarayana Pura,1600.0,2.0,108.0,3.0,6750.0
4742,Lakshminarayana Pura,1180.0,2.0,75.0,2.0,6355.932203389831
4743,Lakshminarayana Pura,1172.0,2.0,82.0,2.0,6996.587030716723
4744,Lakshminarayana Pura,1179.0,2.0,75.0,2.0,6361.323155216285
4745,Lakshminarayana Pura,1149.0,2.0,75.0,2.0,6527.415143603133
4746,Lakshminarayana Pura,1336.0,2.0,100.0,2.0,7485.029940119761
4747,Lakshminarayana Pura,1175.0,2.0,75.0,2.0,6382.978723404255
4748,Lakshminarayana Pura,1190.0,2.0,75.0,2.0,6302.5210084033615
4749,Lakshminarayana Pura,1200.0,2.0,75.0,2.0,6250.0
4750,Lakshminarayana Pura,1200.0,2.0,75.0,2.0,6250.0
4751,Lakshminarayana Pura,1165.0,2.0,75.0,2.0,6437.768240343347
4752,Lakshminarayana Pura,1145.0,2.0,75.0,2.0,6550.218340611354
4753,Lakshminarayana Pura,1500.0,3.0,104.0,3.0,6933.333333333333
4754,Lakshminarayana Pura,1210.0,2.0,75.0,2.0,6198.347107438017
4755,Lakshminarayana Pura,1169.0,2.0,75.0,2.0,6415.739948674081
4756,Lakshminarayana Pura,1200.0,2.0,75.0,2.0,6250.0
4757,Lakshminarayana Pura,1172.0,2.0,75.0,2.0,6399.317406143345
4758,Lakshminarayana Pura,1172.0,2.0,75.0,2.0,6399.317406143345
4759,Lakshminarayana Pura,1180.0,2.0,75.0,2.0,6355.932203389831
4760,Lakshminarayana Pura,1200.0,2.0,83.0,2.0,6916.666666666667
4761,Lakshminarayana Pura,1200.0,2.0,80.0,2.0,6666.666666666667
4762,Lakshminarayana Pura,1195.0,2.0,75.0,2.0,6276.150627615063
4763,Lakshminarayana Pura,1200.0,2.0,80.0,2.0,6666.666666666667
4764,Lingadheeranahalli,1521.0,3.0,95.0,3.0,6245.890861275477
4765,Lingadheeranahalli,1511.0,3.0,95.0,3.0,6287.22700198544
4766,Lingadheeranahalli,1683.0,3.0,109.0,3.0,6476.5300059417705
4767,Lingadheeranahalli,1519.0,3.0,93.0,3.0,6122.448979591837
4768,Lingadheeranahalli,1521.0,3.0,94.99,3.0,6245.233399079553
4769,Lingadheeranahalli,1682.0,3.0,120.0,3.0,7134.36385255648
4770,Lingadheeranahalli,1521.0,3.0,94.71,3.0,6226.824457593689
4771,Lingadheeranahalli,1893.0,3.0,130.0,3.0,6867.406233491812
4772,Lingadheeranahalli,1705.0,3.0,110.0,3.0,6451.612903225807
4773,Lingadheeranahalli,2245.0,4.0,154.0,4.0,6859.688195991092
4774,Lingadheeranahalli,1682.0,3.0,113.0,3.0,6718.192627824019
4775,Lingadheeranahalli,1682.0,3.0,114.0,3.0,6777.645659928657
4776,Lingadheeranahalli,1506.0,3.0,95.0,3.0,6308.100929614874
4777,Lingadheeranahalli,1683.0,3.0,110.0,3.0,6535.9477124183
4778,Lingadheeranahalli,1684.0,3.0,120.0,3.0,7125.890736342043
4779,Lingadheeranahalli,2236.0,4.0,153.0,4.0,6842.57602862254
4780,Lingadheeranahalli,1894.0,4.0,114.0,3.0,6019.007391763464
4781,Lingadheeranahalli,2240.0,4.0,160.0,4.0,7142.857142857143
4782,Magadi Road,3600.0,6.0,141.0,6.0,3916.6666666666665
4783,Magadi Road,1116.0,2.0,50.0,2.0,4480.286738351255
4784,Magadi Road,1282.0,2.0,49.0,3.0,3822.1528861154447
4785,Magadi Road,884.0,2.0,41.1,2.0,4649.321266968326
4786,Magadi Road,1005.0,2.0,55.78,2.0,5550.248756218905
4787,Magadi Road,1500.0,2.0,93.0,4.0,6200.0
4788,Magadi Road,1322.0,2.0,58.82,3.0,4449.3192133131615
4789,Magadi Road,1345.0,2.0,55.0,2.0,4089.2193308550186
4790,Magadi Road,1191.0,2.0,55.38,3.0,4649.8740554156175
4791,Magadi Road,5000.0,6.0,360.0,5.0,7200.0
4792,Magadi Road,1116.0,2.0,51.89,2.0,4649.641577060932
4793,Magadi Road,1052.0,2.0,60.0,3.0,5703.42205323194
4794,Magadi Road,940.0,2.0,50.0,2.0,5319.148936170212
4795,Magadi Road,1318.0,2.0,68.0,3.0,5159.332321699545
4796,Magadi Road,884.0,2.0,48.0,2.0,5429.864253393665
4797,Mahadevpura,1720.0,3.0,78.0,3.0,4534.883720930233
4798,Mahadevpura,1150.0,2.0,52.0,2.0,4521.739130434783
4799,Mahadevpura,1250.0,2.0,52.0,2.0,4160.0
4800,Mahadevpura,1260.0,2.0,57.6,2.0,4571.428571428572
4801,Mahadevpura,730.0,1.0,35.0,1.0,4794.520547945205
4802,Mahadevpura,1434.0,2.0,67.39,3.0,4699.442119944212
4803,Mahadevpura,1146.0,2.0,53.8,2.0,4694.5898778359515
4804,Mahadevpura,1532.0,2.0,62.0,2.0,4046.9973890339425
4805,Mahadevpura,1620.0,2.0,76.0,3.0,4691.358024691358
4806,Mahadevpura,1136.0,2.0,64.5,2.0,5677.816901408451
4807,Mahadevpura,1400.0,2.0,65.8,3.0,4700.0
4808,Mahadevpura,1137.0,2.0,53.4,2.0,4696.5699208443275
4809,Mahadevpura,1601.0,3.0,95.0,3.0,5933.791380387258
4810,Mahadevpura,1450.0,3.0,75.0,3.0,5172.413793103448
4811,Mahadevpura,1152.0,2.0,54.0,2.0,4687.5
4812,Mahadevpura,1212.0,2.0,56.9,2.0,4694.7194719471945
4813,Mahadevpura,1505.0,3.0,64.0,3.0,4252.491694352159
4814,Mahadevpura,1505.0,3.0,78.0,3.0,5182.724252491695
4815,Mahadevpura,1500.0,2.0,70.0,3.0,4666.666666666667
4816,Mahadevpura,1236.0,2.0,58.0,2.0,4692.556634304207
4817,Mahadevpura,1236.0,2.0,58.0,2.0,4692.556634304207
4818,Mahadevpura,1120.0,2.0,53.0,2.0,4732.142857142857
4819,Mahalakshmi Layout,1575.0,5.0,158.0,4.0,10031.746031746032
4820,Mahalakshmi Layout,1105.0,2.0,80.0,2.0,7239.819004524887
4821,Mahalakshmi Layout,1200.0,3.0,160.0,4.0,13333.333333333334
4822,Mahalakshmi Layout,1200.0,2.0,110.0,3.0,9166.666666666666
4823,Mahalakshmi Layout,1876.0,3.0,150.0,3.0,7995.735607675906
4824,Mallasandra,1665.0,3.0,95.0,3.0,5705.705705705705
4825,Mallasandra,1665.0,3.0,86.58,3.0,5200.0
4826,Mallasandra,1340.0,2.0,61.0,2.0,4552.238805970149
4827,Mallasandra,1325.0,2.0,70.0,2.0,5283.018867924528
4828,Mallasandra,1665.0,3.0,86.91,3.0,5219.81981981982
4829,Mallasandra,1325.0,2.0,70.0,2.0,5283.018867924528
4830,Mallasandra,905.0,2.0,40.0,2.0,4419.889502762431
4831,Mallasandra,1325.0,2.0,65.0,2.0,4905.66037735849
4832,Mallasandra,1325.0,2.0,73.0,2.0,5509.433962264151
4833,Mallasandra,1565.0,2.0,69.0,2.0,4408.945686900958
4834,Mallasandra,905.0,2.0,35.0,2.0,3867.403314917127
4835,Mallasandra,1524.0,2.0,72.0,3.0,4724.4094488188975
4836,Mallasandra,1100.0,2.0,76.3,3.0,6936.363636363636
4837,Malleshpalya,1140.0,2.0,46.5,2.0,4078.9473684210525
4838,Malleshpalya,1225.0,2.0,46.86,2.0,3825.3061224489797
4839,Malleshpalya,1785.0,3.0,75.0,3.0,4201.680672268908
4840,Malleshpalya,1052.0,2.0,50.0,2.0,4752.851711026616
4841,Malleshpalya,1405.0,2.0,77.0,3.0,5480.427046263345
4842,Malleshpalya,1065.0,2.0,50.0,2.0,4694.835680751174
4843,Malleshpalya,1210.0,2.0,55.0,2.0,4545.454545454545
4844,Malleshpalya,1900.0,3.0,60.0,3.0,3157.8947368421054
4845,Malleshpalya,1060.0,2.0,40.0,2.0,3773.5849056603774
4846,Malleshpalya,1430.0,2.0,69.5,3.0,4860.1398601398605
4847,Malleshpalya,1421.0,2.0,90.0,2.0,6333.56790992259
4848,Malleshpalya,1245.0,2.0,55.0,2.0,4417.6706827309235
4849,Malleshpalya,1200.0,2.0,46.0,2.0,3833.3333333333335
4850,Malleshpalya,1225.0,2.0,52.0,2.0,4244.897959183673
4851,Malleshwaram,705.0,1.0,67.0,1.0,9503.54609929078
4852,Malleshwaram,12000.0,7.0,2200.0,7.0,18333.333333333332
4853,Malleshwaram,2500.0,5.0,325.0,4.0,13000.0
4854,Malleshwaram,2006.0,3.0,297.0,3.0,14805.583250249252
4855,Malleshwaram,686.0,1.0,62.5,1.0,9110.787172011662
4856,Malleshwaram,2475.0,4.0,332.0,3.0,13414.141414141413
4857,Malleshwaram,2610.0,3.0,399.0,3.0,15287.356321839081
4858,Malleshwaram,2475.0,4.0,320.0,3.0,12929.29292929293
4859,Malleshwaram,900.0,2.0,95.0,2.0,10555.555555555555
4860,Malleshwaram,1420.0,2.0,158.0,2.0,11126.760563380281
4861,Malleshwaram,2000.0,3.0,250.0,3.0,12500.0
4862,Malleshwaram,2215.0,3.0,275.0,3.0,12415.349887133183
4863,Malleshwaram,1600.0,3.0,160.0,3.0,10000.0
4864,Malleshwaram,2475.0,4.0,300.0,3.0,12121.212121212122
4865,Malleshwaram,2600.0,3.0,237.0,3.0,9115.384615384615
4866,Malleshwaram,2215.0,4.0,310.0,3.0,13995.48532731377
4867,Malleshwaram,480.0,1.0,60.0,1.0,12500.0
4868,Malleshwaram,1290.0,2.0,120.0,2.0,9302.32558139535
4869,Malleshwaram,2475.0,4.0,326.0,3.0,13171.717171717171
4870,Malleshwaram,2476.0,3.0,337.0,3.0,13610.662358642972
4871,Malleshwaram,900.0,2.0,90.0,2.0,10000.0
4872,Malleshwaram,2250.0,3.0,200.0,3.0,8888.888888888889
4873,Malleshwaram,2050.0,4.0,270.0,3.0,13170.731707317073
4874,Malleshwaram,900.0,2.0,72.0,2.0,8000.0
4875,Malleshwaram,620.0,1.0,86.8,1.0,14000.0
4876,Malleshwaram,600.0,1.0,68.0,2.0,11333.333333333334
4877,Malleshwaram,2475.0,4.0,337.0,3.0,13616.161616161617
4878,Malleshwaram,2215.0,3.0,275.0,3.0,12415.349887133183
4879,Malleshwaram,2215.0,3.0,330.0,3.0,14898.419864559819
4880,Malleshwaram,2800.0,4.0,252.0,4.0,9000.0
4881,Malleshwaram,1020.0,2.0,80.0,2.0,7843.137254901961
4882,Malleshwaram,600.0,1.0,90.0,2.0,15000.0
4883,Malleshwaram,2200.0,3.0,275.0,3.0,12500.0
4884,Malleshwaram,2475.0,4.0,326.0,3.0,13171.717171717171
4885,Malleshwaram,1500.0,2.0,140.0,2.0,9333.333333333334
4886,Malleshwaram,2475.0,4.0,340.0,3.0,13737.373737373737
4887,Malleshwaram,1400.0,2.0,190.0,2.0,13571.42857142857
4888,Malleshwaram,2475.0,4.0,300.0,3.0,12121.212121212122
4889,Malleshwaram,2400.0,3.0,380.0,3.0,15833.333333333334
4890,Malleshwaram,580.0,1.0,45.0,1.0,7758.620689655172
4891,Malleshwaram,1410.0,2.0,125.0,2.0,8865.248226950354
4892,Malleshwaram,2610.0,4.0,306.0,4.0,11724.137931034482
4893,Marathahalli,1310.0,3.0,63.25,3.0,4828.244274809161
4894,Marathahalli,1220.0,2.0,57.0,2.0,4672.131147540984
4895,Marathahalli,1200.0,2.0,52.0,2.0,4333.333333333333
4896,Marathahalli,1200.0,2.0,60.0,2.0,5000.0
4897,Marathahalli,1933.0,3.0,140.0,3.0,7242.628039317124
4898,Marathahalli,950.0,2.0,46.96,2.0,4943.1578947368425
4899,Marathahalli,1230.0,2.0,80.0,2.0,6504.065040650406
4900,Marathahalli,3800.0,4.0,250.0,4.0,6578.9473684210525
4901,Marathahalli,1019.0,2.0,49.85,2.0,4892.051030421982
4902,Marathahalli,1215.0,2.0,67.0,2.0,5514.40329218107
4903,Marathahalli,2181.0,3.0,152.0,4.0,6969.280146721688
4904,Marathahalli,1170.0,2.0,53.0,2.0,4529.91452991453
4905,Marathahalli,1019.0,2.0,49.86,2.0,4893.032384690873
4906,Marathahalli,1325.0,2.0,71.55,2.0,5400.0
4907,Marathahalli,1220.0,2.0,56.5,2.0,4631.147540983607
4908,Marathahalli,1575.0,3.0,78.0,3.0,4952.380952380952
4909,Marathahalli,1152.0,2.0,56.0,2.0,4861.111111111111
4910,Marathahalli,1610.0,3.0,90.0,3.0,5590.062111801242
4911,Marathahalli,1146.0,2.0,70.0,2.0,6108.202443280978
4912,Marathahalli,4000.0,5.0,212.0,4.0,5300.0
4913,Marathahalli,1469.0,3.0,89.0,3.0,6058.543226684819
4914,Marathahalli,1530.0,3.0,74.5,3.0,4869.281045751634
4915,Marathahalli,1840.0,3.0,98.0,3.0,5326.086956521739
4916,Marathahalli,3951.0,4.0,220.0,4.0,5568.2105796001015
4917,Marathahalli,1350.0,2.0,62.0,3.0,4592.592592592592
4918,Marathahalli,2519.0,5.0,185.0,4.0,7344.184200079397
4919,Marathahalli,1385.0,2.0,66.65,3.0,4812.274368231047
4920,Marathahalli,957.0,2.0,46.9,2.0,4900.73145245559
4921,Marathahalli,1583.0,3.0,105.0,3.0,6632.975363234365
4922,Marathahalli,2524.0,5.0,190.0,4.0,7527.733755942948
4923,Marathahalli,1350.0,3.0,72.0,3.0,5333.333333333333
4924,Marathahalli,4000.0,5.0,212.0,4.0,5300.0
4925,Marathahalli,1535.0,3.0,72.5,3.0,4723.127035830619
4926,Marathahalli,1071.0,2.0,52.25,2.0,4878.618113912232
4927,Marathahalli,1215.0,2.0,58.86,2.0,4844.444444444444
4928,Marathahalli,1102.0,2.0,53.67,2.0,4870.235934664247
4929,Marathahalli,1900.0,3.0,123.0,3.0,6473.684210526316
4930,Marathahalli,1045.0,2.0,60.0,2.0,5741.626794258374
4931,Marathahalli,1305.0,2.0,69.0,3.0,5287.35632183908
4932,Marathahalli,1215.0,2.0,58.86,2.0,4844.444444444444
4933,Marathahalli,1365.0,2.0,73.0,2.0,5347.985347985348
4934,Marathahalli,3800.0,4.0,205.0,4.0,5394.736842105263
4935,Marathahalli,3895.0,4.0,220.0,4.0,5648.267008985879
4936,Marathahalli,1785.0,3.0,94.0,3.0,5266.106442577031
4937,Marathahalli,4000.0,4.0,220.0,4.0,5500.0
4938,Marathahalli,1208.0,2.0,70.0,2.0,5794.701986754967
4939,Marathahalli,1325.0,1.0,92.0,2.0,6943.396226415094
4940,Marathahalli,1525.0,3.0,90.0,3.0,5901.639344262295
4941,Marathahalli,1937.0,3.0,140.0,3.0,7227.671657201859
4942,Marathahalli,1550.0,3.0,83.0,3.0,5354.8387096774195
4943,Marathahalli,1350.0,2.0,86.0,2.0,6370.37037037037
4944,Marathahalli,957.0,2.0,47.0,2.0,4911.180773249739
4945,Marathahalli,4000.0,4.0,220.0,4.0,5500.0
4946,Marathahalli,1230.0,2.0,57.0,2.0,4634.1463414634145
4947,Marathahalli,1200.0,2.0,58.0,2.0,4833.333333333333
4948,Marathahalli,1650.0,3.0,86.45,3.0,5239.393939393939
4949,Marathahalli,607.0,1.0,35.0,1.0,5766.062602965404
4950,Marathahalli,1583.0,3.0,109.0,3.0,6885.6601389766265
4951,Marathahalli,1075.0,2.0,52.43,2.0,4877.209302325581
4952,Marathahalli,1360.0,2.0,103.0,2.0,7573.529411764706
4953,Marathahalli,1220.0,2.0,58.5,2.0,4795.081967213115
4954,Marathahalli,950.0,2.0,45.68,2.0,4808.421052631579
4955,Marathahalli,615.0,1.0,44.0,1.0,7154.471544715447
4956,Marathahalli,1595.0,3.0,90.0,3.0,5642.633228840125
4957,Marathahalli,1350.0,2.0,89.0,2.0,6592.592592592592
4958,Marathahalli,1020.0,2.0,57.0,2.0,5588.235294117647
4959,Marathahalli,1600.0,3.0,88.0,2.0,5500.0
4960,Marathahalli,780.0,1.0,55.0,1.0,7051.282051282052
4961,Marathahalli,1710.0,3.0,100.0,3.0,5847.953216374269
4962,Marathahalli,1530.0,3.0,73.5,3.0,4803.921568627451
4963,Marathahalli,1358.0,2.0,81.0,2.0,5964.653902798233
4964,Marathahalli,1205.0,2.0,75.0,2.0,6224.066390041494
4965,Marathahalli,1730.0,3.0,110.0,3.0,6358.381502890174
4966,Marathahalli,1583.0,3.0,115.0,3.0,7264.687302590019
4967,Marathahalli,1200.0,2.0,67.0,2.0,5583.333333333333
4968,Marathahalli,1095.0,2.0,60.0,2.0,5479.45205479452
4969,Marathahalli,1060.0,2.0,48.0,2.0,4528.301886792453
4970,Marathahalli,1050.0,2.0,65.0,2.0,6190.476190476191
4971,Marathahalli,1102.0,2.0,53.67,2.0,4870.235934664247
4972,Marathahalli,1026.0,2.0,49.95,2.0,4868.421052631579
4973,Marathahalli,3940.0,4.0,220.0,4.0,5583.756345177665
4974,Marathahalli,1435.0,3.0,73.0,3.0,5087.1080139372825
4975,Marathahalli,1220.0,2.0,59.0,2.0,4836.065573770492
4976,Marathahalli,881.0,2.0,48.06,2.0,5455.16458569807
4977,Marathahalli,1130.0,2.0,58.0,3.0,5132.743362831859
4978,Marathahalli,1710.0,3.0,100.0,3.0,5847.953216374269
4979,Marathahalli,1680.0,3.0,105.0,3.0,6250.0
4980,Marathahalli,1910.0,3.0,119.0,3.0,6230.366492146597
4981,Marathahalli,1602.0,2.0,104.0,2.0,6491.8851435705365
4982,Marathahalli,700.0,1.0,38.0,1.0,5428.571428571428
4983,Marathahalli,1469.0,3.0,89.0,3.0,6058.543226684819
4984,Marathahalli,1385.0,2.0,68.5,3.0,4945.848375451264
4985,Marathahalli,1690.0,3.0,116.0,3.0,6863.905325443787
4986,Marathahalli,1065.0,2.0,55.0,2.0,5164.319248826291
4987,Marathahalli,1693.0,3.0,125.0,3.0,7383.343177790904
4988,Marathahalli,1693.0,3.0,125.0,3.0,7383.343177790904
4989,Marathahalli,1196.0,2.0,57.9,2.0,4841.13712374582
4990,Marathahalli,1595.0,3.0,88.0,3.0,5517.241379310345
4991,Marathahalli,2122.0,3.0,125.0,3.0,5890.66918001885
4992,Marathahalli,1730.0,3.0,115.0,3.0,6647.398843930636
4993,Marathahalli,4000.0,4.0,200.0,4.0,5000.0
4994,Marathahalli,1200.0,2.0,58.17,3.0,4847.5
4995,Marathahalli,1125.0,2.0,55.0,2.0,4888.888888888889
4996,Marathahalli,1950.0,3.0,115.0,3.0,5897.4358974358975
4997,Marathahalli,1250.0,2.0,68.0,2.0,5440.0
4998,Marathahalli,1125.0,2.0,56.8,2.0,5048.888888888889
4999,Marathahalli,1350.0,2.0,90.0,2.0,6666.666666666667
5000,Marathahalli,1200.0,2.0,53.0,2.0,4416.666666666667
5001,Marathahalli,2500.0,5.0,175.0,4.0,7000.0
5002,Marathahalli,957.0,2.0,47.0,2.0,4911.180773249739
5003,Marathahalli,3855.0,4.0,220.0,4.0,5706.874189364462
5004,Marathahalli,1605.0,3.0,76.0,3.0,4735.202492211838
5005,Marathahalli,1350.0,2.0,60.0,2.0,4444.444444444444
5006,Marathahalli,3400.0,4.0,235.0,4.0,6911.764705882353
5007,Marathahalli,1350.0,2.0,99.0,2.0,7333.333333333333
5008,Marathahalli,1310.0,3.0,63.22,3.0,4825.954198473282
5009,Marathahalli,1285.0,2.0,55.0,2.0,4280.155642023346
5010,Marathahalli,2500.0,5.0,181.0,4.0,7240.0
5011,Marathahalli,3800.0,4.0,235.0,4.0,6184.210526315789
5012,Marathahalli,3951.0,4.0,230.0,4.0,5821.311060491015
5013,Marathahalli,1125.0,2.0,54.8,2.0,4871.111111111111
5014,Marathahalli,1700.0,3.0,126.0,3.0,7411.764705882353
5015,Marathahalli,1315.0,2.0,60.0,3.0,4562.737642585551
5016,Marathahalli,1270.0,2.0,73.0,2.0,5748.031496062992
5017,Marathahalli,1530.0,3.0,71.0,3.0,4640.522875816993
5018,Marathahalli,950.0,2.0,46.7,2.0,4915.789473684211
5019,Marathahalli,1550.0,3.0,85.0,3.0,5483.870967741936
5020,Marathahalli,1019.0,2.0,49.86,2.0,4893.032384690873
5021,Marathahalli,1144.0,2.0,65.0,2.0,5681.818181818182
5022,Marathahalli,1240.0,2.0,55.0,2.0,4435.4838709677415
5023,Marathahalli,1100.0,2.0,75.0,1.0,6818.181818181818
5024,Marathahalli,1156.0,2.0,52.0,2.0,4498.269896193771
5025,Marathahalli,2524.0,5.0,180.0,4.0,7131.537242472266
5026,Marathahalli,1135.0,2.0,60.0,2.0,5286.343612334802
5027,Marathahalli,1839.0,3.0,130.0,3.0,7069.0592713431215
5028,Marathahalli,1170.0,2.0,85.0,2.0,7264.957264957265
5029,Marathahalli,1102.0,2.0,53.67,2.0,4870.235934664247
5030,Marathahalli,1108.0,2.0,60.0,3.0,5415.162454873646
5031,Marathahalli,1449.0,3.0,110.0,3.0,7591.44237405107
5032,Marathahalli,1360.0,2.0,101.0,2.0,7426.470588235294
5033,Marathahalli,1026.0,2.0,50.18,2.0,4890.83820662768
5034,Marathahalli,1800.0,3.0,95.0,3.0,5277.777777777777
5035,Marathahalli,1650.0,3.0,85.0,3.0,5151.515151515152
5036,Marathahalli,1270.0,2.0,80.0,2.0,6299.212598425197
5037,Marathahalli,1100.0,2.0,50.0,2.0,4545.454545454545
5038,Marathahalli,1196.0,2.0,57.95,2.0,4845.3177257525085
5039,Marathahalli,1310.0,3.0,63.25,3.0,4828.244274809161
5040,Marathahalli,1485.0,2.0,90.0,3.0,6060.606060606061
5041,Marathahalli,1146.0,2.0,69.0,2.0,6020.942408376964
5042,Margondanahalli,1090.0,2.0,58.0,2.0,5321.100917431193
5043,Margondanahalli,1200.0,2.0,58.5,2.0,4875.0
5044,Margondanahalli,1200.0,2.0,67.0,2.0,5583.333333333333
5045,Margondanahalli,1200.0,2.0,65.0,3.0,5416.666666666667
5046,Margondanahalli,1000.0,2.0,57.0,2.0,5700.0
5047,Margondanahalli,1625.0,3.0,80.0,3.0,4923.076923076923
5048,Margondanahalli,600.0,2.0,35.0,2.0,5833.333333333333
5049,Margondanahalli,1200.0,2.0,69.0,2.0,5750.0
5050,Margondanahalli,900.0,2.0,49.0,2.0,5444.444444444444
5051,Margondanahalli,1140.0,2.0,60.0,2.0,5263.1578947368425
5052,Margondanahalli,1100.0,2.0,55.0,2.0,5000.0
5053,Margondanahalli,1152.0,1.0,66.0,2.0,5729.166666666667
5054,Margondanahalli,1448.0,3.0,70.0,3.0,4834.254143646409
5055,Margondanahalli,1200.0,2.0,65.0,2.0,5416.666666666667
5056,Margondanahalli,1050.0,2.0,58.0,2.0,5523.809523809524
5057,Margondanahalli,1160.0,2.0,65.0,2.0,5603.448275862069
5058,Margondanahalli,1334.0,2.0,67.76,2.0,5079.460269865068
5059,Marsur,1800.0,4.0,145.0,4.0,8055.555555555556
5060,Marsur,1200.0,3.0,90.0,3.0,7500.0
5061,Marsur,1200.0,3.0,120.0,3.0,10000.0
5062,Mico Layout,5000.0,9.0,210.0,9.0,4200.0
5063,Mico Layout,1550.0,2.0,65.0,3.0,4193.548387096775
5064,Mico Layout,1125.0,2.0,40.0,2.0,3555.5555555555557
5065,Mico Layout,1190.0,2.0,39.25,2.0,3298.3193277310925
5066,Mico Layout,800.0,1.0,29.5,1.0,3687.5
5067,Mico Layout,1250.0,2.0,44.0,3.0,3520.0
5068,Mico Layout,1171.0,2.0,39.0,2.0,3330.486763450043
5069,Mico Layout,1200.0,2.0,53.5,2.0,4458.333333333333
5070,Mico Layout,1670.0,3.0,59.0,3.0,3532.934131736527
5071,Mico Layout,1140.0,2.0,43.0,2.0,3771.9298245614036
5072,Munnekollal,1170.0,2.0,52.0,2.0,4444.444444444444
5073,Munnekollal,1102.0,2.0,53.67,2.0,4870.235934664247
5074,Munnekollal,1390.0,3.0,68.0,3.0,4892.086330935252
5075,Munnekollal,1200.0,2.0,49.5,2.0,4125.0
5076,Munnekollal,950.0,2.0,46.5,2.0,4894.736842105263
5077,Munnekollal,1560.0,3.0,75.0,3.0,4807.692307692308
5078,Munnekollal,1750.0,3.0,86.5,3.0,4942.857142857143
5079,Munnekollal,1385.0,2.0,66.5,3.0,4801.444043321299
5080,Munnekollal,1080.0,2.0,45.0,2.0,4166.666666666667
5081,Munnekollal,1170.0,2.0,59.0,2.0,5042.735042735043
5082,Munnekollal,1540.0,2.0,70.0,3.0,4545.454545454545
5083,Munnekollal,1200.0,2.0,57.9,3.0,4825.0
5084,Munnekollal,1030.0,2.0,50.36,2.0,4889.320388349514
5085,Murugeshpalya,1296.0,2.0,81.0,2.0,6250.0
5086,Murugeshpalya,1550.0,3.0,74.0,3.0,4774.193548387097
5087,Murugeshpalya,1845.0,3.0,91.0,3.0,4932.249322493225
5088,Murugeshpalya,1185.0,2.0,85.0,2.0,7172.995780590717
5089,Murugeshpalya,1225.0,2.0,48.0,2.0,3918.3673469387754
5090,Murugeshpalya,1930.0,3.0,75.0,3.0,3886.0103626943005
5091,Murugeshpalya,1600.0,2.0,65.0,3.0,4062.5
5092,Murugeshpalya,1344.0,2.0,56.0,3.0,4166.666666666667
5093,Murugeshpalya,1500.0,2.0,70.0,3.0,4666.666666666667
5094,Murugeshpalya,1855.0,3.0,96.0,3.0,5175.202156334231
5095,Murugeshpalya,1175.0,2.0,75.0,2.0,6382.978723404255
5096,Mysore Road,1175.0,2.0,73.5,2.0,6255.31914893617
5097,Mysore Road,1710.0,4.0,91.31,3.0,5339.766081871345
5098,Mysore Road,1020.0,2.0,48.95,2.0,4799.019607843137
5099,Mysore Road,1175.0,2.0,73.5,2.0,6255.31914893617
5100,Mysore Road,1070.0,2.0,45.0,2.0,4205.607476635514
5101,Mysore Road,1239.0,2.0,53.0,2.0,4277.643260694108
5102,Mysore Road,1060.0,2.0,62.0,2.0,5849.056603773585
5103,Mysore Road,980.0,2.0,45.47,2.0,4639.7959183673465
5104,Mysore Road,883.0,2.0,40.0,2.0,4530.011325028313
5105,Mysore Road,1525.0,3.0,96.0,3.0,6295.081967213115
5106,Mysore Road,1200.0,2.0,65.0,2.0,5416.666666666667
5107,Mysore Road,1340.0,2.0,64.31,3.0,4799.253731343284
5108,Mysore Road,1082.0,3.0,50.5,3.0,4667.28280961183
5109,Mysore Road,1340.0,2.0,64.31,3.0,4799.253731343284
5110,Mysore Road,883.0,2.0,40.95,2.0,4637.5990939977355
5111,Mysore Road,1070.0,2.0,49.65,2.0,4640.186915887851
5112,Mysore Road,1082.0,3.0,50.0,3.0,4621.072088724584
5113,Mysore Road,883.0,2.0,50.0,2.0,5662.5141562853905
5114,Mysore Road,1155.0,2.0,51.0,2.0,4415.584415584415
5115,Mysore Road,1003.0,2.0,43.0,2.0,4287.138584247258
5116,Mysore Road,1237.0,2.0,73.0,2.0,5901.3742926434925
5117,Mysore Road,883.0,2.0,45.0,2.0,5096.262740656852
5118,Mysore Road,1170.0,2.0,65.0,2.0,5555.555555555556
5119,Mysore Road,940.0,2.0,43.61,2.0,4639.36170212766
5120,Mysore Road,1500.0,3.0,74.0,3.0,4933.333333333333
5121,Mysore Road,1020.0,2.0,48.95,2.0,4799.019607843137
5122,Mysore Road,1568.0,2.0,100.0,3.0,6377.551020408163
5123,Mysore Road,1410.0,2.0,64.0,3.0,4539.007092198582
5124,Mysore Road,1175.0,2.0,70.5,2.0,6000.0
5125,Mysore Road,1080.0,2.0,60.0,3.0,5555.555555555556
5126,Mysore Road,1500.0,3.0,70.0,3.0,4666.666666666667
5127,Mysore Road,883.0,2.0,37.0,2.0,4190.260475651189
5128,NGR Layout,1020.0,2.0,45.9,2.0,4500.0
5129,NGR Layout,1105.0,2.0,49.73,2.0,4500.4524886877825
5130,NGR Layout,1022.0,2.0,45.9,2.0,4491.19373776908
5131,NGR Layout,1020.0,2.0,45.0,2.0,4411.764705882353
5132,NGR Layout,1019.0,2.0,45.9,2.0,4504.41609421001
5133,NGR Layout,1020.0,2.0,46.0,2.0,4509.803921568628
5134,NGR Layout,1021.0,2.0,46.0,2.0,4505.386875612145
5135,NGR Layout,1021.0,2.0,45.9,2.0,4495.592556317336
5136,NRI Layout,1565.0,2.0,75.0,3.0,4792.332268370607
5137,NRI Layout,2500.0,5.0,130.0,5.0,5200.0
5138,NRI Layout,1125.0,2.0,45.56,2.0,4049.777777777778
5139,NRI Layout,2150.0,4.0,115.0,4.0,5348.837209302325
5140,NRI Layout,1250.0,2.0,75.0,2.0,6000.0
5141,NRI Layout,1789.0,3.0,75.0,3.0,4192.286193404137
5142,NRI Layout,1731.0,3.0,64.11,3.0,3703.639514731369
5143,NRI Layout,2400.0,2.0,125.0,2.0,5208.333333333333
5144,Nagarbhavi,1630.0,2.0,98.0,3.0,6012.269938650306
5145,Nagarbhavi,1350.0,3.0,150.0,3.0,11111.111111111111
5146,Nagarbhavi,1200.0,2.0,150.0,2.0,12500.0
5147,Nagarbhavi,1523.0,2.0,53.4,3.0,3506.2376887721603
5148,Nagarbhavi,2400.0,3.0,160.0,3.0,6666.666666666667
5149,Nagarbhavi,884.0,2.0,36.0,1.0,4072.398190045249
5150,Nagarbhavi,1055.0,2.0,55.0,2.0,5213.270142180095
5151,Nagarbhavi,1350.0,2.0,54.6,3.0,4044.4444444444443
5152,Nagarbhavi,1223.0,2.0,60.0,2.0,4905.968928863451
5153,Nagarbhavi,956.0,2.0,49.0,2.0,5125.523012552301
5154,Nagarbhavi,1560.0,3.0,66.0,3.0,4230.7692307692305
5155,Nagarbhavi,1200.0,2.0,150.0,2.0,12500.0
5156,Nagarbhavi,1400.0,2.0,85.0,3.0,6071.428571428572
5157,Nagarbhavi,1515.0,2.0,79.0,3.0,5214.521452145214
5158,Nagarbhavi,1145.0,2.0,40.0,2.0,3493.4497816593885
5159,Nagarbhavi,300.0,1.0,20.0,1.0,6666.666666666667
5160,Nagarbhavi,1250.0,3.0,175.0,4.0,14000.0
5161,Nagarbhavi,710.0,2.0,40.0,1.0,5633.802816901409
5162,Nagarbhavi,1850.0,3.0,88.0,3.0,4756.756756756757
5163,Nagarbhavi,1212.0,2.0,50.0,2.0,4125.412541254125
5164,Nagarbhavi,1020.0,2.0,55.0,2.0,5392.156862745098
5165,Nagarbhavi,1850.0,3.0,90.0,3.0,4864.864864864865
5166,Nagarbhavi,1120.0,2.0,53.0,2.0,4732.142857142857
5167,Nagarbhavi,1850.0,2.0,88.0,3.0,4756.756756756757
5168,Nagarbhavi,1146.0,2.0,50.0,2.0,4363.001745200698
5169,Nagarbhavi,1850.0,2.0,89.0,3.0,4810.810810810811
5170,Nagarbhavi,1190.0,2.0,63.0,2.0,5294.117647058823
5171,Nagarbhavi,1523.0,2.0,56.0,3.0,3676.9533814839133
5172,Nagarbhavi,1050.0,2.0,80.0,2.0,7619.047619047619
5173,Nagarbhavi,2500.0,3.0,180.0,5.0,7200.0
5174,Nagarbhavi,1350.0,3.0,60.0,3.0,4444.444444444444
5175,Nagarbhavi,1250.0,3.0,170.0,2.0,13600.0
5176,Nagarbhavi,1635.0,3.0,85.0,3.0,5198.7767584097855
5177,Nagarbhavi,1400.0,2.0,135.0,3.0,9642.857142857143
5178,Nagarbhavi,2200.0,2.0,99.0,3.0,4500.0
5179,Nagarbhavi,1100.0,2.0,46.2,2.0,4200.0
5180,Nagarbhavi,1080.0,2.0,49.0,2.0,4537.037037037037
5181,Nagarbhavi,1800.0,3.0,180.0,4.0,10000.0
5182,Nagarbhavi,1225.0,2.0,58.0,2.0,4734.693877551021
5183,Nagasandra,980.0,2.0,48.0,2.0,4897.959183673469
5184,Nagasandra,2400.0,4.0,145.0,4.0,6041.666666666667
5185,Nagasandra,7000.0,8.0,450.0,4.0,6428.571428571428
5186,Nagasandra,1650.0,3.0,95.0,3.0,5757.575757575758
5187,Nagasandra,1500.0,2.0,91.0,2.0,6066.666666666667
5188,Nagavara,400.0,1.0,14.0,1.0,3500.0
5189,Nagavara,2172.65,3.0,120.0,4.0,5523.208984419948
5190,Nagavara,1545.0,2.0,58.0,3.0,3754.045307443366
5191,Nagavara,2319.0,3.0,180.0,3.0,7761.966364812419
5192,Nagavara,2430.0,4.0,180.0,3.0,7407.407407407408
5193,Nagavara,936.0,2.0,40.2,2.0,4294.871794871795
5194,Nagavara,1125.0,2.0,44.5,2.0,3955.5555555555557
5195,Nagavara,1315.0,2.0,70.0,2.0,5323.19391634981
5196,Nagavara,1077.0,2.0,50.0,2.0,4642.525533890436
5197,Nagavara,2496.0,4.0,125.0,4.0,5008.01282051282
5198,Nagavara,1110.0,2.0,44.95,2.0,4049.5495495495497
5199,Nagavara,1247.0,2.0,58.56,2.0,4696.0705693664795
5200,Nagavarapalya,1392.0,2.0,99.0,2.0,7112.068965517241
5201,Nagavarapalya,705.0,1.0,52.5,1.0,7446.808510638298
5202,Nagavarapalya,1300.0,3.0,80.0,3.0,6153.846153846154
5203,Nagavarapalya,705.0,1.0,57.0,1.0,8085.106382978724
5204,Nagavarapalya,705.0,1.0,55.0,1.0,7801.418439716312
5205,Nagavarapalya,705.0,1.0,57.0,1.0,8085.106382978724
5206,Nagavarapalya,1335.0,2.0,110.0,2.0,8239.700374531834
5207,Nagavarapalya,1260.0,2.0,85.5,2.0,6785.714285714285
5208,Narayanapura,1308.0,2.0,89.04,2.0,6807.339449541284
5209,Narayanapura,1566.0,3.0,83.3,3.0,5319.284802043423
5210,Narayanapura,1485.0,3.0,85.0,3.0,5723.905723905724
5211,Narayanapura,1302.0,2.0,69.1,2.0,5307.219662058371
5212,Narayanapura,1308.0,2.0,89.04,2.0,6807.339449541284
5213,Narayanapura,2357.0,3.0,135.0,3.0,5727.619855748833
5214,Narayanapura,2357.0,3.0,135.0,3.0,5727.619855748833
5215,Narayanapura,1469.0,2.0,99.14,2.0,6748.8087134104835
5216,Neeladri Nagar,1053.0,2.0,45.0,2.0,4273.504273504273
5217,Neeladri Nagar,1363.0,2.0,68.0,2.0,4988.994864269993
5218,Neeladri Nagar,2556.0,3.0,133.0,3.0,5203.442879499217
5219,Neeladri Nagar,674.0,1.0,21.0,1.0,3115.727002967359
5220,Neeladri Nagar,527.0,1.0,26.0,1.0,4933.586337760911
5221,Neeladri Nagar,1167.0,2.0,38.0,3.0,3256.212510711225
5222,Neeladri Nagar,1060.0,2.0,35.0,2.0,3301.8867924528304
5223,Neeladri Nagar,640.0,1.0,20.5,1.0,3203.125
5224,Neeladri Nagar,4000.0,12.0,160.0,10.0,4000.0
5225,Neeladri Nagar,1105.0,2.0,30.0,2.0,2714.9321266968327
5226,Neeladri Nagar,1100.0,2.0,30.0,2.0,2727.2727272727275
5227,Neeladri Nagar,2111.0,3.0,103.0,3.0,4879.204168640455
5228,Nehru Nagar,1775.0,3.0,110.0,3.0,6197.183098591549
5229,Nehru Nagar,2363.0,5.0,120.0,4.0,5078.290308929327
5230,Nehru Nagar,2342.0,3.0,115.0,4.0,4910.333048676345
5231,Nehru Nagar,967.0,2.0,41.1,2.0,4250.258531540848
5232,Nehru Nagar,1374.0,3.0,72.0,3.0,5240.174672489083
5233,Nehru Nagar,1674.0,3.0,90.0,3.0,5376.344086021505
5234,Nehru Nagar,1269.0,2.0,63.0,3.0,4964.5390070921985
5235,Nehru Nagar,1100.0,2.0,50.0,2.0,4545.454545454545
5236,Nehru Nagar,1674.0,3.0,81.0,3.0,4838.709677419355
5237,OMBR Layout,2420.0,3.0,185.0,3.0,7644.628099173554
5238,OMBR Layout,1078.0,2.0,65.0,2.0,6029.684601113173
5239,OMBR Layout,1101.0,2.0,65.5,2.0,5949.13714804723
5240,OMBR Layout,1041.0,2.0,65.5,2.0,6292.026897214217
5241,OMBR Layout,1300.0,2.0,80.0,2.0,6153.846153846154
5242,OMBR Layout,1085.0,2.0,64.0,2.0,5898.617511520737
5243,OMBR Layout,1855.0,3.0,145.0,3.0,7816.711590296496
5244,OMBR Layout,1050.0,2.0,48.0,2.0,4571.428571428572
5245,OMBR Layout,1730.0,3.0,93.0,3.0,5375.722543352601
5246,OMBR Layout,1165.0,2.0,88.5,2.0,7596.56652360515
5247,OMBR Layout,1101.0,2.0,66.0,2.0,5994.550408719346
5248,OMBR Layout,3400.0,4.0,275.0,4.0,8088.235294117647
5249,OMBR Layout,1580.0,3.0,75.0,3.0,4746.835443037975
5250,Old Airport Road,2732.0,4.0,204.0,4.0,7467.0571010248905
5251,Old Airport Road,1875.0,2.0,110.0,3.0,5866.666666666667
5252,Old Airport Road,3356.0,4.0,251.0,4.0,7479.141835518474
5253,Old Airport Road,1206.0,2.0,75.0,2.0,6218.905472636816
5254,Old Airport Road,2774.0,4.0,207.0,4.0,7462.148521989906
5255,Old Airport Road,2690.0,4.0,191.0,4.0,7100.371747211896
5256,Old Airport Road,2690.0,4.0,199.0,4.0,7397.769516728625
5257,Old Airport Road,1655.0,2.0,97.65,2.0,5900.302114803625
5258,Old Airport Road,1075.0,2.0,60.0,2.0,5581.395348837209
5259,Old Airport Road,1858.0,2.0,167.0,3.0,8988.15931108719
5260,Old Airport Road,1150.0,2.0,90.0,2.0,7826.086956521739
5261,Old Airport Road,2690.0,4.0,191.0,4.0,7100.371747211896
5262,Old Airport Road,2658.0,5.0,187.0,4.0,7035.364936042137
5263,Old Airport Road,946.0,2.0,58.0,2.0,6131.0782241014795
5264,Old Airport Road,2774.0,4.0,208.0,4.0,7498.197548666186
5265,Old Airport Road,2774.0,4.0,208.0,4.0,7498.197548666186
5266,Old Airport Road,3200.0,4.0,280.0,4.0,8750.0
5267,Old Airport Road,2690.0,4.0,201.0,4.0,7472.118959107806
5268,Old Airport Road,1145.0,2.0,75.0,2.0,6550.218340611354
5269,Old Airport Road,2732.0,4.0,194.0,4.0,7101.024890190337
5270,Old Airport Road,2658.0,5.0,189.0,4.0,7110.609480812641
5271,Old Airport Road,2774.0,4.0,197.0,4.0,7101.658255227109
5272,Old Airport Road,3496.0,4.0,262.0,4.0,7494.279176201373
5273,Old Airport Road,2774.0,4.0,197.0,4.0,7101.658255227109
5274,Old Airport Road,2732.0,4.0,204.0,4.0,7467.0571010248905
5275,Old Airport Road,1798.0,3.0,150.0,3.0,8342.602892102335
5276,Old Airport Road,2774.0,4.0,208.0,4.0,7498.197548666186
5277,Old Airport Road,1184.0,2.0,78.0,2.0,6587.8378378378375
5278,Old Airport Road,3504.0,4.0,262.0,4.0,7477.16894977169
5279,Old Airport Road,1055.0,2.0,75.0,2.0,7109.004739336493
5280,Old Madras Road,1425.0,2.0,94.0,3.0,6596.491228070176
5281,Old Madras Road,3630.0,6.0,195.0,4.0,5371.900826446281
5282,Old Madras Road,1350.0,3.0,58.99,3.0,4369.62962962963
5283,Old Madras Road,935.0,2.0,45.0,2.0,4812.834224598931
5284,Old Madras Road,1720.0,3.0,100.0,3.0,5813.953488372093
5285,Old Madras Road,1200.0,2.0,72.0,2.0,6000.0
5286,Old Madras Road,1225.0,2.0,53.55,2.0,4371.428571428572
5287,Old Madras Road,1100.0,2.0,70.0,2.0,6363.636363636364
5288,Old Madras Road,2760.0,5.0,157.0,3.0,5688.405797101449
5289,Old Madras Road,1171.0,2.0,75.0,2.0,6404.782237403928
5290,Old Madras Road,935.0,2.0,45.0,2.0,4812.834224598931
5291,Old Madras Road,4500.0,7.0,294.0,5.0,6533.333333333333
5292,Old Madras Road,2640.0,5.0,142.0,3.0,5378.787878787879
5293,Old Madras Road,1065.0,2.0,47.86,2.0,4493.896713615023
5294,Old Madras Road,2010.0,3.0,125.0,4.0,6218.905472636816
5295,Old Madras Road,2010.0,3.0,115.0,4.0,5721.393034825871
5296,Old Madras Road,1480.0,2.0,84.0,3.0,5675.675675675676
5297,Old Madras Road,2990.0,5.0,210.0,3.0,7023.411371237458
5298,Old Madras Road,1210.0,2.0,74.0,2.0,6115.702479338843
5299,Old Madras Road,1171.0,2.0,72.0,2.0,6148.590947907771
5300,Old Madras Road,3630.0,6.0,196.0,4.0,5399.449035812672
5301,Old Madras Road,1480.0,3.0,95.0,3.0,6418.918918918919
5302,Old Madras Road,1425.0,2.0,74.31,3.0,5214.736842105263
5303,Old Madras Road,1210.0,2.0,80.0,2.0,6611.570247933884
5304,Old Madras Road,1859.0,3.0,121.0,3.0,6508.87573964497
5305,Old Madras Road,2990.0,5.0,173.0,3.0,5785.953177257525
5306,Old Madras Road,4000.0,4.0,225.0,4.0,5625.0
5307,Old Madras Road,3900.0,4.0,175.0,4.0,4487.179487179487
5308,Old Madras Road,2300.0,3.0,142.0,3.0,6173.913043478261
5309,Old Madras Road,3630.0,6.0,207.0,4.0,5702.479338842975
5310,Old Madras Road,1210.0,2.0,80.0,2.0,6611.570247933884
5311,Old Madras Road,1210.0,2.0,77.0,2.0,6363.636363636364
5312,Old Madras Road,1330.0,2.0,74.0,2.0,5563.909774436091
5313,Old Madras Road,1720.0,3.0,106.0,3.0,6162.790697674419
5314,Old Madras Road,2640.0,5.0,150.0,3.0,5681.818181818182
5315,Old Madras Road,2990.0,3.0,170.0,3.0,5685.61872909699
5316,Old Madras Road,1530.0,3.0,76.34,3.0,4989.5424836601305
5317,Old Madras Road,1171.0,2.0,73.0,2.0,6233.98804440649
5318,Old Madras Road,1630.0,3.0,110.0,3.0,6748.4662576687115
5319,Old Madras Road,1165.0,2.0,52.0,2.0,4463.519313304721
5320,Old Madras Road,2640.0,2.0,170.0,2.0,6439.393939393939
5321,Old Madras Road,1165.0,2.0,51.42,2.0,4413.733905579399
5322,Padmanabhanagar,1020.0,2.0,63.0,2.0,6176.470588235294
5323,Padmanabhanagar,1176.0,2.0,62.0,2.0,5272.108843537415
5324,Padmanabhanagar,1258.0,2.0,115.0,2.0,9141.494435612083
5325,Padmanabhanagar,1708.0,2.0,90.5,3.0,5298.594847775175
5326,Padmanabhanagar,1100.0,2.0,65.0,2.0,5909.090909090909
5327,Padmanabhanagar,3400.0,3.0,210.0,4.0,6176.470588235294
5328,Padmanabhanagar,1531.0,2.0,75.0,3.0,4898.758981058132
5329,Padmanabhanagar,1400.0,3.0,65.0,3.0,4642.857142857143
5330,Padmanabhanagar,1360.0,2.0,75.0,3.0,5514.705882352941
5331,Padmanabhanagar,4500.0,4.0,360.0,3.0,8000.0
5332,Padmanabhanagar,1200.0,2.0,60.0,2.0,5000.0
5333,Padmanabhanagar,1710.0,2.0,90.63,3.0,5300.0
5334,Padmanabhanagar,1000.0,1.0,90.0,2.0,9000.0
5335,Padmanabhanagar,1067.0,2.0,52.0,2.0,4873.477038425492
5336,Padmanabhanagar,1250.0,2.0,70.0,3.0,5600.0
5337,Padmanabhanagar,1350.0,3.0,71.55,3.0,5300.0
5338,Padmanabhanagar,1360.0,3.0,75.0,3.0,5514.705882352941
5339,Padmanabhanagar,1100.0,2.0,60.0,2.0,5454.545454545455
5340,Padmanabhanagar,2051.0,3.0,180.0,3.0,8776.206728425159
5341,Padmanabhanagar,2051.0,3.0,170.0,3.0,8288.639687957095
5342,Pai Layout,1006.0,2.0,35.0,2.0,3479.1252485089462
5343,Pai Layout,1550.0,2.0,90.0,3.0,5806.451612903225
5344,Pai Layout,1050.0,2.0,40.0,2.0,3809.5238095238096
5345,Pai Layout,1400.0,2.0,67.0,3.0,4785.714285714285
5346,Pai Layout,1100.0,2.0,50.0,2.0,4545.454545454545
5347,Pai Layout,1255.0,2.0,80.0,2.0,6374.501992031873
5348,Pai Layout,1075.0,2.0,35.0,2.0,3255.813953488372
5349,Pai Layout,1400.0,2.0,57.5,2.0,4107.142857142857
5350,Pai Layout,1175.0,2.0,60.0,2.0,5106.382978723404
5351,Pai Layout,810.0,2.0,34.5,2.0,4259.259259259259
5352,Pai Layout,1000.0,2.0,34.0,2.0,3400.0
5353,Pai Layout,1000.0,2.0,42.0,2.0,4200.0
5354,Pai Layout,3800.0,6.0,175.0,6.0,4605.263157894737
5355,Pai Layout,1068.0,2.0,48.0,2.0,4494.38202247191
5356,Pai Layout,1510.0,2.0,65.0,3.0,4304.635761589404
5357,Pai Layout,1500.0,2.0,58.0,3.0,3866.6666666666665
5358,Pai Layout,1600.0,2.0,65.0,3.0,4062.5
5359,Panathur,1359.0,2.0,87.0,2.0,6401.766004415011
5360,Panathur,1438.0,2.0,100.0,2.0,6954.102920723227
5361,Panathur,1688.0,3.0,118.0,3.0,6990.521327014218
5362,Panathur,1695.0,3.0,90.0,3.0,5309.734513274337
5363,Panathur,1198.0,2.0,77.0,2.0,6427.378964941569
5364,Panathur,1180.0,2.0,70.0,2.0,5932.203389830508
5365,Panathur,1546.0,3.0,99.0,3.0,6403.622250970246
5366,Panathur,1370.0,2.0,75.0,3.0,5474.4525547445255
5367,Panathur,1000.0,2.0,65.3,2.0,6530.0
5368,Panathur,1109.0,2.0,63.0,2.0,5680.793507664563
5369,Panathur,1000.0,2.0,68.0,2.0,6800.0
5370,Panathur,1255.0,2.0,79.0,2.0,6294.820717131474
5371,Panathur,1205.0,2.0,62.9,2.0,5219.9170124481325
5372,Panathur,1210.0,2.0,85.0,2.0,7024.793388429752
5373,Panathur,1198.0,2.0,82.0,2.0,6844.741235392321
5374,Panathur,1235.0,2.0,65.0,2.0,5263.1578947368425
5375,Panathur,1210.0,2.0,80.0,2.0,6611.570247933884
5376,Panathur,1210.0,2.0,77.0,2.0,6363.636363636364
5377,Panathur,661.0,1.0,40.0,1.0,6051.437216338881
5378,Panathur,1713.0,3.0,120.0,3.0,7005.253940455342
5379,Panathur,1210.0,2.0,78.0,2.0,6446.280991735537
5380,Panathur,1861.0,3.0,92.0,3.0,4943.5787211176785
5381,Panathur,1050.0,2.0,60.0,2.0,5714.285714285715
5382,Panathur,1398.0,2.0,97.0,2.0,6938.483547925608
5383,Panathur,1065.0,2.0,58.0,2.0,5446.0093896713615
5384,Panathur,1007.0,2.0,64.0,2.0,6355.511420059583
5385,Panathur,1210.0,2.0,77.93,2.0,6440.495867768595
5386,Panathur,1230.0,2.0,80.0,2.0,6504.065040650406
5387,Panathur,980.0,2.0,57.0,2.0,5816.326530612245
5388,Panathur,1075.0,2.0,60.0,2.0,5581.395348837209
5389,Panathur,1210.0,2.0,69.0,2.0,5702.479338842975
5390,Panathur,1343.0,2.0,76.0,2.0,5658.972449739389
5391,Parappana Agrahara,1194.0,2.0,47.0,2.0,3936.348408710218
5392,Parappana Agrahara,1194.0,2.0,47.0,2.0,3936.348408710218
5393,Parappana Agrahara,1194.0,2.0,46.0,2.0,3852.5963149078725
5394,Parappana Agrahara,1194.0,2.0,47.0,2.0,3936.348408710218
5395,Parappana Agrahara,1194.0,2.0,46.0,2.0,3852.5963149078725
5396,Parappana Agrahara,1194.0,2.0,47.0,2.0,3936.348408710218
5397,Parappana Agrahara,1194.0,2.0,47.0,2.0,3936.348408710218
5398,Parappana Agrahara,1092.0,2.0,43.0,2.0,3937.7289377289376
5399,Parappana Agrahara,1194.0,2.0,45.0,2.0,3768.8442211055276
5400,Parappana Agrahara,1200.0,1.0,45.0,1.0,3750.0
5401,Parappana Agrahara,1194.0,2.0,46.0,2.0,3852.5963149078725
5402,Parappana Agrahara,1194.0,2.0,47.0,2.0,3936.348408710218
5403,Parappana Agrahara,1194.0,2.0,47.0,2.0,3936.348408710218
5404,Parappana Agrahara,1194.0,2.0,46.0,2.0,3852.5963149078725
5405,Parappana Agrahara,1194.0,2.0,46.0,2.0,3852.5963149078725
5406,Pattandur Agrahara,1550.0,2.0,80.0,3.0,5161.290322580645
5407,Pattandur Agrahara,1025.0,2.0,44.5,2.0,4341.463414634146
5408,Pattandur Agrahara,1247.0,2.0,59.8,2.0,4795.50922213312
5409,Pattandur Agrahara,900.0,2.0,42.0,2.0,4666.666666666667
5410,Pattandur Agrahara,1302.0,2.0,66.0,2.0,5069.124423963133
5411,Pattandur Agrahara,1550.0,2.0,80.0,3.0,5161.290322580645
5412,Pattandur Agrahara,1247.0,2.0,62.35,2.0,5000.0
5413,Pattandur Agrahara,1350.0,2.0,68.0,2.0,5037.037037037037
5414,Poorna Pragna Layout,920.0,2.0,39.55,2.0,4298.91304347826
5415,Poorna Pragna Layout,1475.0,2.0,58.99,3.0,3999.322033898305
5416,Poorna Pragna Layout,1270.0,2.0,50.79,3.0,3999.212598425197
5417,Poorna Pragna Layout,1160.0,2.0,46.39,2.0,3999.137931034483
5418,Poorna Pragna Layout,1270.0,2.0,50.79,3.0,3999.212598425197
5419,Poorna Pragna Layout,1270.0,2.0,50.79,3.0,3999.212598425197
5420,Poorna Pragna Layout,965.0,2.0,48.0,2.0,4974.093264248705
5421,Poorna Pragna Layout,1355.0,2.0,58.25,3.0,4298.89298892989
5422,Poorna Pragna Layout,1355.0,2.0,58.27,3.0,4300.369003690037
5423,Poorna Pragna Layout,1475.0,2.0,58.99,3.0,3999.322033898305
5424,Poorna Pragna Layout,1270.0,2.0,50.79,3.0,3999.212598425197
5425,Poorna Pragna Layout,1160.0,2.0,46.39,2.0,3999.137931034483
5426,Poorna Pragna Layout,1270.0,2.0,50.79,3.0,3999.212598425197
5427,Poorna Pragna Layout,1160.0,2.0,46.39,2.0,3999.137931034483
5428,Poorna Pragna Layout,1475.0,2.0,58.99,3.0,3999.322033898305
5429,Poorna Pragna Layout,1270.0,2.0,50.79,3.0,3999.212598425197
5430,Poorna Pragna Layout,960.0,2.0,50.0,2.0,5208.333333333333
5431,Poorna Pragna Layout,1270.0,2.0,50.79,3.0,3999.212598425197
5432,Prithvi Layout,2028.0,4.0,162.0,4.0,7988.165680473373
5433,Prithvi Layout,1352.0,2.0,87.5,2.0,6471.89349112426
5434,Prithvi Layout,1190.0,2.0,68.0,2.0,5714.285714285715
5435,Prithvi Layout,1352.0,2.0,85.0,2.0,6286.98224852071
5436,Prithvi Layout,1352.0,2.0,75.0,2.0,5547.337278106509
5437,Prithvi Layout,2273.0,4.0,220.0,3.0,9678.838539375274
5438,Prithvi Layout,1352.0,3.0,93.0,2.0,6878.698224852071
5439,Prithvi Layout,2273.0,4.0,192.0,3.0,8446.986361636604
5440,Prithvi Layout,1352.0,2.0,72.0,2.0,5325.443786982249
5441,Prithvi Layout,2100.0,3.0,125.0,3.0,5952.380952380952
5442,R.T. Nagar,1500.0,4.0,70.0,4.0,4666.666666666667
5443,R.T. Nagar,1200.0,2.0,120.0,2.0,10000.0
5444,R.T. Nagar,1560.0,3.0,85.0,3.0,5448.717948717948
5445,R.T. Nagar,1040.0,2.0,46.0,2.0,4423.076923076923
5446,R.T. Nagar,1200.0,2.0,45.0,2.0,3750.0
5447,R.T. Nagar,1235.0,2.0,65.0,2.0,5263.1578947368425
5448,R.T. Nagar,1140.0,3.0,130.0,3.0,11403.508771929824
5449,R.T. Nagar,970.0,2.0,55.0,2.0,5670.103092783505
5450,R.T. Nagar,1560.0,3.0,125.0,3.0,8012.820512820513
5451,R.T. Nagar,1200.0,2.0,60.0,2.0,5000.0
5452,R.T. Nagar,1680.0,3.0,72.0,3.0,4285.714285714285
5453,R.T. Nagar,1400.0,2.0,78.0,3.0,5571.428571428572
5454,R.T. Nagar,1200.0,3.0,140.0,3.0,11666.666666666666
5455,R.T. Nagar,1100.0,3.0,125.0,2.0,11363.636363636364
5456,R.T. Nagar,1150.0,2.0,72.0,2.0,6260.869565217391
5457,R.T. Nagar,1500.0,4.0,185.0,4.0,12333.333333333334
5458,R.T. Nagar,3600.0,8.0,165.0,9.0,4583.333333333333
5459,R.T. Nagar,1080.0,2.0,48.0,2.0,4444.444444444444
5460,R.T. Nagar,1325.0,2.0,52.0,2.0,3924.5283018867926
5461,R.T. Nagar,1800.0,3.0,120.0,4.0,6666.666666666667
5462,R.T. Nagar,1300.0,3.0,145.0,3.0,11153.846153846154
5463,R.T. Nagar,1500.0,2.0,70.0,3.0,4666.666666666667
5464,R.T. Nagar,1100.0,2.0,85.0,2.0,7727.272727272727
5465,R.T. Nagar,1667.0,3.0,130.0,3.0,7798.440311937612
5466,Rachenahalli,1050.0,2.0,52.07,2.0,4959.047619047619
5467,Rachenahalli,1530.0,2.0,74.5,3.0,4869.281045751634
5468,Rachenahalli,1050.0,2.0,55.5,2.0,5285.714285714285
5469,Rachenahalli,1530.0,2.0,74.4,3.0,4862.745098039216
5470,Rachenahalli,1050.0,2.0,53.5,2.0,5095.238095238095
5471,Rachenahalli,1530.0,2.0,74.39,3.0,4862.091503267974
5472,Rachenahalli,1220.0,2.0,59.5,2.0,4877.049180327869
5473,Rachenahalli,1050.0,2.0,52.5,2.0,5000.0
5474,Rachenahalli,1550.0,3.0,73.5,3.0,4741.935483870968
5475,Rachenahalli,1050.0,2.0,52.1,2.0,4961.9047619047615
5476,Rachenahalli,1050.0,2.0,53.5,2.0,5095.238095238095
5477,Rachenahalli,1113.0,2.0,55.0,2.0,4941.599281221923
5478,Rachenahalli,3657.0,5.0,220.0,4.0,6015.859994531036
5479,Rachenahalli,1550.0,3.0,74.5,3.0,4806.451612903225
5480,Rachenahalli,1530.0,2.0,74.4,3.0,4862.745098039216
5481,Rachenahalli,1530.0,2.0,74.5,3.0,4869.281045751634
5482,Rachenahalli,1050.0,2.0,52.5,2.0,5000.0
5483,Rachenahalli,1550.0,3.0,72.5,3.0,4677.419354838709
5484,Rachenahalli,1530.0,2.0,74.4,3.0,4862.745098039216
5485,Rachenahalli,690.0,1.0,39.8,1.0,5768.115942028985
5486,Rachenahalli,1050.0,2.0,47.25,2.0,4500.0
5487,Rachenahalli,1050.0,2.0,55.5,2.0,5285.714285714285
5488,Rachenahalli,1100.0,2.0,68.0,2.0,6181.818181818182
5489,Rachenahalli,985.0,2.0,49.97,2.0,5073.096446700508
5490,Rachenahalli,1050.0,2.0,52.5,2.0,5000.0
5491,Rachenahalli,1050.0,2.0,52.08,2.0,4960.0
5492,Rachenahalli,1550.0,3.0,72.5,3.0,4677.419354838709
5493,Rachenahalli,1050.0,2.0,52.07,2.0,4959.047619047619
5494,Rachenahalli,1530.0,2.0,74.4,3.0,4862.745098039216
5495,Rachenahalli,1050.0,2.0,52.08,2.0,4960.0
5496,Rachenahalli,985.0,2.0,49.97,2.0,5073.096446700508
5497,Rachenahalli,1856.0,3.0,106.0,3.0,5711.206896551724
5498,Rachenahalli,1050.0,2.0,52.5,2.0,5000.0
5499,Rachenahalli,985.0,2.0,50.17,2.0,5093.401015228426
5500,Rachenahalli,2600.0,3.0,160.0,3.0,6153.846153846154
5501,Rachenahalli,1550.0,3.0,68.5,3.0,4419.354838709677
5502,Rachenahalli,1550.0,2.0,73.5,3.0,4741.935483870968
5503,Rachenahalli,985.0,2.0,50.17,2.0,5093.401015228426
5504,Rachenahalli,1050.0,2.0,52.71,2.0,5020.0
5505,Raja Rajeshwari Nagar,1540.0,3.0,60.0,3.0,3896.103896103896
5506,Raja Rajeshwari Nagar,1693.0,3.0,57.39,3.0,3389.84051978736
5507,Raja Rajeshwari Nagar,1295.0,2.0,43.9,2.0,3389.96138996139
5508,Raja Rajeshwari Nagar,1145.0,2.0,45.79,2.0,3999.126637554585
5509,Raja Rajeshwari Nagar,1419.0,2.0,48.1,2.0,3389.7110641296686
5510,Raja Rajeshwari Nagar,1295.0,2.0,55.47,2.0,4283.397683397683
5511,Raja Rajeshwari Nagar,1133.0,2.0,49.07,2.0,4330.979699911739
5512,Raja Rajeshwari Nagar,1090.0,2.0,42.0,2.0,3853.211009174312
5513,Raja Rajeshwari Nagar,1260.0,2.0,67.39,2.0,5348.412698412699
5514,Raja Rajeshwari Nagar,1141.0,2.0,38.55,2.0,3378.6152497808935
5515,Raja Rajeshwari Nagar,1140.0,2.0,49.39,2.0,4332.456140350877
5516,Raja Rajeshwari Nagar,1303.0,2.0,55.79,2.0,4281.657712970069
5517,Raja Rajeshwari Nagar,600.0,1.0,22.0,1.0,3666.6666666666665
5518,Raja Rajeshwari Nagar,1278.0,2.0,53.76,3.0,4206.572769953052
5519,Raja Rajeshwari Nagar,500.0,1.0,25.0,1.0,5000.0
5520,Raja Rajeshwari Nagar,1143.0,2.0,38.65,2.0,3381.4523184601926
5521,Raja Rajeshwari Nagar,1610.0,3.0,74.0,3.0,4596.273291925466
5522,Raja Rajeshwari Nagar,1105.0,2.0,65.0,2.0,5882.35294117647
5523,Raja Rajeshwari Nagar,1693.0,3.0,57.39,3.0,3389.84051978736
5524,Raja Rajeshwari Nagar,1258.0,2.0,63.53,2.0,5050.079491255962
5525,Raja Rajeshwari Nagar,1128.0,2.0,38.24,2.0,3390.0709219858154
5526,Raja Rajeshwari Nagar,1157.0,2.0,53.8,2.0,4649.956784788245
5527,Raja Rajeshwari Nagar,1185.0,2.0,47.39,2.0,3999.15611814346
5528,Raja Rajeshwari Nagar,1530.0,3.0,57.0,3.0,3725.4901960784314
5529,Raja Rajeshwari Nagar,1530.0,3.0,61.2,3.0,4000.0
5530,Raja Rajeshwari Nagar,1030.0,2.0,50.0,2.0,4854.368932038835
5531,Raja Rajeshwari Nagar,1144.0,2.0,38.55,2.0,3369.7552447552443
5532,Raja Rajeshwari Nagar,1196.0,2.0,51.51,2.0,4306.8561872909695
5533,Raja Rajeshwari Nagar,1570.0,3.0,88.0,3.0,5605.095541401274
5534,Raja Rajeshwari Nagar,1168.0,2.0,61.0,2.0,5222.602739726028
5535,Raja Rajeshwari Nagar,1306.0,2.0,55.91,2.0,4281.010719754977
5536,Raja Rajeshwari Nagar,1608.0,3.0,67.98,3.0,4227.611940298508
5537,Raja Rajeshwari Nagar,1530.0,3.0,51.87,3.0,3390.1960784313724
5538,Raja Rajeshwari Nagar,1575.0,2.0,78.0,3.0,4952.380952380952
5539,Raja Rajeshwari Nagar,1200.0,2.0,35.0,2.0,2916.6666666666665
5540,Raja Rajeshwari Nagar,1151.0,2.0,39.02,2.0,3390.095569070374
5541,Raja Rajeshwari Nagar,1570.0,2.0,65.0,3.0,4140.127388535032
5542,Raja Rajeshwari Nagar,1580.0,3.0,53.56,3.0,3389.8734177215188
5543,Raja Rajeshwari Nagar,1196.0,2.0,51.15,2.0,4276.755852842809
5544,Raja Rajeshwari Nagar,1419.0,2.0,48.0,2.0,3382.663847780127
5545,Raja Rajeshwari Nagar,1560.0,2.0,62.4,3.0,4000.0
5546,Raja Rajeshwari Nagar,1295.0,2.0,70.0,2.0,5405.405405405405
5547,Raja Rajeshwari Nagar,648.0,1.0,31.75,1.0,4899.691358024691
5548,Raja Rajeshwari Nagar,1100.0,2.0,55.0,2.0,5000.0
5549,Raja Rajeshwari Nagar,1140.0,2.0,38.55,2.0,3381.578947368421
5550,Raja Rajeshwari Nagar,1090.0,2.0,43.59,2.0,3999.0825688073396
5551,Raja Rajeshwari Nagar,1530.0,3.0,51.77,3.0,3383.6601307189544
5552,Raja Rajeshwari Nagar,1023.0,2.0,42.0,2.0,4105.571847507332
5553,Raja Rajeshwari Nagar,1070.0,2.0,50.0,2.0,4672.897196261682
5554,Raja Rajeshwari Nagar,1510.0,2.0,59.0,3.0,3907.2847682119204
5555,Raja Rajeshwari Nagar,4800.0,8.0,225.0,8.0,4687.5
5556,Raja Rajeshwari Nagar,1128.0,2.0,48.79,2.0,4325.354609929078
5557,Raja Rajeshwari Nagar,1267.0,2.0,42.85,2.0,3382.004735595896
5558,Raja Rajeshwari Nagar,550.0,1.0,21.0,1.0,3818.181818181818
5559,Raja Rajeshwari Nagar,1120.0,2.0,37.95,2.0,3388.3928571428573
5560,Raja Rajeshwari Nagar,1608.0,2.0,85.0,2.0,5286.0696517412935
5561,Raja Rajeshwari Nagar,1210.0,2.0,45.0,2.0,3719.00826446281
5562,Raja Rajeshwari Nagar,1240.0,2.0,53.27,2.0,4295.967741935484
5563,Raja Rajeshwari Nagar,1395.0,2.0,72.0,3.0,5161.290322580645
5564,Raja Rajeshwari Nagar,1165.0,2.0,45.0,2.0,3862.6609442060085
5565,Raja Rajeshwari Nagar,1288.0,2.0,70.0,3.0,5434.782608695652
5566,Raja Rajeshwari Nagar,1120.0,2.0,37.97,2.0,3390.1785714285716
5567,Raja Rajeshwari Nagar,1140.0,2.0,38.65,2.0,3390.3508771929824
5568,Raja Rajeshwari Nagar,1095.0,2.0,38.33,2.0,3500.4566210045664
5569,Raja Rajeshwari Nagar,1420.0,2.0,60.0,3.0,4225.352112676056
5570,Raja Rajeshwari Nagar,1303.0,2.0,44.17,2.0,3389.869531849578
5571,Raja Rajeshwari Nagar,1580.0,3.0,53.56,3.0,3389.8734177215188
5572,Raja Rajeshwari Nagar,1185.0,2.0,40.17,2.0,3389.8734177215188
5573,Raja Rajeshwari Nagar,1140.0,2.0,49.27,2.0,4321.929824561404
5574,Raja Rajeshwari Nagar,1430.0,2.0,50.0,3.0,3496.5034965034965
5575,Raja Rajeshwari Nagar,1095.0,2.0,38.33,2.0,3500.4566210045664
5576,Raja Rajeshwari Nagar,1235.0,2.0,75.0,2.0,6072.8744939271255
5577,Raja Rajeshwari Nagar,1280.0,3.0,57.6,3.0,4500.0
5578,Raja Rajeshwari Nagar,1303.0,2.0,55.79,2.0,4281.657712970069
5579,Raja Rajeshwari Nagar,1162.0,2.0,65.0,2.0,5593.803786574871
5580,Raja Rajeshwari Nagar,1133.0,2.0,38.41,2.0,3390.114739629302
5581,Raja Rajeshwari Nagar,1151.0,2.0,49.0,2.0,4257.167680278019
5582,Raja Rajeshwari Nagar,1267.0,2.0,54.35,2.0,4289.6606156274665
5583,Raja Rajeshwari Nagar,1550.0,3.0,52.45,3.0,3383.8709677419356
5584,Raja Rajeshwari Nagar,1100.0,2.0,50.0,2.0,4545.454545454545
5585,Raja Rajeshwari Nagar,1185.0,2.0,40.17,2.0,3389.8734177215188
5586,Raja Rajeshwari Nagar,1751.0,3.0,72.0,3.0,4111.936036550543
5587,Raja Rajeshwari Nagar,1306.0,2.0,44.17,2.0,3382.08269525268
5588,Raja Rajeshwari Nagar,1196.0,2.0,40.44,2.0,3381.2709030100336
5589,Raja Rajeshwari Nagar,1178.0,2.0,75.0,2.0,6366.723259762309
5590,Raja Rajeshwari Nagar,1128.0,2.0,40.0,2.0,3546.099290780142
5591,Raja Rajeshwari Nagar,1151.0,2.0,39.0,2.0,3388.3579496090356
5592,Raja Rajeshwari Nagar,1375.0,2.0,54.99,3.0,3999.2727272727275
5593,Raja Rajeshwari Nagar,1525.0,2.0,99.13,3.0,6500.327868852459
5594,Raja Rajeshwari Nagar,1060.0,2.0,48.0,2.0,4528.301886792453
5595,Raja Rajeshwari Nagar,3900.0,6.0,195.0,6.0,5000.0
5596,Raja Rajeshwari Nagar,1128.0,2.0,48.79,2.0,4325.354609929078
5597,Raja Rajeshwari Nagar,1400.0,2.0,48.0,3.0,3428.5714285714284
5598,Raja Rajeshwari Nagar,1170.0,2.0,50.0,2.0,4273.504273504273
5599,Raja Rajeshwari Nagar,1625.0,2.0,54.0,3.0,3323.076923076923
5600,Raja Rajeshwari Nagar,1185.0,2.0,51.15,2.0,4316.455696202532
5601,Raja Rajeshwari Nagar,1255.0,2.0,53.87,2.0,4292.4302788844625
5602,Raja Rajeshwari Nagar,1419.0,2.0,60.42,2.0,4257.928118393234
5603,Raja Rajeshwari Nagar,1693.0,3.0,71.38,3.0,4216.184288245718
5604,Raja Rajeshwari Nagar,3600.0,9.0,240.0,9.0,6666.666666666667
5605,Raja Rajeshwari Nagar,1196.0,2.0,40.54,2.0,3389.632107023411
5606,Raja Rajeshwari Nagar,1196.0,2.0,40.54,2.0,3389.632107023411
5607,Raja Rajeshwari Nagar,1630.0,3.0,60.65,3.0,3720.8588957055213
5608,Raja Rajeshwari Nagar,1531.0,3.0,51.77,3.0,3381.4500326583934
5609,Raja Rajeshwari Nagar,1160.0,2.0,70.0,2.0,6034.482758620689
5610,Raja Rajeshwari Nagar,1133.0,2.0,38.37,2.0,3386.5842894969105
5611,Raja Rajeshwari Nagar,1140.0,2.0,48.7,2.0,4271.929824561404
5612,Raja Rajeshwari Nagar,1140.0,2.0,38.65,2.0,3390.3508771929824
5613,Raja Rajeshwari Nagar,1140.0,2.0,38.55,2.0,3381.578947368421
5614,Raja Rajeshwari Nagar,1295.0,2.0,55.47,2.0,4283.397683397683
5615,Raja Rajeshwari Nagar,1133.0,2.0,40.0,2.0,3530.45013239188
5616,Raja Rajeshwari Nagar,1510.0,2.0,55.0,3.0,3642.384105960265
5617,Raja Rajeshwari Nagar,1550.0,3.0,86.8,3.0,5600.0
5618,Raja Rajeshwari Nagar,1400.0,2.0,45.0,2.0,3214.285714285714
5619,Raja Rajeshwari Nagar,1110.0,2.0,52.0,2.0,4684.684684684685
5620,Raja Rajeshwari Nagar,1580.0,3.0,83.74,3.0,5299.999999999999
5621,Raja Rajeshwari Nagar,1608.0,3.0,54.51,3.0,3389.9253731343283
5622,Raja Rajeshwari Nagar,1640.0,3.0,86.8,3.0,5292.682926829269
5623,Raja Rajeshwari Nagar,1500.0,3.0,51.04,3.0,3402.6666666666665
5624,Raja Rajeshwari Nagar,1185.0,2.0,51.15,2.0,4316.455696202532
5625,Raja Rajeshwari Nagar,1295.0,2.0,43.9,2.0,3389.96138996139
5626,Raja Rajeshwari Nagar,1279.0,2.0,53.76,3.0,4203.283815480844
5627,Raja Rajeshwari Nagar,1196.0,2.0,40.54,2.0,3389.632107023411
5628,Raja Rajeshwari Nagar,1240.0,2.0,40.54,2.0,3269.3548387096776
5629,Raja Rajeshwari Nagar,1090.0,2.0,57.0,2.0,5229.357798165138
5630,Raja Rajeshwari Nagar,1240.0,2.0,42.04,2.0,3390.3225806451615
5631,Raja Rajeshwari Nagar,1757.0,3.0,98.0,3.0,5577.689243027889
5632,Raja Rajeshwari Nagar,1530.0,3.0,64.0,3.0,4183.006535947712
5633,Raja Rajeshwari Nagar,1587.0,3.0,73.8,3.0,4650.283553875236
5634,Raja Rajeshwari Nagar,1529.0,3.0,51.77,3.0,3385.8731196860695
5635,Raja Rajeshwari Nagar,1295.0,2.0,55.47,2.0,4283.397683397683
5636,Raja Rajeshwari Nagar,1450.0,2.0,67.0,3.0,4620.689655172414
5637,Raja Rajeshwari Nagar,1090.0,2.0,57.0,2.0,5229.357798165138
5638,Raja Rajeshwari Nagar,945.0,2.0,45.0,2.0,4761.9047619047615
5639,Raja Rajeshwari Nagar,1303.0,2.0,55.78,2.0,4280.890253261704
5640,Raja Rajeshwari Nagar,3450.0,7.0,225.0,8.0,6521.739130434783
5641,Raja Rajeshwari Nagar,1419.0,2.0,48.1,2.0,3389.7110641296686
5642,Raja Rajeshwari Nagar,1700.0,2.0,86.0,3.0,5058.823529411765
5643,Raja Rajeshwari Nagar,1270.0,2.0,62.0,2.0,4881.889763779527
5644,Raja Rajeshwari Nagar,1250.0,2.0,68.0,2.0,5440.0
5645,Raja Rajeshwari Nagar,1260.0,2.0,62.0,3.0,4920.6349206349205
5646,Raja Rajeshwari Nagar,1196.0,2.0,40.54,2.0,3389.632107023411
5647,Raja Rajeshwari Nagar,1580.0,2.0,66.85,3.0,4231.012658227847
5648,Raja Rajeshwari Nagar,1050.0,2.0,37.0,2.0,3523.809523809524
5649,Raja Rajeshwari Nagar,1021.0,3.0,59.0,3.0,5778.648383937317
5650,Raja Rajeshwari Nagar,1196.0,2.0,40.54,2.0,3389.632107023411
5651,Raja Rajeshwari Nagar,1500.0,3.0,88.0,3.0,5866.666666666667
5652,Raja Rajeshwari Nagar,1168.0,2.0,66.0,2.0,5650.684931506849
5653,Raja Rajeshwari Nagar,1400.0,2.0,86.0,3.0,6142.857142857143
5654,Raja Rajeshwari Nagar,1157.0,2.0,65.0,2.0,5617.9775280898875
5655,Raja Rajeshwari Nagar,1206.0,2.0,40.7,2.0,3374.7927031509125
5656,Raja Rajeshwari Nagar,1000.0,2.0,50.0,2.0,5000.0
5657,Raja Rajeshwari Nagar,1485.0,2.0,63.0,3.0,4242.424242424242
5658,Raja Rajeshwari Nagar,1335.0,2.0,56.0,3.0,4194.756554307116
5659,Raja Rajeshwari Nagar,1571.0,3.0,53.12,3.0,3381.285805219605
5660,Raja Rajeshwari Nagar,1255.0,2.0,42.54,2.0,3389.641434262948
5661,Raja Rajeshwari Nagar,1530.0,3.0,64.86,3.0,4239.21568627451
5662,Raja Rajeshwari Nagar,1850.0,3.0,98.0,3.0,5297.2972972972975
5663,Raja Rajeshwari Nagar,1140.0,2.0,44.0,2.0,3859.6491228070176
5664,Raja Rajeshwari Nagar,6000.0,8.0,215.0,8.0,3583.3333333333335
5665,Raja Rajeshwari Nagar,1140.0,2.0,39.0,2.0,3421.0526315789475
5666,Raja Rajeshwari Nagar,510.0,1.0,22.0,1.0,4313.725490196079
5667,Raja Rajeshwari Nagar,1187.0,2.0,40.14,2.0,3381.6343723673126
5668,Raja Rajeshwari Nagar,1141.0,2.0,60.0,2.0,5258.545135845749
5669,Rajaji Nagar,1640.0,3.0,229.0,3.0,13963.414634146342
5670,Rajaji Nagar,2390.0,3.0,415.0,3.0,17364.016736401674
5671,Rajaji Nagar,2390.0,3.0,410.0,3.0,17154.81171548117
5672,Rajaji Nagar,1725.0,3.0,200.0,3.0,11594.202898550724
5673,Rajaji Nagar,3516.0,4.0,540.0,4.0,15358.361774744028
5674,Rajaji Nagar,1640.0,3.0,223.0,3.0,13597.560975609756
5675,Rajaji Nagar,3526.0,4.0,492.0,4.0,13953.488372093023
5676,Rajaji Nagar,1800.0,4.0,324.0,6.0,18000.0
5677,Rajaji Nagar,3526.0,4.0,558.0,4.0,15825.2977878616
5678,Rajaji Nagar,2849.0,5.0,300.0,5.0,10530.01053001053
5679,Rajaji Nagar,1800.0,3.0,260.0,3.0,14444.444444444445
5680,Rajaji Nagar,1640.0,3.0,241.0,3.0,14695.121951219513
5681,Rajaji Nagar,1370.0,2.0,170.0,2.0,12408.759124087592
5682,Rajaji Nagar,2409.0,3.0,360.0,3.0,14943.960149439601
5683,Rajaji Nagar,3436.0,6.0,475.0,4.0,13824.214202561117
5684,Rajaji Nagar,1718.0,3.0,288.0,2.0,16763.678696158324
5685,Rajaji Nagar,2386.0,3.0,334.0,3.0,13998.323554065382
5686,Rajaji Nagar,3436.0,6.0,500.0,4.0,14551.804423748545
5687,Rajaji Nagar,1200.0,2.0,150.0,2.0,12500.0
5688,Rajaji Nagar,1160.0,1.0,163.0,2.0,14051.724137931034
5689,Rajaji Nagar,660.0,1.0,75.0,1.0,11363.636363636364
5690,Rajaji Nagar,1440.0,2.0,170.0,2.0,11805.555555555555
5691,Rajaji Nagar,2448.0,3.0,400.0,3.0,16339.869281045752
5692,Rajaji Nagar,1440.0,2.0,185.0,2.0,12847.222222222223
5693,Rajaji Nagar,1640.0,3.0,230.0,3.0,14024.390243902439
5694,Rajaji Nagar,3730.0,4.0,370.0,4.0,9919.571045576407
5695,Rajaji Nagar,1800.0,2.0,250.0,3.0,13888.888888888889
5696,Rajaji Nagar,3100.0,4.0,550.0,4.0,17741.935483870966
5697,Rajaji Nagar,3526.0,4.0,598.0,4.0,16959.727736812252
5698,Rajaji Nagar,1357.0,2.0,130.0,2.0,9579.955784819454
5699,Rajaji Nagar,2300.0,3.0,369.0,3.0,16043.478260869566
5700,Rajaji Nagar,1640.0,3.0,220.0,3.0,13414.634146341463
5701,Rajaji Nagar,2500.0,3.0,350.0,3.0,14000.0
5702,Rajaji Nagar,1615.0,3.0,175.0,3.0,10835.913312693498
5703,Rajaji Nagar,1776.0,3.0,190.0,3.0,10698.198198198199
5704,Rajaji Nagar,2559.0,3.0,403.0,3.0,15748.339194998047
5705,Rajaji Nagar,1763.0,3.0,262.0,2.0,14861.032331253546
5706,Rajaji Nagar,1640.0,3.0,220.0,3.0,13414.634146341463
5707,Rajaji Nagar,1613.0,3.0,150.0,3.0,9299.442033477992
5708,Rajaji Nagar,1380.0,3.0,130.0,3.0,9420.289855072464
5709,Rajaji Nagar,2400.0,3.0,320.0,5.0,13333.333333333334
5710,Rajaji Nagar,1800.0,3.0,240.0,3.0,13333.333333333334
5711,Rajaji Nagar,2533.0,3.0,425.0,3.0,16778.523489932886
5712,Rajaji Nagar,1268.0,2.0,127.0,2.0,10015.77287066246
5713,Rajaji Nagar,2450.0,3.0,330.0,3.0,13469.387755102041
5714,Rajaji Nagar,1640.0,3.0,262.0,3.0,15975.609756097561
5715,Rajaji Nagar,1200.0,1.0,200.0,2.0,16666.666666666668
5716,Rajaji Nagar,2367.0,3.0,375.0,3.0,15842.839036755386
5717,Rajaji Nagar,2440.0,2.0,415.0,4.0,17008.196721311477
5718,Rajaji Nagar,1640.0,3.0,251.0,3.0,15304.878048780487
5719,Rajaji Nagar,2733.0,5.0,259.0,4.0,9476.765459202341
5720,Rajaji Nagar,1640.0,3.0,268.0,3.0,16341.463414634147
5721,Rajaji Nagar,2367.0,4.0,340.0,3.0,14364.17405999155
5722,Rajaji Nagar,1720.0,3.0,224.0,3.0,13023.255813953489
5723,Rajaji Nagar,3600.0,5.0,510.0,5.0,14166.666666666666
5724,Rajaji Nagar,1350.0,4.0,230.0,4.0,17037.037037037036
5725,Rajaji Nagar,1700.0,3.0,200.0,3.0,11764.70588235294
5726,Rajaji Nagar,2300.0,4.0,240.0,3.0,10434.782608695652
5727,Rajaji Nagar,2400.0,5.0,408.0,5.0,17000.0
5728,Rajaji Nagar,2500.0,3.0,340.0,3.0,13600.0
5729,Rajaji Nagar,2390.0,3.0,372.0,3.0,15564.853556485356
5730,Rajaji Nagar,2415.0,3.0,399.0,3.0,16521.739130434784
5731,Rajaji Nagar,1718.0,3.0,275.0,2.0,16006.9848661234
5732,Rajaji Nagar,1763.0,3.0,240.0,2.0,13613.159387407828
5733,Rajaji Nagar,2367.0,3.0,320.0,3.0,13519.22264469793
5734,Rajaji Nagar,2409.0,3.0,395.0,3.0,16396.84516396845
5735,Rajaji Nagar,1314.0,2.0,225.0,2.0,17123.287671232876
5736,Rajaji Nagar,1440.0,2.0,165.0,2.0,11458.333333333334
5737,Rajaji Nagar,1640.0,3.0,245.0,3.0,14939.024390243903
5738,Rajiv Nagar,1690.0,3.0,125.0,3.0,7396.449704142012
5739,Rajiv Nagar,1263.0,2.0,93.32,2.0,7388.756927949327
5740,Rajiv Nagar,2340.0,4.0,148.0,4.0,6324.786324786325
5741,Rajiv Nagar,2340.0,5.0,129.0,4.0,5512.820512820513
5742,Rajiv Nagar,1330.0,2.0,93.0,2.0,6992.481203007519
5743,Rajiv Nagar,2340.0,5.0,129.0,4.0,5512.820512820513
5744,Rajiv Nagar,1309.0,2.0,80.0,2.0,6111.535523300229
5745,Rajiv Nagar,2340.0,4.0,145.0,4.0,6196.581196581196
5746,Rajiv Nagar,2330.0,5.0,175.0,4.0,7510.729613733905
5747,Rajiv Nagar,2340.0,5.0,160.0,4.0,6837.606837606838
5748,Ramagondanahalli,1151.0,2.0,48.77,2.0,4237.185056472633
5749,Ramagondanahalli,1251.0,2.0,47.0,2.0,3756.994404476419
5750,Ramagondanahalli,1235.0,2.0,52.04,2.0,4213.765182186235
5751,Ramagondanahalli,1610.0,2.0,111.0,3.0,6894.409937888198
5752,Ramagondanahalli,540.0,1.0,30.0,1.0,5555.555555555556
5753,Ramagondanahalli,1635.0,3.0,62.0,3.0,3792.0489296636088
5754,Ramagondanahalli,1235.0,2.0,46.8,2.0,3789.4736842105262
5755,Ramagondanahalli,1215.0,2.0,51.26,2.0,4218.930041152264
5756,Ramagondanahalli,2257.0,4.0,157.0,3.0,6956.136464333185
5757,Ramagondanahalli,1251.0,2.0,47.4,2.0,3788.968824940048
5758,Ramagondanahalli,1610.0,2.0,115.0,3.0,7142.857142857143
5759,Ramagondanahalli,920.0,2.0,65.0,2.0,7065.217391304348
5760,Ramagondanahalli,1215.0,2.0,45.5,2.0,3744.855967078189
5761,Ramagondanahalli,2800.0,4.0,155.0,4.0,5535.714285714285
5762,Ramagondanahalli,1253.0,2.0,52.66,2.0,4202.713487629689
5763,Ramagondanahalli,1295.0,2.0,95.0,2.0,7335.907335907336
5764,Ramagondanahalli,1151.0,2.0,50.5,2.0,4387.489139878367
5765,Ramagondanahalli,1235.0,2.0,49.3,2.0,3991.902834008097
5766,Ramagondanahalli,2257.0,3.0,159.0,3.0,7044.749667700487
5767,Ramagondanahalli,1295.0,2.0,95.0,2.0,7335.907335907336
5768,Ramagondanahalli,1451.0,3.0,60.44,3.0,4165.40317022743
5769,Ramagondanahalli,1910.0,3.0,142.0,3.0,7434.55497382199
5770,Ramagondanahalli,1215.0,2.0,46.1,2.0,3794.238683127572
5771,Ramagondanahalli,1475.0,2.0,63.0,3.0,4271.186440677966
5772,Ramagondanahalli,1251.0,2.0,50.0,2.0,3996.802557953637
5773,Ramagondanahalli,1610.0,2.0,115.0,3.0,7142.857142857143
5774,Ramagondanahalli,1151.0,2.0,43.6,2.0,3788.010425716768
5775,Ramagondanahalli,1635.0,3.0,61.0,3.0,3730.886850152905
5776,Ramagondanahalli,1251.0,2.0,53.0,2.0,4236.610711430855
5777,Ramagondanahalli,845.0,2.0,45.82,2.0,5422.485207100592
5778,Ramagondanahalli,1910.0,3.0,150.0,3.0,7853.4031413612565
5779,Ramagondanahalli,1738.0,2.0,76.0,3.0,4372.8423475258915
5780,Ramagondanahalli,2040.0,3.0,114.0,3.0,5588.235294117647
5781,Ramagondanahalli,3350.0,3.0,150.0,3.0,4477.611940298508
5782,Ramagondanahalli,1251.0,2.0,46.0,2.0,3677.0583533173462
5783,Ramagondanahalli,1635.0,3.0,57.0,3.0,3486.238532110092
5784,Ramagondanahalli,1151.0,2.0,46.0,2.0,3996.524761077324
5785,Ramagondanahalli,1610.0,2.0,112.0,3.0,6956.521739130435
5786,Ramagondanahalli,1610.0,2.0,115.0,3.0,7142.857142857143
5787,Ramagondanahalli,1200.0,3.0,56.1,3.0,4675.0
5788,Ramagondanahalli,2787.0,5.0,220.0,4.0,7893.792608539648
5789,Ramagondanahalli,1475.0,2.0,55.0,3.0,3728.813559322034
5790,Ramagondanahalli,1125.0,2.0,75.0,2.0,6666.666666666667
5791,Ramagondanahalli,1151.0,2.0,42.5,2.0,3692.44135534318
5792,Ramagondanahalli,2257.0,3.0,155.0,3.0,6867.523260965884
5793,Ramagondanahalli,1500.0,3.0,100.0,3.0,6666.666666666667
5794,Ramagondanahalli,1680.0,2.0,68.0,3.0,4047.6190476190477
5795,Ramagondanahalli,1910.0,3.0,131.0,3.0,6858.638743455497
5796,Ramamurthy Nagar,3700.0,4.0,225.0,4.0,6081.081081081081
5797,Ramamurthy Nagar,3500.0,5.0,150.0,5.0,4285.714285714285
5798,Ramamurthy Nagar,1050.0,2.0,37.0,2.0,3523.809523809524
5799,Ramamurthy Nagar,1040.0,2.0,50.0,2.0,4807.692307692308
5800,Ramamurthy Nagar,1600.0,3.0,75.0,3.0,4687.5
5801,Ramamurthy Nagar,1200.0,3.0,72.0,2.0,6000.0
5802,Ramamurthy Nagar,360.0,1.0,26.0,1.0,7222.222222222223
5803,Ramamurthy Nagar,950.0,2.0,50.79,2.0,5346.315789473684
5804,Ramamurthy Nagar,1200.0,2.0,66.0,3.0,5500.0
5805,Ramamurthy Nagar,1525.0,3.0,100.0,3.0,6557.377049180328
5806,Ramamurthy Nagar,1200.0,2.0,80.0,2.0,6666.666666666667
5807,Ramamurthy Nagar,1200.0,2.0,42.0,2.0,3500.0
5808,Ramamurthy Nagar,1515.0,3.0,65.0,3.0,4290.42904290429
5809,Ramamurthy Nagar,1100.0,2.0,68.0,2.0,6181.818181818182
5810,Ramamurthy Nagar,1185.0,2.0,45.5,2.0,3839.662447257384
5811,Ramamurthy Nagar,1170.0,2.0,46.8,2.0,4000.0
5812,Ramamurthy Nagar,1150.0,2.0,51.0,2.0,4434.782608695652
5813,Ramamurthy Nagar,1200.0,2.0,48.0,2.0,4000.0
5814,Ramamurthy Nagar,3600.0,3.0,150.0,3.0,4166.666666666667
5815,Ramamurthy Nagar,600.0,3.0,45.0,2.0,7500.0
5816,Ramamurthy Nagar,1110.0,2.0,65.0,2.0,5855.855855855856
5817,Ramamurthy Nagar,1410.0,2.0,56.4,3.0,4000.0
5818,Ramamurthy Nagar,1200.0,2.0,78.0,2.0,6500.0
5819,Ramamurthy Nagar,1000.0,2.0,41.0,3.0,4100.0
5820,Ramamurthy Nagar,600.0,1.0,43.0,1.0,7166.666666666667
5821,Ramamurthy Nagar,1006.0,2.0,57.0,2.0,5666.003976143141
5822,Ramamurthy Nagar,1200.0,2.0,76.0,2.0,6333.333333333333
5823,Ramamurthy Nagar,1300.0,2.0,52.0,3.0,4000.0
5824,Ramamurthy Nagar,1600.0,3.0,75.0,3.0,4687.5
5825,Ramamurthy Nagar,700.0,2.0,33.0,2.0,4714.285714285715
5826,Ramamurthy Nagar,1125.0,2.0,47.0,2.0,4177.777777777777
5827,Ramamurthy Nagar,1000.0,2.0,62.0,2.0,6200.0
5828,Ramamurthy Nagar,1334.0,2.0,67.0,2.0,5022.488755622189
5829,Ramamurthy Nagar,1200.0,2.0,46.0,2.0,3833.3333333333335
5830,Ramamurthy Nagar,1200.0,2.0,57.9,2.0,4825.0
5831,Ramamurthy Nagar,1305.0,3.0,60.0,3.0,4597.701149425287
5832,Ramamurthy Nagar,1360.0,2.0,45.0,2.0,3308.823529411765
5833,Ramamurthy Nagar,1170.0,2.0,44.0,2.0,3760.6837606837607
5834,Ramamurthy Nagar,2200.0,4.0,130.0,4.0,5909.090909090909
5835,Ramamurthy Nagar,1050.0,2.0,51.66,2.0,4920.0
5836,Ramamurthy Nagar,2916.0,5.0,230.0,4.0,7887.517146776406
5837,Ramamurthy Nagar,2316.0,3.0,125.0,3.0,5397.2366148531955
5838,Ramamurthy Nagar,1101.0,2.0,50.0,2.0,4541.326067211626
5839,Ramamurthy Nagar,1150.0,2.0,40.0,2.0,3478.2608695652175
5840,Ramamurthy Nagar,1208.0,2.0,43.5,3.0,3600.9933774834435
5841,Ramamurthy Nagar,1050.0,2.0,37.8,2.0,3599.9999999999995
5842,Ramamurthy Nagar,935.0,2.0,39.0,2.0,4171.122994652406
5843,Ramamurthy Nagar,1200.0,2.0,68.0,2.0,5666.666666666667
5844,Ramamurthy Nagar,540.0,1.0,35.0,1.0,6481.481481481482
5845,Ramamurthy Nagar,960.0,2.0,35.0,2.0,3645.8333333333335
5846,Rayasandra,1314.0,2.0,63.0,3.0,4794.520547945205
5847,Rayasandra,1065.0,2.0,44.95,2.0,4220.657276995305
5848,Rayasandra,1708.0,3.0,75.0,3.0,4391.100702576113
5849,Rayasandra,1199.0,2.0,48.5,3.0,4045.0375312760634
5850,Rayasandra,1577.0,3.0,67.0,3.0,4248.57324032974
5851,Rayasandra,1253.0,2.0,57.0,2.0,4549.082202713487
5852,Rayasandra,583.0,1.0,26.9,1.0,4614.065180102916
5853,Rayasandra,1198.0,2.0,54.0,2.0,4507.512520868114
5854,Rayasandra,1555.0,3.0,75.17,3.0,4834.083601286174
5855,Rayasandra,1458.0,3.0,60.0,3.0,4115.22633744856
5856,Rayasandra,1179.0,2.0,55.0,3.0,4664.970313825275
5857,Rayasandra,1601.0,3.0,70.0,3.0,4372.2673329169265
5858,Rayasandra,1708.0,3.0,76.0,4.0,4449.648711943794
5859,Rayasandra,470.0,1.0,21.0,1.0,4468.085106382979
5860,Rayasandra,3600.0,5.0,145.0,5.0,4027.777777777778
5861,Rayasandra,1357.0,2.0,59.0,3.0,4347.826086956522
5862,Sahakara Nagar,2830.0,3.0,195.0,4.0,6890.459363957597
5863,Sahakara Nagar,1500.0,2.0,95.0,3.0,6333.333333333333
5864,Sahakara Nagar,1100.0,2.0,56.0,2.0,5090.909090909091
5865,Sahakara Nagar,1219.0,2.0,48.0,2.0,3937.653814602133
5866,Sahakara Nagar,1100.0,2.0,75.0,3.0,6818.181818181818
5867,Sahakara Nagar,1655.0,3.0,115.0,3.0,6948.640483383686
5868,Sahakara Nagar,1150.0,2.0,54.0,2.0,4695.652173913043
5869,Sahakara Nagar,1270.0,2.0,69.85,2.0,5499.999999999999
5870,Sahakara Nagar,960.0,2.0,56.0,2.0,5833.333333333333
5871,Sahakara Nagar,1048.0,2.0,50.0,2.0,4770.992366412213
5872,Sahakara Nagar,1160.0,2.0,55.0,2.0,4741.379310344828
5873,Sahakara Nagar,1200.0,2.0,75.0,3.0,6250.0
5874,Sahakara Nagar,2500.0,4.0,200.0,4.0,8000.0
5875,Sahakara Nagar,1914.0,3.0,179.0,3.0,9352.142110762801
5876,Sahakara Nagar,1500.0,3.0,125.0,3.0,8333.333333333334
5877,Sahakara Nagar,1100.0,2.0,55.0,2.0,5000.0
5878,Sahakara Nagar,1914.0,3.0,149.0,3.0,7784.743991640544
5879,Sahakara Nagar,1000.0,2.0,60.0,2.0,6000.0
5880,Sahakara Nagar,2200.0,3.0,98.0,3.0,4454.545454545455
5881,Sahakara Nagar,1175.0,2.0,49.0,2.0,4170.212765957447
5882,Sahakara Nagar,1370.0,2.0,90.0,3.0,6569.343065693431
5883,Sahakara Nagar,1100.0,2.0,55.0,2.0,5000.0
5884,Sahakara Nagar,1100.0,2.0,75.0,3.0,6818.181818181818
5885,Sahakara Nagar,1180.0,2.0,72.0,2.0,6101.6949152542375
5886,Sahakara Nagar,1200.0,2.0,60.0,2.0,5000.0
5887,Sahakara Nagar,1032.0,2.0,45.0,2.0,4360.46511627907
5888,Sahakara Nagar,1200.0,2.0,46.0,2.0,3833.3333333333335
5889,Sahakara Nagar,1270.0,2.0,96.0,2.0,7559.055118110236
5890,Sahakara Nagar,1201.0,2.0,80.0,2.0,6661.1157368859285
5891,Sahakara Nagar,1200.0,2.0,54.0,2.0,4500.0
5892,Sahakara Nagar,1291.0,2.0,72.3,2.0,5600.309837335399
5893,Sanjay nagar,1000.0,2.0,70.0,2.0,7000.0
5894,Sanjay nagar,1100.0,2.0,98.0,2.0,8909.09090909091
5895,Sanjay nagar,1150.0,2.0,72.2,2.0,6278.260869565217
5896,Sanjay nagar,1800.0,3.0,180.0,3.0,10000.0
5897,Sanjay nagar,630.0,1.0,35.0,2.0,5555.555555555556
5898,Sanjay nagar,3300.0,3.0,250.0,5.0,7575.757575757576
5899,Sanjay nagar,1900.0,2.0,180.0,3.0,9473.684210526315
5900,Sanjay nagar,1575.0,2.0,90.0,2.0,5714.285714285715
5901,Sanjay nagar,1450.0,3.0,75.0,3.0,5172.413793103448
5902,Sanjay nagar,1200.0,2.0,76.0,3.0,6333.333333333333
5903,Sanjay nagar,960.0,2.0,55.0,2.0,5729.166666666667
5904,Sanjay nagar,1050.0,2.0,59.0,2.0,5619.047619047619
5905,Sanjay nagar,1150.0,2.0,70.0,2.0,6086.95652173913
5906,Sanjay nagar,1500.0,3.0,150.0,3.0,10000.0
5907,Sanjay nagar,1180.0,2.0,80.0,2.0,6779.661016949152
5908,Sarakki Nagar,2121.0,4.0,253.0,3.0,11928.335690711929
5909,Sarakki Nagar,2289.0,3.0,260.0,3.0,11358.671909130624
5910,Sarakki Nagar,2500.0,4.0,325.0,3.0,13000.0
5911,Sarakki Nagar,2145.0,4.0,270.0,3.0,12587.412587412588
5912,Sarakki Nagar,1200.0,3.0,128.0,3.0,10666.666666666666
5913,Sarakki Nagar,2663.0,4.0,338.0,3.0,12692.452121667293
5914,Sarakki Nagar,1840.0,4.0,175.0,3.0,9510.869565217392
5915,Sarakki Nagar,3131.0,4.0,349.0,4.0,11146.598530820824
5916,Sarakki Nagar,3126.0,5.0,345.0,4.0,11036.468330134358
5917,Sarakki Nagar,3124.0,6.0,349.0,4.0,11171.574903969271
5918,Sarjapur,2250.0,3.0,148.0,3.0,6577.777777777777
5919,Sarjapur,1600.0,3.0,75.0,3.0,4687.5
5920,Sarjapur,913.0,2.0,32.0,2.0,3504.9288061336256
5921,Sarjapur,1128.0,2.0,60.0,2.0,5319.148936170212
5922,Sarjapur,1185.0,2.0,47.0,2.0,3966.2447257383965
5923,Sarjapur,900.0,2.0,42.0,3.0,4666.666666666667
5924,Sarjapur,1020.0,2.0,35.0,2.0,3431.372549019608
5925,Sarjapur,1195.0,2.0,42.0,2.0,3514.644351464435
5926,Sarjapur,1240.0,2.0,44.0,2.0,3548.3870967741937
5927,Sarjapur,1550.0,2.0,65.0,4.0,4193.548387096775
5928,Sarjapur,950.0,2.0,32.5,2.0,3421.0526315789475
5929,Sarjapur,1285.0,2.0,68.0,3.0,5291.828793774319
5930,Sarjapur,1525.0,2.0,48.0,3.0,3147.5409836065573
5931,Sarjapur,925.0,2.0,25.0,2.0,2702.7027027027025
5932,Sarjapur,3190.0,3.0,160.0,4.0,5015.673981191223
5933,Sarjapur,1215.0,2.0,40.0,2.0,3292.1810699588477
5934,Sarjapur,2540.0,4.0,115.0,4.0,4527.55905511811
5935,Sarjapur,1200.0,3.0,78.0,3.0,6500.0
5936,Sarjapur,1000.0,2.0,30.0,2.0,3000.0
5937,Sarjapur,1157.0,2.0,40.0,2.0,3457.216940363008
5938,Sarjapur,2238.0,3.0,140.0,3.0,6255.585344057194
5939,Sarjapur,2020.0,3.0,85.0,3.0,4207.920792079208
5940,Sarjapur,2885.0,3.0,185.0,4.0,6412.478336221837
5941,Sarjapur,1917.0,3.0,60.0,4.0,3129.8904538341158
5942,Sarjapur,1240.0,2.0,44.3,2.0,3572.5806451612902
5943,Sarjapur,625.0,1.0,19.0,1.0,3040.0
5944,Sarjapur,940.0,2.0,25.38,2.0,2700.0
5945,Sarjapur,2100.0,3.0,125.0,4.0,5952.380952380952
5946,Sarjapur,913.0,2.0,36.0,2.0,3943.0449069003284
5947,Sarjapur,1404.0,2.0,53.35,3.0,3799.8575498575497
5948,Sarjapur,1830.0,3.0,88.0,3.0,4808.743169398907
5949,Sarjapur,1364.0,2.0,56.0,3.0,4105.571847507332
5950,Sarjapur,1124.0,2.0,30.35,2.0,2700.1779359430607
5951,Sarjapur,1044.0,2.0,32.0,2.0,3065.1340996168583
5952,Sarjapur,650.0,1.0,19.87,1.0,3056.923076923077
5953,Sarjapur,1175.0,2.0,42.0,2.0,3574.468085106383
5954,Sarjapur,1240.0,2.0,43.1,2.0,3475.8064516129034
5955,Sarjapur,1170.0,2.0,35.41,3.0,3026.495726495726
5956,Sarjapur,1032.0,2.0,42.0,2.0,4069.767441860465
5957,Sarjapur,1044.0,2.0,34.0,2.0,3256.704980842912
5958,Sarjapur,1200.0,3.0,76.13,3.0,6344.166666666667
5959,Sarjapur,1200.0,2.0,62.0,2.0,5166.666666666667
5960,Sarjapur,900.0,2.0,27.98,2.0,3108.8888888888887
5961,Sarjapur,2970.0,3.0,130.0,4.0,4377.104377104377
5962,Sarjapur,1205.0,2.0,29.0,2.0,2406.639004149378
5963,Sarjapur,850.0,2.0,32.0,2.0,3764.705882352941
5964,Sarjapur,1175.0,2.0,41.68,2.0,3547.2340425531916
5965,Sarjapur,1575.0,3.0,55.0,3.0,3492.063492063492
5966,Sarjapur,920.0,2.0,33.0,2.0,3586.9565217391305
5967,Sarjapur,1445.0,3.0,50.0,3.0,3460.2076124567475
5968,Sarjapur,1150.0,2.0,41.0,2.0,3565.217391304348
5969,Sarjapur,1200.0,2.0,42.6,2.0,3550.0
5970,Sarjapur,1333.0,3.0,50.0,3.0,3750.9377344336085
5971,Sarjapur,1044.0,2.0,36.0,2.0,3448.2758620689656
5972,Sarjapur,950.0,2.0,35.0,2.0,3684.2105263157896
5973,Sarjapur,2172.0,3.0,100.0,3.0,4604.051565377532
5974,Sarjapur,633.0,1.0,17.09,1.0,2699.8420221169035
5975,Sarjapur,1500.0,5.0,95.0,3.0,6333.333333333333
5976,Sarjapur,1451.0,2.0,87.0,2.0,5995.864920744314
5977,Sarjapur,2400.0,3.0,140.0,4.0,5833.333333333333
5978,Sarjapur,1525.0,2.0,68.0,3.0,4459.016393442623
5979,Sarjapur,1095.0,2.0,45.0,2.0,4109.58904109589
5980,Sarjapur,1425.0,3.0,57.0,3.0,4000.0
5981,Sarjapur  Road,2497.0,3.0,140.0,3.0,5606.728073688426
5982,Sarjapur  Road,1787.0,3.0,98.29,3.0,5500.279798545048
5983,Sarjapur  Road,1787.0,3.0,125.0,3.0,6994.963626189144
5984,Sarjapur  Road,984.0,2.0,44.28,2.0,4500.0
5985,Sarjapur  Road,1035.0,2.0,49.2,2.0,4753.623188405797
5986,Sarjapur  Road,1863.0,3.0,104.0,4.0,5582.393988191089
5987,Sarjapur  Road,1000.0,2.0,67.0,2.0,6700.0
5988,Sarjapur  Road,1346.0,2.0,74.03,2.0,5500.0
5989,Sarjapur  Road,1195.0,2.0,70.0,2.0,5857.740585774059
5990,Sarjapur  Road,1550.0,3.0,100.0,3.0,6451.612903225807
5991,Sarjapur  Road,2100.0,3.0,125.0,3.0,5952.380952380952
5992,Sarjapur  Road,1210.0,2.0,58.0,2.0,4793.388429752066
5993,Sarjapur  Road,1691.0,3.0,113.0,3.0,6682.436428149024
5994,Sarjapur  Road,1278.0,2.0,95.0,2.0,7433.489827856025
5995,Sarjapur  Road,2238.0,3.0,140.0,3.0,6255.585344057194
5996,Sarjapur  Road,1800.0,3.0,110.0,3.0,6111.111111111111
5997,Sarjapur  Road,1115.0,2.0,50.0,2.0,4484.304932735426
5998,Sarjapur  Road,1346.0,2.0,61.92,2.0,4600.297176820208
5999,Sarjapur  Road,1984.0,4.0,146.0,3.0,7358.870967741936
6000,Sarjapur  Road,1035.0,2.0,45.0,2.0,4347.826086956522
6001,Sarjapur  Road,1128.0,2.0,59.0,2.0,5230.49645390071
6002,Sarjapur  Road,1495.0,2.0,64.0,3.0,4280.936454849499
6003,Sarjapur  Road,1700.0,3.0,110.0,3.0,6470.588235294118
6004,Sarjapur  Road,1157.0,2.0,75.0,3.0,6482.281763180639
6005,Sarjapur  Road,1282.0,2.0,72.0,2.0,5616.224648985959
6006,Sarjapur  Road,4111.0,4.0,310.0,4.0,7540.744344441741
6007,Sarjapur  Road,3900.0,4.0,300.0,4.0,7692.307692307692
6008,Sarjapur  Road,1300.0,2.0,60.0,2.0,4615.384615384615
6009,Sarjapur  Road,1000.0,2.0,40.0,2.0,4000.0
6010,Sarjapur  Road,1050.0,2.0,62.0,2.0,5904.761904761905
6011,Sarjapur  Road,1700.0,3.0,135.0,3.0,7941.176470588235
6012,Sarjapur  Road,1691.0,3.0,119.0,3.0,7037.25606150207
6013,Sarjapur  Road,1846.0,3.0,140.0,3.0,7583.965330444204
6014,Sarjapur  Road,1200.0,3.0,95.0,3.0,7916.666666666667
6015,Sarjapur  Road,1929.0,4.0,103.0,3.0,5339.554173146708
6016,Sarjapur  Road,1155.0,2.0,58.0,2.0,5021.645021645022
6017,Sarjapur  Road,1819.0,3.0,100.0,3.0,5497.526113249038
6018,Sarjapur  Road,1845.0,4.0,110.0,3.0,5962.059620596206
6019,Sarjapur  Road,1233.0,2.0,77.65,2.0,6297.6480129764805
6020,Sarjapur  Road,4395.0,4.0,242.0,4.0,5506.257110352673
6021,Sarjapur  Road,1220.0,3.0,56.0,3.0,4590.163934426229
6022,Sarjapur  Road,3750.0,6.0,290.0,4.0,7733.333333333333
6023,Sarjapur  Road,1428.0,2.0,66.0,3.0,4621.848739495798
6024,Sarjapur  Road,1680.0,3.0,112.0,3.0,6666.666666666667
6025,Sarjapur  Road,1255.0,2.0,92.0,2.0,7330.677290836654
6026,Sarjapur  Road,1220.0,3.0,58.0,3.0,4754.098360655737
6027,Sarjapur  Road,1311.0,2.0,78.0,2.0,5949.656750572082
6028,Sarjapur  Road,1220.0,3.0,56.0,3.0,4590.163934426229
6029,Sarjapur  Road,1157.0,2.0,75.0,3.0,6482.281763180639
6030,Sarjapur  Road,1145.0,2.0,75.0,2.0,6550.218340611354
6031,Sarjapur  Road,1300.0,2.0,70.0,3.0,5384.615384615385
6032,Sarjapur  Road,1390.0,2.0,62.0,2.0,4460.431654676259
6033,Sarjapur  Road,1725.0,3.0,90.0,3.0,5217.391304347826
6034,Sarjapur  Road,2180.0,3.0,170.0,3.0,7798.165137614679
6035,Sarjapur  Road,1084.0,2.0,55.0,2.0,5073.8007380073805
6036,Sarjapur  Road,1220.0,3.0,62.0,3.0,5081.9672131147545
6037,Sarjapur  Road,1750.0,3.0,110.0,3.0,6285.714285714285
6038,Sarjapur  Road,1888.0,4.0,95.0,3.0,5031.779661016949
6039,Sarjapur  Road,1300.0,3.0,60.0,3.0,4615.384615384615
6040,Sarjapur  Road,1200.0,3.0,70.0,3.0,5833.333333333333
6041,Sarjapur  Road,2600.0,3.0,200.0,3.0,7692.307692307692
6042,Sarjapur  Road,5965.0,5.0,385.0,5.0,6454.316848281643
6043,Sarjapur  Road,685.0,1.0,40.0,1.0,5839.41605839416
6044,Sarjapur  Road,915.0,2.0,38.0,2.0,4153.005464480874
6045,Sarjapur  Road,2720.0,5.0,210.0,3.0,7720.588235294118
6046,Sarjapur  Road,1241.0,2.0,82.0,2.0,6607.57453666398
6047,Sarjapur  Road,984.0,2.0,45.91,2.0,4665.650406504065
6048,Sarjapur  Road,1400.0,2.0,68.0,2.0,4857.142857142857
6049,Sarjapur  Road,3785.0,6.0,280.0,4.0,7397.622192866578
6050,Sarjapur  Road,835.0,1.0,46.95,1.0,5622.754491017964
6051,Sarjapur  Road,1280.0,2.0,76.0,2.0,5937.5
6052,Sarjapur  Road,1145.0,2.0,49.5,2.0,4323.144104803493
6053,Sarjapur  Road,1470.0,3.0,62.0,3.0,4217.687074829932
6054,Sarjapur  Road,1263.0,2.0,78.0,2.0,6175.771971496437
6055,Sarjapur  Road,1691.0,3.0,98.0,3.0,5795.38734476641
6056,Sarjapur  Road,1308.0,2.0,83.0,2.0,6345.565749235474
6057,Sarjapur  Road,1592.0,3.0,91.0,3.0,5716.08040201005
6058,Sarjapur  Road,1016.0,2.0,45.0,2.0,4429.133858267716
6059,Sarjapur  Road,1150.0,2.0,77.0,2.0,6695.652173913043
6060,Sarjapur  Road,1965.0,3.0,120.0,3.0,6106.8702290076335
6061,Sarjapur  Road,2275.0,4.0,180.0,3.0,7912.087912087912
6062,Sarjapur  Road,985.0,2.0,49.0,2.0,4974.619289340101
6063,Sarjapur  Road,1418.0,2.0,78.0,2.0,5500.705218617772
6064,Sarjapur  Road,1200.0,2.0,93.0,2.0,7750.0
6065,Sarjapur  Road,1586.0,3.0,70.0,3.0,4413.619167717528
6066,Sarjapur  Road,1260.0,2.0,53.0,2.0,4206.349206349207
6067,Sarjapur  Road,1115.0,2.0,60.0,2.0,5381.165919282511
6068,Sarjapur  Road,1525.0,2.0,87.0,3.0,5704.918032786885
6069,Sarjapur  Road,1346.0,2.0,71.32,2.0,5298.662704309063
6070,Sarjapur  Road,3905.0,7.0,290.0,5.0,7426.376440460947
6071,Sarjapur  Road,915.0,2.0,37.0,2.0,4043.7158469945357
6072,Sarjapur  Road,715.0,1.0,29.0,1.0,4055.944055944056
6073,Sarjapur  Road,1230.0,2.0,94.5,2.0,7682.926829268293
6074,Sarjapur  Road,1750.0,3.0,99.0,3.0,5657.142857142857
6075,Sarjapur  Road,1145.0,2.0,62.0,2.0,5414.847161572053
6076,Sarjapur  Road,1500.0,3.0,88.0,3.0,5866.666666666667
6077,Sarjapur  Road,1190.0,2.0,50.0,2.0,4201.680672268908
6078,Sarjapur  Road,1846.0,3.0,145.0,3.0,7854.821235102925
6079,Sarjapur  Road,1067.0,2.0,60.0,2.0,5623.242736644798
6080,Sarjapur  Road,3200.0,5.0,140.0,5.0,4375.0
6081,Sarjapur  Road,1700.0,3.0,95.0,3.0,5588.235294117647
6082,Sarjapur  Road,1230.0,2.0,65.0,2.0,5284.552845528456
6083,Sarjapur  Road,1939.0,3.0,98.0,3.0,5054.151624548736
6084,Sarjapur  Road,3785.0,5.0,280.0,4.0,7397.622192866578
6085,Sarjapur  Road,2556.0,3.0,169.0,3.0,6611.89358372457
6086,Sarjapur  Road,1278.0,2.0,90.0,2.0,7042.2535211267605
6087,Sarjapur  Road,984.0,2.0,45.91,2.0,4665.650406504065
6088,Sarjapur  Road,1305.0,2.0,99.0,2.0,7586.206896551724
6089,Sarjapur  Road,1755.0,3.0,122.0,3.0,6951.5669515669515
6090,Sarjapur  Road,1120.0,2.0,50.0,2.0,4464.285714285715
6091,Sarjapur  Road,1700.0,3.0,93.5,3.0,5500.0
6092,Sarjapur  Road,1403.0,3.0,56.0,3.0,3991.4468995010693
6093,Sarjapur  Road,1060.0,2.0,55.0,2.0,5188.679245283019
6094,Sarjapur  Road,1455.0,2.0,98.0,3.0,6735.395189003437
6095,Sarjapur  Road,1850.0,3.0,140.0,3.0,7567.5675675675675
6096,Sarjapur  Road,950.0,1.0,39.9,1.0,4200.0
6097,Sarjapur  Road,1826.0,3.0,130.0,3.0,7119.386637458927
6098,Sarjapur  Road,1115.0,2.0,50.0,2.0,4484.304932735426
6099,Sarjapur  Road,1220.0,3.0,58.0,3.0,4754.098360655737
6100,Sarjapur  Road,1660.0,2.0,116.0,3.0,6987.951807228916
6101,Sarjapur  Road,1700.0,3.0,108.0,3.0,6352.941176470588
6102,Sarjapur  Road,1539.0,3.0,85.0,3.0,5523.066926575699
6103,Sarjapur  Road,1489.0,2.0,82.0,3.0,5507.051712558764
6104,Sarjapur  Road,1550.0,2.0,69.75,3.0,4500.0
6105,Sarjapur  Road,1200.0,2.0,75.0,2.0,6250.0
6106,Sarjapur  Road,1115.0,2.0,50.0,2.0,4484.304932735426
6107,Sarjapur  Road,1308.0,2.0,58.86,2.0,4500.0
6108,Sarjapur  Road,920.0,2.0,40.0,2.0,4347.826086956522
6109,Sarjapur  Road,3044.0,3.0,183.0,3.0,6011.826544021025
6110,Sarjapur  Road,1163.0,2.0,62.0,3.0,5331.04041272571
6111,Sarjapur  Road,3004.0,4.0,158.0,3.0,5259.65379494008
6112,Sarjapur  Road,1877.0,4.0,150.0,3.0,7991.475759190197
6113,Sarjapur  Road,1115.0,2.0,50.0,2.0,4484.304932735426
6114,Sarjapur  Road,1229.0,2.0,70.0,2.0,5695.6875508543535
6115,Sarjapur  Road,1342.0,2.0,70.0,2.0,5216.095380029807
6116,Sarjapur  Road,1711.0,3.0,110.0,3.0,6428.988895382817
6117,Sarjapur  Road,1484.0,2.0,65.0,3.0,4380.053908355795
6118,Sarjapur  Road,1115.0,2.0,50.0,2.0,4484.304932735426
6119,Sarjapur  Road,1220.0,3.0,57.0,3.0,4672.131147540984
6120,Sarjapur  Road,1050.0,2.0,63.5,2.0,6047.619047619048
6121,Sarjapur  Road,1350.0,2.0,102.0,2.0,7555.555555555556
6122,Sarjapur  Road,2990.0,4.0,240.0,4.0,8026.755852842809
6123,Sarjapur  Road,1035.0,2.0,49.0,2.0,4734.299516908212
6124,Sarjapur  Road,1457.0,3.0,85.0,3.0,5833.905284831846
6125,Sarjapur  Road,1685.0,3.0,135.0,3.0,8011.86943620178
6126,Sarjapur  Road,1350.0,2.0,68.0,2.0,5037.037037037037
6127,Sarjapur  Road,1200.0,3.0,70.0,3.0,5833.333333333333
6128,Sarjapur  Road,1157.0,2.0,53.99,3.0,4666.3785652549695
6129,Sarjapur  Road,1700.0,3.0,79.9,3.0,4700.000000000001
6130,Sarjapur  Road,984.0,2.0,55.0,2.0,5589.430894308943
6131,Sarjapur  Road,1864.0,3.0,105.0,4.0,5633.0472103004295
6132,Sarjapur  Road,1157.0,2.0,57.84,3.0,4999.1356957649095
6133,Sarjapur  Road,1320.0,2.0,100.0,2.0,7575.757575757576
6134,Sarjapur  Road,1984.0,4.0,145.0,3.0,7308.467741935484
6135,Sarjapur  Road,1800.0,3.0,90.0,4.0,5000.0
6136,Sarjapur  Road,7800.0,6.0,385.0,5.0,4935.897435897436
6137,Sarjapur  Road,1550.0,2.0,89.0,3.0,5741.935483870968
6138,Sarjapur  Road,2425.0,5.0,201.0,4.0,8288.659793814433
6139,Sarjapur  Road,1691.0,3.0,113.0,3.0,6682.436428149024
6140,Sarjapur  Road,2070.0,4.0,160.0,3.0,7729.468599033817
6141,Sarjapur  Road,1220.0,3.0,56.0,3.0,4590.163934426229
6142,Sarjapur  Road,1435.0,3.0,90.0,3.0,6271.777003484321
6143,Sarjapur  Road,1194.0,2.0,51.0,2.0,4271.356783919598
6144,Sarjapur  Road,1262.0,2.0,67.0,2.0,5309.033280507131
6145,Sarjapur  Road,1693.0,3.0,125.0,3.0,7383.343177790904
6146,Sarjapur  Road,1826.0,3.0,125.0,3.0,6845.564074479737
6147,Sarjapur  Road,1660.0,3.0,116.0,3.0,6987.951807228916
6148,Sarjapur  Road,1060.0,2.0,50.0,2.0,4716.981132075472
6149,Sarjapur  Road,1830.0,3.0,119.0,3.0,6502.732240437159
6150,Sarjapur  Road,984.0,2.0,45.91,2.0,4665.650406504065
6151,Sarjapur  Road,1929.0,4.0,101.0,3.0,5235.873509590461
6152,Sarjapur  Road,1525.0,2.0,65.0,3.0,4262.295081967213
6153,Sarjapur  Road,2900.0,4.0,240.0,4.0,8275.862068965518
6154,Sarjapur  Road,1059.0,2.0,68.0,2.0,6421.152030217186
6155,Sarjapur  Road,1577.0,3.0,65.0,3.0,4121.750158528852
6156,Sarjapur  Road,1157.0,2.0,74.0,3.0,6395.851339671564
6157,Sarjapur  Road,1700.0,3.0,118.0,3.0,6941.176470588235
6158,Sarjapur  Road,1691.0,3.0,120.0,3.0,7096.392667060911
6159,Sarjapur  Road,1929.0,3.0,103.0,3.0,5339.554173146708
6160,Sarjapur  Road,1308.0,2.0,75.0,2.0,5733.94495412844
6161,Sarjapur  Road,1580.0,3.0,125.0,3.0,7911.392405063291
6162,Sarjapur  Road,1797.0,4.0,95.0,3.0,5286.588759042849
6163,Sarjapur  Road,1763.25,3.0,98.0,3.0,5557.918616191691
6164,Sarjapur  Road,1826.0,3.0,130.0,3.0,7119.386637458927
6165,Sarjapur  Road,1550.0,2.0,98.0,3.0,6322.580645161291
6166,Sarjapur  Road,1145.0,2.0,49.5,2.0,4323.144104803493
6167,Sarjapur  Road,1450.0,2.0,75.0,3.0,5172.413793103448
6168,Sarjapur  Road,1819.0,3.0,100.0,3.0,5497.526113249038
6169,Sarjapur  Road,984.0,2.0,59.0,2.0,5995.934959349594
6170,Sarjapur  Road,1489.0,3.0,88.0,3.0,5910.006715916723
6171,Sarjapur  Road,702.0,1.0,52.0,1.0,7407.407407407408
6172,Sarjapur  Road,1242.0,2.0,75.0,2.0,6038.647342995169
6173,Sarjapur  Road,2275.0,4.0,185.0,3.0,8131.868131868132
6174,Sarjapur  Road,2100.0,3.0,135.0,3.0,6428.571428571428
6175,Sarjapur  Road,1700.0,3.0,93.5,3.0,5500.0
6176,Sarjapur  Road,1862.0,4.0,110.0,3.0,5907.626208378088
6177,Sarjapur  Road,2275.0,4.0,175.0,3.0,7692.307692307692
6178,Sarjapur  Road,1787.0,3.0,116.0,3.0,6491.326245103525
6179,Sarjapur  Road,1691.0,3.0,93.01,3.0,5500.295683027794
6180,Sarjapur  Road,1028.0,2.0,56.0,2.0,5447.470817120623
6181,Sarjapur  Road,4395.0,4.0,242.0,4.0,5506.257110352673
6182,Sarjapur  Road,1181.0,2.0,65.0,3.0,5503.81033022862
6183,Sarjapur  Road,1691.0,3.0,100.0,3.0,5913.660555884092
6184,Sarjapur  Road,1026.0,2.0,60.55,2.0,5901.559454191033
6185,Sarjapur  Road,1350.0,2.0,85.0,2.0,6296.2962962962965
6186,Sarjapur  Road,1157.0,2.0,72.0,3.0,6222.990492653414
6187,Sarjapur  Road,1019.0,2.0,62.0,2.0,6084.396467124632
6188,Sarjapur  Road,3418.0,3.0,235.0,4.0,6875.365710942071
6189,Sarjapur  Road,691.0,1.0,31.1,1.0,4500.723589001447
6190,Sarjapur  Road,994.0,2.0,45.0,2.0,4527.162977867203
6191,Sarjapur  Road,3913.0,5.0,176.0,4.0,4497.827753641707
6192,Sarjapur  Road,1130.0,2.0,55.0,2.0,4867.256637168141
6193,Sarjapur  Road,1881.0,3.0,145.0,3.0,7708.665603402445
6194,Sarjapur  Road,2275.0,4.0,182.0,3.0,8000.0
6195,Sarjapur  Road,1525.0,2.0,65.0,3.0,4262.295081967213
6196,Sarjapur  Road,1346.0,2.0,67.38,2.0,5005.94353640416
6197,Sarjapur  Road,1881.0,3.0,145.0,3.0,7708.665603402445
6198,Sarjapur  Road,1045.0,2.0,42.15,2.0,4033.492822966507
6199,Sarjapur  Road,2880.0,3.0,211.0,4.0,7326.388888888889
6200,Sarjapur  Road,3418.0,2.0,222.0,4.0,6495.026331187829
6201,Sarjapur  Road,984.0,2.0,45.91,2.0,4665.650406504065
6202,Sarjapur  Road,675.0,1.0,27.0,1.0,4000.0
6203,Sarjapur  Road,1346.0,2.0,74.03,2.0,5500.0
6204,Sarjapur  Road,1691.0,3.0,119.0,3.0,7037.25606150207
6205,Sarjapur  Road,1335.0,2.0,95.0,2.0,7116.104868913858
6206,Sarjapur  Road,1525.0,2.0,63.0,3.0,4131.147540983607
6207,Sarjapur  Road,1680.0,3.0,126.0,3.0,7500.0
6208,Sarjapur  Road,1222.0,2.0,68.0,3.0,5564.648117839607
6209,Sarjapur  Road,3420.0,4.0,225.0,4.0,6578.9473684210525
6210,Sarjapur  Road,1510.0,2.0,110.0,3.0,7284.76821192053
6211,Sarjapur  Road,1242.0,2.0,78.0,2.0,6280.193236714976
6212,Sarjapur  Road,1665.0,3.0,74.93,3.0,4500.3003003003005
6213,Sarjapur  Road,1129.0,2.0,69.0,2.0,6111.603188662533
6214,Sarjapur  Road,1850.0,3.0,140.0,3.0,7567.5675675675675
6215,Sarjapur  Road,1113.0,2.0,44.5,2.0,3998.2030548068283
6216,Sarjapur  Road,1879.0,3.0,155.0,3.0,8249.068653539116
6217,Sarjapur  Road,1157.0,2.0,75.0,3.0,6482.281763180639
6218,Sarjapur  Road,2425.0,5.0,175.0,4.0,7216.494845360825
6219,Sarjapur  Road,1323.0,2.0,74.0,2.0,5593.348450491308
6220,Sarjapur  Road,2289.0,3.0,178.0,3.0,7776.321537789428
6221,Sarjapur  Road,1505.0,2.0,60.0,3.0,3986.7109634551493
6222,Sarjapur  Road,1314.0,2.0,70.44,3.0,5360.730593607306
6223,Sarjapur  Road,2100.0,3.0,130.0,3.0,6190.476190476191
6224,Sarjapur  Road,702.0,1.0,35.8,1.0,5099.715099715099
6225,Sarjapur  Road,1320.0,2.0,110.0,2.0,8333.333333333334
6226,Sarjapur  Road,1115.0,2.0,50.0,2.0,4484.304932735426
6227,Sarjapur  Road,1800.0,3.0,128.0,3.0,7111.111111111111
6228,Sarjapur  Road,2275.0,4.0,187.0,3.0,8219.78021978022
6229,Sarjapur  Road,1270.0,2.0,54.0,3.0,4251.968503937008
6230,Sarjapur  Road,1026.0,2.0,60.8,2.0,5925.925925925926
6231,Sarjapur  Road,1025.0,2.0,45.5,2.0,4439.024390243902
6232,Sarjapur  Road,1216.0,2.0,70.0,2.0,5756.578947368421
6233,Sarjapur  Road,1112.0,2.0,62.0,2.0,5575.5395683453235
6234,Sarjapur  Road,1273.0,2.0,60.0,2.0,4713.275726630008
6235,Sarjapur  Road,1157.0,2.0,69.0,3.0,5963.699222126188
6236,Sarjapur  Road,1000.0,2.0,40.0,2.0,4000.0
6237,Sarjapur  Road,1026.0,2.0,60.8,2.0,5925.925925925926
6238,Sarjapur  Road,1150.0,2.0,48.5,2.0,4217.391304347826
6239,Sarjapur  Road,1600.0,3.0,120.0,3.0,7500.0
6240,Sarjapur  Road,1370.0,2.0,70.0,2.0,5109.489051094891
6241,Sarjapur  Road,1346.0,2.0,74.03,2.0,5500.0
6242,Sarjapur  Road,475.0,1.0,26.0,1.0,5473.684210526316
6243,Sarjapur  Road,1197.0,2.0,56.86,2.0,4750.208855472013
6244,Sarjapur  Road,3040.0,4.0,135.0,4.0,4440.789473684211
6245,Sarjapur  Road,1660.0,2.0,116.0,3.0,6987.951807228916
6246,Sarjapur  Road,1194.0,2.0,57.0,2.0,4773.869346733668
6247,Sarjapur  Road,984.0,2.0,45.75,2.0,4649.390243902439
6248,Sarjapur  Road,1346.0,2.0,69.61,2.0,5171.619613670134
6249,Sarjapur  Road,2089.0,3.0,148.0,3.0,7084.729535662997
6250,Sarjapur  Road,1612.0,3.0,98.38,3.0,6102.977667493797
6251,Sarjapur  Road,1290.0,2.0,88.0,2.0,6821.705426356589
6252,Sarjapur  Road,1371.0,2.0,86.0,2.0,6272.793581327498
6253,Sarjapur  Road,2140.0,3.0,139.0,3.0,6495.327102803738
6254,Sarjapur  Road,1044.0,2.0,55.0,2.0,5268.199233716475
6255,Sarjapur  Road,1600.0,3.0,85.0,3.0,5312.5
6256,Sarjapur  Road,2180.0,4.0,180.0,3.0,8256.880733944954
6257,Sarjapur  Road,1691.0,3.0,119.0,3.0,7037.25606150207
6258,Sarjapur  Road,2206.0,4.0,180.0,3.0,8159.564823209429
6259,Sarjapur  Road,1309.0,2.0,69.5,2.0,5309.396485867074
6260,Sarjapur  Road,1691.0,3.0,100.0,3.0,5913.660555884092
6261,Sarjapur  Road,1367.0,2.0,80.0,2.0,5852.231163130944
6262,Sarjapur  Road,1565.0,3.0,78.0,3.0,4984.025559105431
6263,Sarjapur  Road,4395.0,4.0,242.0,4.0,5506.257110352673
6264,Sarjapur  Road,1984.0,4.0,148.0,3.0,7459.677419354839
6265,Sarjapur  Road,1035.0,2.0,47.0,2.0,4541.062801932367
6266,Sarjapur  Road,1346.0,2.0,74.03,2.0,5500.0
6267,Sarjapur  Road,1115.0,2.0,50.0,2.0,4484.304932735426
6268,Sarjapur  Road,1112.0,2.0,58.0,2.0,5215.827338129497
6269,Sarjapur  Road,1340.0,2.0,75.0,2.0,5597.014925373134
6270,Sarjapur  Road,3500.0,3.0,275.0,3.0,7857.142857142857
6271,Sarjapur  Road,1850.0,3.0,89.0,3.0,4810.810810810811
6272,Sarjapur  Road,1132.0,2.0,70.0,2.0,6183.745583038869
6273,Sarjapur  Road,1380.0,2.0,55.0,3.0,3985.5072463768115
6274,Sarjapur  Road,2425.0,5.0,195.0,4.0,8041.237113402062
6275,Sarjapura - Attibele Road,1330.0,2.0,48.0,3.0,3609.0225563909776
6276,Sarjapura - Attibele Road,1329.0,2.0,45.95,3.0,3457.486832204665
6277,Sarjapura - Attibele Road,829.0,2.0,22.8,2.0,2750.301568154403
6278,Sarjapura - Attibele Road,2400.0,3.0,85.0,3.0,3541.6666666666665
6279,Sarjapura - Attibele Road,1033.0,2.0,28.41,2.0,2750.242013552759
6280,Sarjapura - Attibele Road,1676.0,3.0,52.0,3.0,3102.6252983293557
6281,Sarjapura - Attibele Road,1800.0,3.0,90.0,3.0,5000.0
6282,Sarjapura - Attibele Road,1308.0,2.0,37.0,2.0,2828.7461773700306
6283,Sarjapura - Attibele Road,1073.0,2.0,31.77,2.0,2960.857409133271
6284,Sarjapura - Attibele Road,1330.0,2.0,49.0,3.0,3684.2105263157896
6285,Sarjapura - Attibele Road,1090.0,2.0,37.0,2.0,3394.4954128440368
6286,Sarjapura - Attibele Road,1126.0,2.0,36.0,2.0,3197.158081705151
6287,Sarjapura - Attibele Road,740.0,1.0,23.65,1.0,3195.945945945946
6288,Sarjapura - Attibele Road,1555.0,3.0,52.0,3.0,3344.051446945338
6289,Sector 2 HSR Layout,1296.0,2.0,75.0,2.0,5787.037037037037
6290,Sector 2 HSR Layout,794.0,1.0,60.0,1.0,7556.675062972292
6291,Sector 2 HSR Layout,1143.0,2.0,65.0,2.0,5686.789151356081
6292,Sector 2 HSR Layout,1665.0,3.0,110.0,3.0,6606.606606606607
6293,Sector 2 HSR Layout,1512.0,3.0,80.0,3.0,5291.005291005291
6294,Sector 2 HSR Layout,1332.0,2.0,101.0,2.0,7582.582582582582
6295,Sector 2 HSR Layout,1600.0,3.0,90.0,3.0,5625.0
6296,Sector 2 HSR Layout,1231.0,2.0,66.0,2.0,5361.494719740049
6297,Sector 7 HSR Layout,3000.0,5.0,275.0,4.0,9166.666666666666
6298,Sector 7 HSR Layout,1163.0,2.0,98.86,2.0,8500.42992261393
6299,Sector 7 HSR Layout,1760.0,3.0,145.0,3.0,8238.636363636364
6300,Sector 7 HSR Layout,3900.0,3.0,300.0,3.0,7692.307692307692
6301,Sector 7 HSR Layout,1163.0,2.0,98.86,2.0,8500.42992261393
6302,Sector 7 HSR Layout,1342.0,2.0,115.0,2.0,8569.29955290611
6303,Sector 7 HSR Layout,1760.0,3.0,160.0,3.0,9090.90909090909
6304,Sector 7 HSR Layout,1760.0,3.0,142.0,3.0,8068.181818181818
6305,Sector 7 HSR Layout,2400.0,2.0,195.0,3.0,8125.0
6306,Sector 7 HSR Layout,1760.0,3.0,185.0,3.0,10511.363636363636
6307,Sector 7 HSR Layout,1162.0,2.0,98.77,2.0,8500.0
6308,Seegehalli,901.0,2.0,35.14,2.0,3900.110987791343
6309,Seegehalli,1150.0,2.0,42.9,3.0,3730.4347826086955
6310,Seegehalli,800.0,1.0,50.0,2.0,6250.0
6311,Seegehalli,1525.0,3.0,65.0,3.0,4262.295081967213
6312,Seegehalli,1118.0,2.0,37.5,2.0,3354.2039355992843
6313,Seegehalli,1200.0,2.0,62.0,3.0,5166.666666666667
6314,Seegehalli,1155.0,2.0,72.0,2.0,6233.766233766234
6315,Seegehalli,1830.0,4.0,82.0,3.0,4480.87431693989
6316,Seegehalli,4000.0,3.0,235.0,3.0,5875.0
6317,Seegehalli,3000.0,5.0,150.0,4.0,5000.0
6318,Seegehalli,2800.0,4.0,140.0,4.0,5000.0
6319,Seegehalli,1096.0,2.0,41.0,2.0,3740.875912408759
6320,Seegehalli,1420.0,2.0,46.0,3.0,3239.43661971831
6321,Seegehalli,920.0,2.0,27.0,2.0,2934.782608695652
6322,Seegehalli,1553.0,3.0,68.0,3.0,4378.62202189311
6323,Seegehalli,1639.0,3.0,120.0,3.0,7321.537522879805
6324,Seegehalli,3000.0,4.0,235.0,3.0,7833.333333333333
6325,Seegehalli,1134.0,2.0,45.0,2.0,3968.253968253968
6326,Seegehalli,1683.0,3.0,80.0,3.0,4753.416518122401
6327,Seegehalli,1176.0,2.0,50.0,2.0,4251.700680272109
6328,Seegehalli,3000.0,4.0,240.0,3.0,8000.0
6329,Shampura,2650.0,4.0,150.0,4.0,5660.377358490566
6330,Shampura,1200.0,2.0,53.0,2.0,4416.666666666667
6331,Shampura,700.0,1.0,35.0,2.0,5000.0
6332,Shampura,1400.0,3.0,70.0,3.0,5000.0
6333,Shampura,1475.0,3.0,78.0,3.0,5288.135593220339
6334,Shampura,1700.0,3.0,75.0,3.0,4411.764705882353
6335,Shivaji Nagar,850.0,2.0,55.0,2.0,6470.588235294118
6336,Shivaji Nagar,1554.0,3.0,130.0,2.0,8365.508365508365
6337,Shivaji Nagar,3820.0,1.0,306.0,1.0,8010.471204188481
6338,Shivaji Nagar,703.0,2.0,49.5,2.0,7041.251778093883
6339,Shivaji Nagar,1460.0,2.0,90.0,3.0,6164.3835616438355
6340,Shivaji Nagar,600.0,1.0,65.0,2.0,10833.333333333334
6341,Singasandra,1440.0,2.0,65.0,3.0,4513.888888888889
6342,Singasandra,1030.0,2.0,55.0,2.0,5339.805825242718
6343,Singasandra,3850.0,6.0,195.0,4.0,5064.935064935065
6344,Singasandra,1100.0,2.0,52.0,2.0,4727.272727272727
6345,Singasandra,1306.0,2.0,58.0,3.0,4441.04134762634
6346,Singasandra,1300.0,2.0,65.0,2.0,5000.0
6347,Singasandra,3126.0,4.0,120.0,4.0,3838.7715930902114
6348,Singasandra,1464.0,3.0,56.0,3.0,3825.136612021858
6349,Singasandra,1010.0,2.0,40.0,2.0,3960.3960396039606
6350,Singasandra,1375.0,2.0,58.0,2.0,4218.181818181818
6351,Singasandra,1120.0,2.0,60.0,2.0,5357.142857142857
6352,Singasandra,1510.0,3.0,75.0,3.0,4966.887417218543
6353,Singasandra,1179.0,2.0,56.0,2.0,4749.787955894826
6354,Singasandra,1416.0,2.0,67.0,2.0,4731.6384180790965
6355,Singasandra,1476.0,2.0,73.0,3.0,4945.79945799458
6356,Singasandra,1139.7,2.0,45.0,2.0,3948.407475651487
6357,Singasandra,1465.0,2.0,60.0,2.0,4095.563139931741
6358,Singasandra,1464.0,3.0,56.0,3.0,3825.136612021858
6359,Singasandra,1653.0,3.0,85.0,3.0,5142.165759225651
6360,Somasundara Palya,1255.0,2.0,67.0,2.0,5338.645418326693
6361,Somasundara Palya,1448.0,2.0,68.0,2.0,4696.132596685083
6362,Somasundara Palya,1570.0,3.0,68.0,3.0,4331.210191082802
6363,Somasundara Palya,1178.0,2.0,73.0,2.0,6196.9439728353145
6364,Somasundara Palya,1260.0,2.0,60.0,2.0,4761.9047619047615
6365,Somasundara Palya,1033.0,2.0,48.0,2.0,4646.660212971927
6366,Somasundara Palya,1329.0,2.0,70.0,2.0,5267.11813393529
6367,Somasundara Palya,2372.0,3.0,140.0,3.0,5902.192242833053
6368,Somasundara Palya,1185.0,2.0,70.0,2.0,5907.172995780591
6369,Somasundara Palya,1575.0,3.0,68.0,3.0,4317.460317460317
6370,Somasundara Palya,1600.0,3.0,68.0,3.0,4250.0
6371,Somasundara Palya,1600.0,3.0,69.0,3.0,4312.5
6372,Somasundara Palya,2400.0,3.0,140.0,4.0,5833.333333333333
6373,Somasundara Palya,1650.0,3.0,95.0,3.0,5757.575757575758
6374,Somasundara Palya,1186.0,2.0,72.0,2.0,6070.826306913997
6375,Somasundara Palya,1600.0,3.0,69.0,3.0,4312.5
6376,Sompura,825.0,2.0,33.0,2.0,4000.0
6377,Sompura,1025.0,2.0,37.0,3.0,3609.756097560976
6378,Sompura,1020.0,2.0,41.0,2.0,4019.607843137255
6379,Sompura,1126.0,2.0,39.0,2.0,3463.587921847247
6380,Sompura,825.0,2.0,32.0,2.0,3878.787878787879
6381,Sompura,1360.0,2.0,45.0,3.0,3308.823529411765
6382,Sompura,1350.0,2.0,47.0,3.0,3481.4814814814813
6383,Sompura,2150.0,3.0,85.0,4.0,3953.4883720930234
6384,Sonnenahalli,1415.0,2.0,55.0,3.0,3886.9257950530036
6385,Sonnenahalli,896.0,2.0,43.75,2.0,4882.8125
6386,Sonnenahalli,1120.0,2.0,43.0,2.0,3839.285714285714
6387,Sonnenahalli,1100.0,2.0,44.0,2.0,4000.0
6388,Sonnenahalli,1011.0,2.0,50.53,2.0,4998.021760633037
6389,Sonnenahalli,1484.0,3.0,74.18,3.0,4998.652291105122
6390,Sonnenahalli,1610.0,3.0,80.48,3.0,4998.757763975155
6391,Sonnenahalli,1415.0,2.0,65.0,3.0,4593.639575971732
6392,Sonnenahalli,1268.0,2.0,58.0,2.0,4574.132492113565
6393,Sonnenahalli,1268.0,2.0,56.0,2.0,4416.403785488959
6394,Sonnenahalli,605.0,1.0,30.24,1.0,4998.347107438017
6395,Sonnenahalli,1484.0,3.0,75.0,3.0,5053.908355795148
6396,Subramanyapura,929.0,2.0,50.17,2.0,5400.4305705059205
6397,Subramanyapura,1200.0,2.0,52.0,2.0,4333.333333333333
6398,Subramanyapura,975.0,2.0,58.0,2.0,5948.717948717948
6399,Subramanyapura,1277.0,2.0,55.0,2.0,4306.969459671104
6400,Subramanyapura,985.0,2.0,58.0,2.0,5888.324873096447
6401,Subramanyapura,1245.0,2.0,68.0,3.0,5461.847389558233
6402,Subramanyapura,1313.0,2.0,73.0,2.0,5559.786747905559
6403,Subramanyapura,1313.0,2.0,66.5,2.0,5064.737242955065
6404,Subramanyapura,1255.0,2.0,79.0,3.0,6294.820717131474
6405,Subramanyapura,1330.0,3.0,72.0,3.0,5413.533834586467
6406,Subramanyapura,929.0,2.0,48.0,2.0,5166.846071044133
6407,Subramanyapura,950.0,2.0,55.0,2.0,5789.473684210527
6408,Subramanyapura,929.0,2.0,56.0,2.0,6027.9870828848225
6409,Subramanyapura,1800.0,3.0,90.0,3.0,5000.0
6410,Subramanyapura,1260.0,2.0,76.0,3.0,6031.746031746032
6411,Subramanyapura,1278.0,2.0,59.0,3.0,4616.588419405321
6412,Subramanyapura,960.0,2.0,55.0,2.0,5729.166666666667
6413,Subramanyapura,1260.0,2.0,73.0,3.0,5793.650793650793
6414,Subramanyapura,1278.0,3.0,62.71,3.0,4906.885758998435
6415,Subramanyapura,1278.0,3.0,70.0,3.0,5477.308294209703
6416,Subramanyapura,929.0,2.0,49.0,2.0,5274.48869752422
6417,Subramanyapura,1260.0,2.0,75.0,3.0,5952.380952380952
6418,Subramanyapura,1000.0,2.0,45.0,2.0,4500.0
6419,Subramanyapura,2495.0,3.0,130.0,3.0,5210.420841683367
6420,Subramanyapura,929.0,1.0,51.0,2.0,5489.773950484392
6421,Subramanyapura,1880.0,3.0,110.0,3.0,5851.063829787234
6422,Subramanyapura,1800.0,3.0,80.0,3.0,4444.444444444444
6423,Sultan Palaya,1700.0,3.0,120.0,3.0,7058.823529411765
6424,Sultan Palaya,1100.0,2.0,45.0,2.0,4090.909090909091
6425,Sultan Palaya,900.0,2.0,45.0,2.0,5000.0
6426,Sultan Palaya,870.0,2.0,65.0,2.0,7471.264367816092
6427,Sultan Palaya,1765.0,3.0,80.0,3.0,4532.57790368272
6428,Sultan Palaya,1713.0,3.0,125.0,3.0,7297.139521307648
6429,Sultan Palaya,1009.0,2.0,65.0,2.0,6442.021803766105
6430,Sultan Palaya,5000.0,5.0,325.0,4.0,6500.0
6431,Sultan Palaya,1070.0,2.0,49.0,2.0,4579.439252336449
6432,TC Palaya,1475.0,3.0,98.0,3.0,6644.067796610169
6433,TC Palaya,1200.0,2.0,60.0,2.0,5000.0
6434,TC Palaya,1200.0,2.0,66.0,3.0,5500.0
6435,TC Palaya,1600.0,2.0,65.0,3.0,4062.5
6436,TC Palaya,1200.0,3.0,66.0,3.0,5500.0
6437,TC Palaya,1350.0,2.0,75.0,3.0,5555.555555555556
6438,TC Palaya,1240.0,2.0,60.0,2.0,4838.709677419355
6439,TC Palaya,1500.0,2.0,100.0,3.0,6666.666666666667
6440,TC Palaya,1200.0,2.0,65.0,2.0,5416.666666666667
6441,TC Palaya,1200.0,2.0,70.0,2.0,5833.333333333333
6442,TC Palaya,900.0,2.0,55.0,2.0,6111.111111111111
6443,TC Palaya,1200.0,2.0,66.0,3.0,5500.0
6444,TC Palaya,1200.0,2.0,66.5,3.0,5541.666666666667
6445,TC Palaya,4800.0,3.0,302.0,4.0,6291.666666666667
6446,TC Palaya,1000.0,2.0,64.0,2.0,6400.0
6447,TC Palaya,1100.0,3.0,50.0,3.0,4545.454545454545
6448,TC Palaya,900.0,2.0,55.0,2.0,6111.111111111111
6449,TC Palaya,1200.0,2.0,66.0,2.0,5500.0
6450,TC Palaya,1200.0,2.0,66.0,3.0,5500.0
6451,TC Palaya,1200.0,2.0,66.5,3.0,5541.666666666667
6452,TC Palaya,900.0,2.0,55.0,2.0,6111.111111111111
6453,TC Palaya,1200.0,2.0,66.0,3.0,5500.0
6454,TC Palaya,900.0,2.0,55.0,2.0,6111.111111111111
6455,TC Palaya,1500.0,3.0,83.0,3.0,5533.333333333333
6456,TC Palaya,1350.0,3.0,60.0,3.0,4444.444444444444
6457,TC Palaya,1200.0,2.0,65.0,2.0,5416.666666666667
6458,TC Palaya,1500.0,2.0,75.0,2.0,5000.0
6459,TC Palaya,1200.0,2.0,66.0,3.0,5500.0
6460,TC Palaya,1000.0,2.0,70.0,2.0,7000.0
6461,TC Palaya,1100.0,2.0,65.0,2.0,5909.090909090909
6462,TC Palaya,1200.0,3.0,66.0,3.0,5500.0
6463,TC Palaya,1200.0,2.0,66.0,3.0,5500.0
6464,TC Palaya,1200.0,2.0,66.0,3.0,5500.0
6465,TC Palaya,1800.0,2.0,80.0,2.0,4444.444444444444
6466,TC Palaya,1200.0,2.0,66.0,3.0,5500.0
6467,TC Palaya,1200.0,2.0,70.0,2.0,5833.333333333333
6468,TC Palaya,1350.0,1.0,55.0,1.0,4074.074074074074
6469,TC Palaya,900.0,2.0,55.0,2.0,6111.111111111111
6470,TC Palaya,900.0,2.0,55.0,2.0,6111.111111111111
6471,TC Palaya,1082.0,2.0,64.0,2.0,5914.972273567468
6472,TC Palaya,1995.0,3.0,100.0,3.0,5012.5313283208025
6473,TC Palaya,1200.0,2.0,66.0,3.0,5500.0
6474,TC Palaya,1200.0,2.0,66.0,3.0,5500.0
6475,TC Palaya,1152.0,2.0,55.0,2.0,4774.305555555556
6476,TC Palaya,1200.0,2.0,66.0,3.0,5500.0
6477,TC Palaya,1200.0,2.0,66.0,3.0,5500.0
6478,TC Palaya,1200.0,2.0,66.0,3.0,5500.0
6479,Talaghattapura,1868.0,3.0,131.0,3.0,7012.847965738758
6480,Talaghattapura,2106.0,3.0,126.0,3.0,5982.9059829059825
6481,Talaghattapura,1868.0,3.0,121.0,3.0,6477.516059957174
6482,Talaghattapura,2106.0,3.0,126.0,3.0,5982.9059829059825
6483,Talaghattapura,1868.0,3.0,135.0,3.0,7226.980728051391
6484,Talaghattapura,1856.0,3.0,135.0,3.0,7273.706896551724
6485,Talaghattapura,1868.0,3.0,120.0,3.0,6423.982869379015
6486,Talaghattapura,1804.0,3.0,115.0,3.0,6374.7228381374725
6487,Talaghattapura,1856.0,3.0,135.0,3.0,7273.706896551724
6488,Talaghattapura,2254.0,3.0,153.0,3.0,6787.93256433008
6489,Talaghattapura,2106.0,3.0,148.0,3.0,7027.540360873694
6490,Talaghattapura,1856.0,3.0,135.0,3.0,7273.706896551724
6491,Talaghattapura,2273.0,3.0,159.0,3.0,6995.160580730312
6492,Talaghattapura,2099.0,3.0,147.0,3.0,7003.334921391139
6493,Talaghattapura,1100.0,2.0,50.0,2.0,4545.454545454545
6494,Talaghattapura,1100.0,2.0,49.49,2.0,4499.090909090909
6495,Talaghattapura,1575.0,3.0,80.0,3.0,5079.3650793650795
6496,Talaghattapura,2273.0,3.0,145.0,3.0,6379.234491860977
6497,Talaghattapura,1175.0,2.0,62.0,2.0,5276.595744680851
6498,Talaghattapura,1804.0,3.0,127.0,3.0,7039.911308203991
6499,Talaghattapura,1062.0,2.0,42.48,2.0,4000.0
6500,Talaghattapura,1800.0,3.0,84.0,3.0,4666.666666666667
6501,Talaghattapura,2265.0,3.0,159.0,3.0,7019.867549668874
6502,Talaghattapura,2099.0,3.0,134.0,3.0,6383.992377322535
6503,Thanisandra,510.0,1.0,25.25,1.0,4950.980392156863
6504,Thanisandra,1296.0,2.0,80.0,2.0,6172.83950617284
6505,Thanisandra,1436.0,3.0,74.75,3.0,5205.431754874652
6506,Thanisandra,2144.0,3.0,145.0,3.0,6763.059701492537
6507,Thanisandra,1075.0,2.0,45.8,2.0,4260.46511627907
6508,Thanisandra,445.0,1.0,28.0,1.0,6292.134831460674
6509,Thanisandra,1296.0,2.0,83.0,2.0,6404.320987654321
6510,Thanisandra,1825.0,3.0,100.0,3.0,5479.45205479452
6511,Thanisandra,2144.0,3.0,135.0,3.0,6296.641791044776
6512,Thanisandra,1240.0,2.0,62.0,3.0,5000.0
6513,Thanisandra,1093.0,2.0,70.0,2.0,6404.391582799634
6514,Thanisandra,1265.0,2.0,79.0,3.0,6245.059288537549
6515,Thanisandra,1651.0,3.0,97.38,3.0,5898.24348879467
6516,Thanisandra,1265.0,2.0,85.0,2.0,6719.367588932806
6517,Thanisandra,510.0,1.0,25.25,1.0,4950.980392156863
6518,Thanisandra,1564.0,3.0,101.0,3.0,6457.800511508952
6519,Thanisandra,1183.0,2.0,58.56,2.0,4950.126796280642
6520,Thanisandra,1847.0,3.0,123.0,3.0,6659.447753113156
6521,Thanisandra,1800.0,3.0,90.0,3.0,5000.0
6522,Thanisandra,1697.0,3.0,114.0,3.0,6717.737183264585
6523,Thanisandra,1050.0,2.0,45.0,2.0,4285.714285714285
6524,Thanisandra,3500.0,5.0,160.0,6.0,4571.428571428572
6525,Thanisandra,1573.0,3.0,95.0,3.0,6039.4151303242215
6526,Thanisandra,1917.0,3.0,122.0,3.0,6364.110589462703
6527,Thanisandra,693.0,1.0,34.3,1.0,4949.494949494949
6528,Thanisandra,1098.0,2.0,68.0,2.0,6193.078324225865
6529,Thanisandra,760.0,1.0,50.3,1.0,6618.421052631579
6530,Thanisandra,1111.0,2.0,50.0,2.0,4500.450045004501
6531,Thanisandra,2002.0,3.0,112.0,3.0,5594.4055944055945
6532,Thanisandra,1634.0,3.0,78.0,3.0,4773.561811505508
6533,Thanisandra,2000.0,3.0,99.0,3.0,4950.0
6534,Thanisandra,1050.0,2.0,46.0,2.0,4380.952380952381
6535,Thanisandra,1588.0,3.0,75.55,3.0,4757.556675062972
6536,Thanisandra,1697.0,3.0,115.0,3.0,6776.664702416028
6537,Thanisandra,1380.0,1.0,62.1,1.0,4500.0
6538,Thanisandra,923.0,1.0,60.84,1.0,6591.549295774648
6539,Thanisandra,1743.0,3.0,93.25,3.0,5349.971313826735
6540,Thanisandra,923.0,1.0,45.69,1.0,4950.162513542795
6541,Thanisandra,1183.0,2.0,59.74,2.0,5049.873203719358
6542,Thanisandra,1296.0,2.0,72.0,2.0,5555.555555555556
6543,Thanisandra,1020.0,2.0,44.5,2.0,4362.745098039216
6544,Thanisandra,1874.0,4.0,130.0,3.0,6937.033084311633
6545,Thanisandra,1698.0,3.0,102.0,3.0,6007.067137809187
6546,Thanisandra,1411.0,3.0,93.04,3.0,6593.905031892275
6547,Thanisandra,1996.0,3.0,135.0,3.0,6763.527054108216
6548,Thanisandra,1801.0,3.0,115.0,3.0,6385.341476957246
6549,Thanisandra,1265.0,2.0,82.0,2.0,6482.213438735178
6550,Thanisandra,1100.0,2.0,48.0,2.0,4363.636363636364
6551,Thanisandra,1917.0,4.0,113.0,3.0,5894.627021387585
6552,Thanisandra,662.0,1.0,42.0,1.0,6344.410876132931
6553,Thanisandra,2100.0,4.0,95.0,4.0,4523.809523809524
6554,Thanisandra,1948.0,3.0,130.0,3.0,6673.511293634497
6555,Thanisandra,1922.0,3.0,106.0,3.0,5515.088449531738
6556,Thanisandra,965.0,2.0,67.0,2.0,6943.00518134715
6557,Thanisandra,1098.0,2.0,74.0,2.0,6739.526411657559
6558,Thanisandra,1437.0,2.0,71.13,2.0,4949.895615866389
6559,Thanisandra,1564.0,3.0,104.0,3.0,6649.616368286445
6560,Thanisandra,1241.0,2.0,61.0,3.0,4915.390813859791
6561,Thanisandra,1200.0,2.0,65.0,3.0,5416.666666666667
6562,Thanisandra,1732.0,3.0,85.73,3.0,4949.769053117783
6563,Thanisandra,1917.0,4.0,100.0,3.0,5216.484089723526
6564,Thanisandra,1250.0,1.0,54.0,2.0,4320.0
6565,Thanisandra,2127.0,3.0,135.0,3.0,6346.967559943582
6566,Thanisandra,1276.0,2.0,75.0,2.0,5877.742946708464
6567,Thanisandra,693.0,1.0,34.3,1.0,4949.494949494949
6568,Thanisandra,2259.0,5.0,135.0,4.0,5976.095617529881
6569,Thanisandra,1265.0,2.0,78.0,2.0,6166.00790513834
6570,Thanisandra,1732.0,3.0,85.73,3.0,4949.769053117783
6571,Thanisandra,934.0,2.0,55.0,2.0,5888.650963597431
6572,Thanisandra,1056.0,2.0,68.0,2.0,6439.393939393939
6573,Thanisandra,1595.0,3.0,110.0,3.0,6896.551724137931
6574,Thanisandra,1411.0,3.0,93.15,3.0,6601.700921332388
6575,Thanisandra,1093.0,2.0,68.1,2.0,6230.558096980786
6576,Thanisandra,1370.0,2.0,61.0,3.0,4452.554744525547
6577,Thanisandra,1093.0,2.0,72.0,2.0,6587.374199451052
6578,Thanisandra,1200.0,2.0,53.5,2.0,4458.333333333333
6579,Thanisandra,1698.0,3.0,107.0,3.0,6301.531213191991
6580,Thanisandra,1564.0,3.0,105.0,3.0,6713.5549872122765
6581,Thanisandra,1265.0,2.0,83.0,2.0,6561.264822134387
6582,Thanisandra,965.0,2.0,56.0,2.0,5803.108808290155
6583,Thanisandra,1546.0,3.0,95.0,3.0,6144.890038809832
6584,Thanisandra,1697.0,3.0,110.0,3.0,6482.027106658809
6585,Thanisandra,1492.0,3.0,88.0,3.0,5898.123324396783
6586,Thanisandra,2072.0,3.0,122.0,3.0,5888.030888030888
6587,Thanisandra,1880.0,3.0,120.0,3.0,6382.978723404255
6588,Thanisandra,760.0,1.0,50.0,1.0,6578.9473684210525
6589,Thanisandra,1200.0,2.0,60.0,2.0,5000.0
6590,Thanisandra,1800.0,4.0,125.0,3.0,6944.444444444444
6591,Thanisandra,933.0,2.0,58.0,1.0,6216.505894962486
6592,Thanisandra,1917.0,3.0,110.0,3.0,5738.132498695879
6593,Thanisandra,1996.0,4.0,123.0,3.0,6162.324649298597
6594,Thanisandra,1183.0,2.0,77.25,2.0,6530.0084530853765
6595,Thanisandra,1491.0,3.0,88.0,3.0,5902.079141515761
6596,Thanisandra,1881.0,3.0,95.0,3.0,5050.50505050505
6597,Thanisandra,662.0,1.0,29.0,1.0,4380.664652567976
6598,Thanisandra,1183.0,2.0,58.56,2.0,4950.126796280642
6599,Thanisandra,1564.0,3.0,100.0,3.0,6393.861892583121
6600,Thanisandra,663.0,1.0,46.1,1.0,6953.242835595776
6601,Thanisandra,662.0,1.0,45.0,1.0,6797.583081570997
6602,Thanisandra,1573.0,3.0,98.0,3.0,6230.1335028607755
6603,Thanisandra,1262.0,2.0,83.0,3.0,6576.862123613312
6604,Thanisandra,1056.0,2.0,65.0,2.0,6155.30303030303
6605,Thanisandra,1702.0,3.0,115.0,3.0,6756.756756756757
6606,Thanisandra,1343.0,2.0,75.0,2.0,5584.512285927029
6607,Thanisandra,1935.0,4.0,122.0,3.0,6304.909560723514
6608,Thanisandra,933.0,2.0,55.0,2.0,5894.962486602358
6609,Thanisandra,1183.0,2.0,77.3,2.0,6534.234995773458
6610,Thanisandra,662.0,1.0,38.0,1.0,5740.181268882176
6611,Thanisandra,1265.0,2.0,72.0,2.0,5691.699604743083
6612,Thanisandra,1595.0,3.0,105.0,3.0,6583.0721003134795
6613,Thanisandra,1241.0,2.0,65.0,3.0,5237.711522965351
6614,Thanisandra,580.0,1.0,27.5,1.0,4741.379310344828
6615,Thanisandra,2087.0,4.0,139.0,3.0,6660.277910876856
6616,Thanisandra,1340.0,2.0,66.33,2.0,4950.0
6617,Thanisandra,1098.0,2.0,71.0,2.0,6466.302367941712
6618,Thanisandra,1411.0,3.0,93.25,3.0,6608.788093550674
6619,Thanisandra,1262.0,2.0,65.0,3.0,5150.5546751188585
6620,Thanisandra,1234.0,2.0,51.0,2.0,4132.90113452188
6621,Thanisandra,1732.0,3.0,112.0,3.0,6466.512702078522
6622,Thanisandra,933.0,1.0,61.0,1.0,6538.049303322615
6623,Thanisandra,1702.0,3.0,107.0,3.0,6286.721504112808
6624,Thanisandra,2030.0,4.0,125.0,3.0,6157.635467980295
6625,Thanisandra,1140.0,2.0,59.0,2.0,5175.438596491228
6626,Thanisandra,663.0,1.0,46.0,1.0,6938.15987933635
6627,Thanisandra,1948.0,4.0,129.0,4.0,6622.17659137577
6628,Thanisandra,1573.0,3.0,90.0,3.0,5721.551176096631
6629,Thanisandra,1056.0,2.0,70.0,2.0,6628.787878787879
6630,Thanisandra,1595.0,3.0,96.0,3.0,6018.808777429467
6631,Thanisandra,1732.0,3.0,85.73,3.0,4949.769053117783
6632,Thanisandra,1226.0,2.0,65.0,2.0,5301.794453507341
6633,Thanisandra,1245.0,2.0,83.05,2.0,6670.682730923695
6634,Thanisandra,1261.0,2.0,80.0,3.0,6344.171292624901
6635,Thanisandra,1884.0,4.0,117.0,3.0,6210.1910828025475
6636,Thanisandra,965.0,2.0,54.0,2.0,5595.854922279793
6637,Thanisandra,1930.0,4.0,122.0,3.0,6321.243523316062
6638,Thanisandra,1241.0,2.0,68.0,3.0,5479.45205479452
6639,Thanisandra,1930.0,4.0,120.0,3.0,6217.616580310881
6640,Thanisandra,760.0,1.0,50.4,1.0,6631.578947368421
6641,Thanisandra,663.0,1.0,32.82,1.0,4950.226244343891
6642,Thanisandra,1801.0,3.0,115.0,3.0,6385.341476957246
6643,Thanisandra,1806.0,6.0,116.0,3.0,6423.034330011074
6644,Thanisandra,3671.0,4.0,220.0,4.0,5992.917461182239
6645,Thanisandra,1110.0,2.0,46.5,2.0,4189.189189189189
6646,Thanisandra,1305.0,2.0,90.0,2.0,6896.551724137931
6647,Thanisandra,1965.0,4.0,125.0,3.0,6361.323155216285
6648,Thanisandra,1573.0,3.0,100.0,3.0,6357.279084551812
6649,Thanisandra,2259.0,3.0,112.0,4.0,4957.9459938025675
6650,Thanisandra,1917.0,4.0,130.0,4.0,6781.429316640584
6651,Thanisandra,1226.0,2.0,65.59,2.0,5349.918433931484
6652,Thigalarapalya,3122.0,6.0,230.0,4.0,7367.072389493914
6653,Thigalarapalya,2072.0,4.0,142.0,3.0,6853.281853281854
6654,Thigalarapalya,1297.0,2.0,103.0,2.0,7941.403238242097
6655,Thigalarapalya,1418.0,2.0,95.0,2.0,6699.576868829337
6656,Thigalarapalya,3122.0,6.0,235.0,4.0,7527.226137091608
6657,Thigalarapalya,3122.0,6.0,245.0,4.0,7847.533632286995
6658,Thigalarapalya,2072.0,4.0,150.0,3.0,7239.382239382239
6659,Thigalarapalya,1418.0,2.0,103.0,2.0,7263.7517630465445
6660,Thigalarapalya,1418.0,2.0,101.0,2.0,7122.708039492242
6661,Thigalarapalya,1418.0,2.0,104.0,2.0,7334.273624823695
6662,Thigalarapalya,2072.0,4.0,139.0,3.0,6708.494208494209
6663,Thigalarapalya,3122.0,5.0,225.0,4.0,7206.91864189622
6664,Thigalarapalya,2912.0,6.0,210.0,4.0,7211.538461538462
6665,Thigalarapalya,1418.0,2.0,103.0,2.0,7263.7517630465445
6666,Thigalarapalya,2072.0,4.0,159.0,3.0,7673.745173745174
6667,Thigalarapalya,2072.0,4.0,147.0,3.0,7094.594594594595
6668,Thigalarapalya,1418.0,2.0,106.0,2.0,7475.317348377997
6669,Thigalarapalya,2215.0,4.0,156.0,3.0,7042.889390519187
6670,Thigalarapalya,1418.0,2.0,104.0,2.0,7334.273624823695
6671,Thigalarapalya,3122.0,6.0,237.0,4.0,7591.287636130685
6672,Thigalarapalya,1418.0,2.0,105.0,2.0,7404.795486600846
6673,Thigalarapalya,1418.0,2.0,104.0,2.0,7334.273624823695
6674,Thigalarapalya,2072.0,4.0,139.0,3.0,6708.494208494209
6675,Thigalarapalya,2215.0,4.0,160.0,3.0,7223.476297968397
6676,Thigalarapalya,1418.0,2.0,106.0,2.0,7475.317348377997
6677,Thigalarapalya,2072.0,4.0,155.0,3.0,7480.694980694981
6678,Thigalarapalya,1830.0,4.0,135.0,3.0,7377.049180327869
6679,Thigalarapalya,1418.0,2.0,105.0,2.0,7404.795486600846
6680,Thigalarapalya,2072.0,4.0,160.0,3.0,7722.007722007722
6681,Thigalarapalya,2215.0,4.0,150.0,3.0,6772.009029345372
6682,Thigalarapalya,2215.0,4.0,154.0,3.0,6952.5959367945825
6683,Thigalarapalya,2072.0,4.0,152.0,3.0,7335.907335907336
6684,Thigalarapalya,2072.0,4.0,160.0,3.0,7722.007722007722
6685,Thigalarapalya,2072.0,4.0,155.0,3.0,7480.694980694981
6686,Thigalarapalya,3122.0,6.0,235.0,4.0,7527.226137091608
6687,Thigalarapalya,2072.0,4.0,153.0,3.0,7384.169884169884
6688,Thigalarapalya,2215.0,4.0,150.0,3.0,6772.009029345372
6689,Thigalarapalya,2072.0,4.0,157.0,3.0,7577.220077220078
6690,Thigalarapalya,1418.0,2.0,105.0,2.0,7404.795486600846
6691,Thigalarapalya,3362.0,5.0,249.0,4.0,7406.305770374777
6692,Thigalarapalya,3122.0,6.0,245.0,4.0,7847.533632286995
6693,Thigalarapalya,1830.0,3.0,133.0,3.0,7267.75956284153
6694,Thigalarapalya,2215.0,4.0,154.0,3.0,6952.5959367945825
6695,Thigalarapalya,4190.0,4.0,325.0,4.0,7756.563245823389
6696,Thigalarapalya,2215.0,4.0,157.0,3.0,7088.03611738149
6697,Thigalarapalya,2072.0,4.0,151.0,3.0,7287.644787644787
6698,Thigalarapalya,4303.0,5.0,300.0,4.0,6971.880083662561
6699,Thigalarapalya,1400.0,2.0,105.0,2.0,7500.0
6700,Thigalarapalya,2215.0,4.0,162.0,3.0,7313.769751693002
6701,Thigalarapalya,1297.0,2.0,98.0,2.0,7555.898226676947
6702,Thigalarapalya,2215.0,4.0,152.0,3.0,6862.302483069978
6703,Thubarahalli,3800.0,4.0,239.0,4.0,6289.473684210527
6704,Thubarahalli,1200.0,2.0,78.0,2.0,6500.0
6705,Thubarahalli,1128.0,2.0,75.0,2.0,6648.936170212766
6706,Thubarahalli,1185.0,2.0,65.0,2.0,5485.232067510548
6707,Thubarahalli,975.0,2.0,55.0,2.0,5641.025641025641
6708,Thubarahalli,1330.0,2.0,75.0,2.0,5639.097744360903
6709,Thubarahalli,1085.0,2.0,70.0,2.0,6451.612903225807
6710,Thubarahalli,1216.0,2.0,80.0,2.0,6578.9473684210525
6711,Thubarahalli,1200.0,2.0,79.0,2.0,6583.333333333333
6712,Thubarahalli,1200.0,2.0,80.0,2.0,6666.666666666667
6713,Thubarahalli,1200.0,2.0,79.55,2.0,6629.166666666667
6714,Thubarahalli,1540.0,3.0,90.0,3.0,5844.1558441558445
6715,Thubarahalli,2625.0,3.0,175.0,3.0,6666.666666666667
6716,Thubarahalli,975.0,2.0,50.0,2.0,5128.205128205128
6717,Thubarahalli,1540.0,3.0,90.0,3.0,5844.1558441558445
6718,Thubarahalli,1584.0,3.0,101.0,3.0,6376.262626262626
6719,Thyagaraja Nagar,800.0,1.0,100.0,1.0,12500.0
6720,Thyagaraja Nagar,2000.0,4.0,145.0,5.0,7250.0
6721,Thyagaraja Nagar,1270.0,2.0,95.25,3.0,7500.0
6722,Thyagaraja Nagar,1040.0,2.0,68.0,2.0,6538.461538461538
6723,Tindlu,1500.0,2.0,87.0,3.0,5800.0
6724,Tindlu,7500.0,7.0,400.0,7.0,5333.333333333333
6725,Tindlu,1357.0,2.0,65.0,3.0,4789.977892409727
6726,Tindlu,1500.0,3.0,87.0,3.0,5800.0
6727,Tindlu,1370.07,3.0,65.0,3.0,4744.283138817725
6728,Tindlu,1165.0,2.0,59.8,2.0,5133.0472103004295
6729,Tindlu,1050.0,2.0,55.0,2.0,5238.0952380952385
6730,Tindlu,1100.0,2.0,55.0,2.0,5000.0
6731,Tumkur Road,1500.0,3.0,95.0,3.0,6333.333333333333
6732,Tumkur Road,1779.0,3.0,112.0,3.0,6295.6717256885895
6733,Tumkur Road,1586.0,3.0,100.0,3.0,6305.170239596469
6734,Tumkur Road,1098.0,2.0,72.0,2.0,6557.377049180328
6735,Tumkur Road,1354.0,3.0,90.0,3.0,6646.971935007386
6736,Tumkur Road,1240.0,2.0,84.0,3.0,6774.193548387097
6737,Tumkur Road,1239.0,2.0,82.0,2.0,6618.240516545601
6738,Tumkur Road,1246.0,2.0,82.0,2.0,6581.0593900481545
6739,Tumkur Road,1500.0,3.0,100.0,3.0,6666.666666666667
6740,Tumkur Road,1789.0,3.0,98.0,3.0,5477.920626048071
6741,Tumkur Road,1416.0,3.0,94.0,3.0,6638.418079096045
6742,Tumkur Road,1027.0,2.0,60.0,2.0,5842.259006815969
6743,Tumkur Road,1027.0,2.0,68.62,2.0,6681.596884128529
6744,Tumkur Road,1459.0,2.0,95.0,3.0,6511.3091158327625
6745,Tumkur Road,992.0,2.0,60.0,2.0,6048.387096774193
6746,Tumkur Road,1066.0,2.0,52.5,2.0,4924.953095684803
6747,Tumkur Road,1240.0,2.0,79.0,3.0,6370.967741935484
6748,Tumkur Road,1441.0,2.0,95.0,3.0,6592.64399722415
6749,Tumkur Road,1240.0,2.0,83.0,3.0,6693.548387096775
6750,Tumkur Road,1027.0,2.0,67.0,2.0,6523.855890944498
6751,Tumkur Road,1060.0,2.0,58.3,3.0,5500.0
6752,Tumkur Road,992.0,2.0,70.0,2.0,7056.451612903225
6753,Tumkur Road,1354.0,3.0,85.86,3.0,6341.211225997045
6754,Ulsoor,2135.0,3.0,215.0,3.0,10070.257611241217
6755,Ulsoor,1275.0,2.0,120.0,2.0,9411.764705882353
6756,Ulsoor,1020.0,3.0,110.0,3.0,10784.313725490196
6757,Ulsoor,1200.0,2.0,60.0,2.0,5000.0
6758,Ulsoor,1180.0,2.0,100.0,2.0,8474.57627118644
6759,Ulsoor,1340.0,3.0,90.0,3.0,6716.417910447762
6760,Ulsoor,1500.0,2.0,125.0,3.0,8333.333333333334
6761,Ulsoor,2000.0,3.0,185.0,3.0,9250.0
6762,Ulsoor,1255.0,2.0,120.0,2.0,9561.752988047809
6763,Ulsoor,1685.0,4.0,185.0,3.0,10979.228486646884
6764,Ulsoor,2500.0,4.0,170.0,4.0,6800.0
6765,Ulsoor,2135.0,3.0,170.0,3.0,7962.529274004683
6766,Ulsoor,1160.0,2.0,130.0,2.0,11206.896551724138
6767,Uttarahalli,1440.0,2.0,62.0,3.0,4305.555555555556
6768,Uttarahalli,1143.0,2.0,45.0,2.0,3937.0078740157483
6769,Uttarahalli,1020.0,2.0,45.0,2.0,4411.764705882353
6770,Uttarahalli,1286.0,2.0,63.0,2.0,4898.9113530326595
6771,Uttarahalli,1101.0,2.0,45.0,2.0,4087.193460490463
6772,Uttarahalli,1345.0,2.0,67.0,2.0,4981.412639405205
6773,Uttarahalli,1135.0,2.0,39.73,3.0,3500.440528634361
6774,Uttarahalli,1540.0,3.0,50.0,3.0,3246.753246753247
6775,Uttarahalli,1175.0,2.0,47.0,2.0,4000.0
6776,Uttarahalli,1390.0,2.0,62.55,3.0,4500.0
6777,Uttarahalli,1330.0,2.0,56.0,3.0,4210.526315789473
6778,Uttarahalli,1008.0,2.0,45.0,2.0,4464.285714285715
6779,Uttarahalli,1390.0,2.0,60.47,3.0,4350.359712230216
6780,Uttarahalli,1617.0,3.0,66.68,3.0,4123.685837971553
6781,Uttarahalli,1150.0,2.0,49.0,2.0,4260.869565217391
6782,Uttarahalli,1330.0,2.0,56.0,3.0,4210.526315789473
6783,Uttarahalli,1200.0,2.0,44.0,2.0,3666.6666666666665
6784,Uttarahalli,1385.0,2.0,48.48,3.0,3500.361010830325
6785,Uttarahalli,1330.0,2.0,46.55,3.0,3500.0
6786,Uttarahalli,882.0,2.0,30.0,2.0,3401.360544217687
6787,Uttarahalli,993.0,2.0,39.71,2.0,3998.9929506545823
6788,Uttarahalli,1045.0,2.0,45.0,2.0,4306.2200956937795
6789,Uttarahalli,850.0,2.0,37.93,2.0,4462.35294117647
6790,Uttarahalli,1330.0,2.0,47.0,3.0,3533.8345864661655
6791,Uttarahalli,3600.0,6.0,120.0,6.0,3333.3333333333335
6792,Uttarahalli,1788.0,3.0,98.34,3.0,5500.0
6793,Uttarahalli,1345.0,2.0,57.0,3.0,4237.918215613383
6794,Uttarahalli,1089.0,2.0,43.55,2.0,3999.0817263544536
6795,Uttarahalli,1330.0,2.0,46.55,3.0,3500.0
6796,Uttarahalli,1279.0,2.0,48.0,2.0,3752.9319781078966
6797,Uttarahalli,1845.0,2.0,68.27,3.0,3700.271002710027
6798,Uttarahalli,1425.0,2.0,64.0,3.0,4491.228070175439
6799,Uttarahalli,1155.0,2.0,40.42,2.0,3499.5670995670994
6800,Uttarahalli,1050.0,2.0,42.0,2.0,4000.0
6801,Uttarahalli,1300.0,2.0,55.0,3.0,4230.7692307692305
6802,Uttarahalli,1250.0,2.0,55.0,3.0,4400.0
6803,Uttarahalli,1700.0,3.0,88.0,3.0,5176.470588235294
6804,Uttarahalli,1200.0,3.0,50.0,3.0,4166.666666666667
6805,Uttarahalli,1085.0,2.0,43.0,2.0,3963.1336405529955
6806,Uttarahalli,1350.0,2.0,53.0,3.0,3925.925925925926
6807,Uttarahalli,1175.0,2.0,47.0,2.0,4000.0
6808,Uttarahalli,1689.28,3.0,91.2,3.0,5398.74976321273
6809,Uttarahalli,1175.0,2.0,47.0,2.0,4000.0
6810,Uttarahalli,1137.0,2.0,63.0,2.0,5540.8970976253295
6811,Uttarahalli,1215.0,2.0,52.85,3.0,4349.794238683127
6812,Uttarahalli,1325.0,2.0,53.0,2.0,4000.0
6813,Uttarahalli,1300.0,2.0,60.0,3.0,4615.384615384615
6814,Uttarahalli,850.0,2.0,35.0,2.0,4117.64705882353
6815,Uttarahalli,1627.86,3.0,88.0,3.0,5405.87028368533
6816,Uttarahalli,1490.0,2.0,59.6,3.0,4000.0
6817,Uttarahalli,1360.0,2.0,61.2,3.0,4500.0
6818,Uttarahalli,661.0,1.0,36.0,1.0,5446.293494704993
6819,Uttarahalli,1134.0,2.0,45.36,2.0,4000.0
6820,Uttarahalli,1350.0,2.0,47.24,3.0,3499.259259259259
6821,Uttarahalli,1320.0,2.0,55.44,3.0,4200.0
6822,Uttarahalli,1390.0,2.0,61.16,3.0,4400.0
6823,Uttarahalli,1090.0,2.0,45.0,2.0,4128.440366972477
6824,Uttarahalli,1050.0,2.0,42.0,2.0,4000.0
6825,Uttarahalli,1123.0,2.0,48.0,2.0,4274.2653606411395
6826,Uttarahalli,1329.0,2.0,56.0,3.0,4213.694507148231
6827,Uttarahalli,938.0,2.0,35.0,2.0,3731.3432835820895
6828,Uttarahalli,1345.0,2.0,47.0,3.0,3494.4237918215613
6829,Uttarahalli,1285.0,2.0,44.98,3.0,3500.3891050583657
6830,Uttarahalli,1100.0,1.0,45.0,2.0,4090.909090909091
6831,Uttarahalli,1125.0,2.0,47.0,2.0,4177.777777777777
6832,Uttarahalli,1300.0,2.0,47.0,3.0,3615.3846153846152
6833,Uttarahalli,1685.0,3.0,85.0,3.0,5044.510385756676
6834,Uttarahalli,1390.0,2.0,62.55,3.0,4500.0
6835,Uttarahalli,1490.0,2.0,59.6,3.0,4000.0
6836,Uttarahalli,1180.0,2.0,41.3,2.0,3499.9999999999995
6837,Uttarahalli,1380.0,2.0,42.0,2.0,3043.478260869565
6838,Uttarahalli,1737.0,2.0,95.0,3.0,5469.199769717904
6839,Uttarahalli,1385.0,2.0,48.48,3.0,3500.361010830325
6840,Uttarahalli,1160.0,2.0,45.0,2.0,3879.310344827586
6841,Uttarahalli,1280.0,2.0,60.0,3.0,4687.5
6842,Uttarahalli,1480.0,2.0,58.0,3.0,3918.9189189189187
6843,Uttarahalli,1190.0,2.0,53.55,2.0,4500.0
6844,Uttarahalli,1330.0,2.0,57.0,3.0,4285.714285714285
6845,Uttarahalli,1560.0,3.0,74.0,3.0,4743.589743589743
6846,Uttarahalli,1250.0,2.0,50.0,3.0,4000.0
6847,Uttarahalli,1125.0,2.0,48.0,2.0,4266.666666666667
6848,Uttarahalli,1320.0,2.0,55.44,3.0,4200.0
6849,Uttarahalli,1255.0,2.0,50.19,3.0,3999.203187250996
6850,Uttarahalli,1160.0,2.0,40.6,2.0,3500.0
6851,Uttarahalli,1255.0,2.0,50.19,3.0,3999.203187250996
6852,Uttarahalli,1065.0,2.0,42.59,2.0,3999.06103286385
6853,Uttarahalli,1075.0,2.0,46.76,2.0,4349.767441860465
6854,Uttarahalli,1155.0,2.0,40.6,2.0,3515.151515151515
6855,Uttarahalli,1065.0,2.0,42.59,3.0,3999.06103286385
6856,Uttarahalli,1360.0,2.0,47.59,3.0,3499.264705882353
6857,Uttarahalli,1215.0,2.0,52.85,3.0,4349.794238683127
6858,Uttarahalli,1590.0,3.0,58.0,3.0,3647.7987421383646
6859,Uttarahalli,1180.0,2.0,41.3,2.0,3499.9999999999995
6860,Uttarahalli,1350.0,2.0,47.24,3.0,3499.259259259259
6861,Uttarahalli,1250.0,2.0,50.0,3.0,4000.0
6862,Uttarahalli,1002.0,2.0,40.08,2.0,4000.0
6863,Uttarahalli,1002.0,2.0,40.08,2.0,4000.0
6864,Uttarahalli,1075.0,2.0,40.0,2.0,3720.9302325581393
6865,Uttarahalli,1580.0,3.0,60.0,3.0,3797.46835443038
6866,Uttarahalli,1155.0,2.0,40.43,2.0,3500.4329004329006
6867,Uttarahalli,1650.0,2.0,50.0,3.0,3030.3030303030305
6868,Uttarahalli,1025.0,2.0,35.88,2.0,3500.4878048780492
6869,Uttarahalli,1125.0,2.0,47.65,2.0,4235.555555555556
6870,Uttarahalli,1300.0,2.0,55.0,2.0,4230.7692307692305
6871,Uttarahalli,1025.0,2.0,35.88,2.0,3500.4878048780492
6872,Uttarahalli,980.0,2.0,45.0,2.0,4591.836734693878
6873,Uttarahalli,1125.0,2.0,47.0,2.0,4177.777777777777
6874,Uttarahalli,1135.0,2.0,39.73,3.0,3500.440528634361
6875,Uttarahalli,1350.0,2.0,47.24,3.0,3499.259259259259
6876,Uttarahalli,1250.0,2.0,50.0,3.0,4000.0
6877,Uttarahalli,1250.0,2.0,50.0,3.0,4000.0
6878,Uttarahalli,1175.0,2.0,47.0,2.0,4000.0
6879,Uttarahalli,1360.0,2.0,47.59,3.0,3499.264705882353
6880,Uttarahalli,1360.0,2.0,47.59,3.0,3499.264705882353
6881,Uttarahalli,1525.0,2.0,62.82,3.0,4119.3442622950815
6882,Uttarahalli,1265.0,2.0,65.0,3.0,5138.339920948617
6883,Uttarahalli,1590.0,3.0,57.0,3.0,3584.9056603773583
6884,Uttarahalli,1330.0,2.0,46.55,3.0,3500.0
6885,Uttarahalli,1213.0,2.0,48.0,2.0,3957.131079967024
6886,Uttarahalli,1475.0,2.0,59.0,3.0,4000.0
6887,Uttarahalli,900.0,2.0,35.0,2.0,3888.8888888888887
6888,Uttarahalli,1065.0,2.0,42.6,2.0,4000.0
6889,Uttarahalli,1330.0,2.0,46.55,3.0,3500.0
6890,Uttarahalli,1250.0,2.0,50.0,3.0,4000.0
6891,Uttarahalli,1125.0,2.0,47.0,2.0,4177.777777777777
6892,Uttarahalli,1270.0,2.0,55.25,3.0,4350.393700787402
6893,Uttarahalli,1270.0,2.0,55.25,3.0,4350.393700787402
6894,Uttarahalli,1107.0,2.0,45.0,2.0,4065.040650406504
6895,Uttarahalli,1200.0,2.0,55.0,2.0,4583.333333333333
6896,Uttarahalli,1330.0,2.0,46.45,3.0,3492.4812030075186
6897,Uttarahalli,1460.0,3.0,76.0,3.0,5205.479452054795
6898,Uttarahalli,1500.0,3.0,68.0,3.0,4533.333333333333
6899,Uttarahalli,1120.0,2.0,50.0,2.0,4464.285714285715
6900,Uttarahalli,1150.0,2.0,46.0,2.0,4000.0
6901,Uttarahalli,1330.0,2.0,58.0,3.0,4360.902255639097
6902,Uttarahalli,1590.0,3.0,57.0,3.0,3584.9056603773583
6903,Uttarahalli,1050.0,2.0,42.0,2.0,4000.0
6904,Uttarahalli,1125.0,2.0,48.0,2.0,4266.666666666667
6905,Uttarahalli,4500.0,4.0,150.0,4.0,3333.3333333333335
6906,Uttarahalli,1345.0,2.0,57.0,3.0,4237.918215613383
6907,Uttarahalli,1345.0,2.0,57.0,3.0,4237.918215613383
6908,Uttarahalli,1490.0,2.0,59.6,3.0,4000.0
6909,Uttarahalli,1000.0,2.0,52.0,2.0,5200.0
6910,Uttarahalli,1037.0,2.0,36.0,2.0,3471.552555448409
6911,Uttarahalli,1245.0,2.0,43.58,3.0,3500.401606425703
6912,Uttarahalli,1000.0,2.0,39.5,2.0,3950.0
6913,Uttarahalli,1125.0,1.0,45.0,2.0,4000.0
6914,Uttarahalli,1308.0,2.0,53.0,3.0,4051.987767584098
6915,Uttarahalli,1160.0,2.0,40.58,2.0,3498.2758620689656
6916,Uttarahalli,1123.0,2.0,60.0,2.0,5342.831700801425
6917,Uttarahalli,1590.0,3.0,57.0,3.0,3584.9056603773583
6918,Uttarahalli,1000.0,2.0,35.0,2.0,3500.0
6919,Uttarahalli,1330.0,2.0,57.0,3.0,4285.714285714285
6920,Uttarahalli,1125.0,2.0,47.0,2.0,4177.777777777777
6921,Uttarahalli,1165.0,1.0,42.09,2.0,3612.8755364806866
6922,Uttarahalli,1260.0,2.0,55.0,2.0,4365.079365079365
6923,Uttarahalli,1284.0,2.0,53.36,2.0,4155.763239875389
6924,Uttarahalli,1150.0,2.0,45.99,2.0,3999.1304347826085
6925,Uttarahalli,1385.0,2.0,48.48,3.0,3500.361010830325
6926,Uttarahalli,1290.0,2.0,56.12,3.0,4350.387596899225
6927,Uttarahalli,1328.0,2.0,56.0,3.0,4216.8674698795185
6928,Uttarahalli,1040.0,2.0,36.4,2.0,3500.0
6929,Uttarahalli,1290.0,2.0,56.12,3.0,4350.387596899225
6930,Uttarahalli,1590.0,3.0,57.0,3.0,3584.9056603773583
6931,Uttarahalli,1075.0,2.0,46.76,2.0,4349.767441860465
6932,Uttarahalli,1345.0,2.0,57.0,3.0,4237.918215613383
6933,Varthur,1160.0,2.0,44.0,2.0,3793.103448275862
6934,Varthur,1385.0,2.0,80.0,2.0,5776.173285198556
6935,Varthur,1535.0,3.0,65.99,3.0,4299.022801302931
6936,Varthur,1024.0,2.0,42.0,2.0,4101.5625
6937,Varthur,1125.0,2.0,40.0,2.0,3555.5555555555557
6938,Varthur,1112.0,2.0,40.0,2.0,3597.122302158273
6939,Varthur,1055.0,2.0,45.35,2.0,4298.578199052133
6940,Varthur,1280.0,2.0,65.0,2.0,5078.125
6941,Varthur,977.0,2.0,36.0,2.0,3684.74923234391
6942,Varthur,1250.0,3.0,71.0,3.0,5680.0
6943,Varthur,1200.0,3.0,67.75,3.0,5645.833333333333
6944,Varthur,1111.0,2.0,41.88,2.0,3769.57695769577
6945,Varthur,1140.0,2.0,55.5,2.0,4868.421052631579
6946,Varthur,1012.0,2.0,59.0,2.0,5830.0395256917
6947,Varthur,1140.0,2.0,39.9,2.0,3500.0
6948,Varthur,1090.0,2.0,48.0,2.0,4403.6697247706425
6949,Varthur,1450.0,3.0,71.0,3.0,4896.551724137931
6950,Varthur,1210.0,2.0,60.0,2.0,4958.677685950413
6951,Varthur,1070.0,2.0,46.0,2.0,4299.065420560748
6952,Varthur,1360.0,2.0,85.0,3.0,6250.0
6953,Varthur,965.0,2.0,34.0,2.0,3523.316062176166
6954,Varthur,1120.0,2.0,44.24,2.0,3950.0
6955,Varthur,1395.0,2.0,79.0,3.0,5663.082437275985
6956,Varthur,1085.0,2.0,45.0,2.0,4147.465437788019
6957,Varthur,1250.0,2.0,47.0,2.0,3760.0
6958,Varthur,1200.0,3.0,68.38,3.0,5698.333333333333
6959,Varthur,1520.0,2.0,61.0,3.0,4013.157894736842
6960,Varthur,1155.0,2.0,60.0,2.0,5194.805194805195
6961,Varthur,1035.0,2.0,60.0,2.0,5797.101449275362
6962,Varthur,1155.0,2.0,39.0,2.0,3376.6233766233768
6963,Varthur,1180.0,2.0,55.0,2.0,4661.016949152542
6964,Varthur,1520.0,2.0,60.0,3.0,3947.3684210526317
6965,Varthur,1738.0,2.0,57.35,2.0,3299.7698504027617
6966,Varthur,1045.0,2.0,40.65,2.0,3889.9521531100477
6967,Varthur,1155.0,2.0,39.0,2.0,3376.6233766233768
6968,Varthur,1615.0,3.0,69.43,3.0,4299.071207430341
6969,Varthur,1210.0,2.0,64.15,2.0,5301.652892561984
6970,Varthur,1737.0,2.0,57.32,3.0,3299.9424294761084
6971,Varthur,1105.0,2.0,38.0,2.0,3438.914027149321
6972,Varthur,1560.0,3.0,90.0,3.0,5769.2307692307695
6973,Varthur,1760.0,2.0,85.0,2.0,4829.545454545455
6974,Varthur,1210.0,2.0,54.0,2.0,4462.809917355372
6975,Varthur,1112.0,2.0,40.0,2.0,3597.122302158273
6976,Varthur,1600.0,3.0,63.2,3.0,3950.0
6977,Varthur,1000.0,1.0,65.0,2.0,6500.0
6978,Varthur,1665.0,3.0,71.58,3.0,4299.0990990990995
6979,Varthur Road,2760.0,4.0,155.0,4.0,5615.942028985507
6980,Varthur Road,1277.0,2.0,59.0,2.0,4620.203602192639
6981,Varthur Road,1247.0,2.0,58.0,3.0,4651.162790697675
6982,Varthur Road,1050.0,2.0,42.7,2.0,4066.6666666666665
6983,Varthur Road,1255.0,2.0,52.76,2.0,4203.98406374502
6984,Varthur Road,1140.0,2.0,49.11,2.0,4307.894736842105
6985,Vasanthapura,1022.0,2.0,40.0,2.0,3913.894324853229
6986,Vasanthapura,1135.0,2.0,39.73,2.0,3500.440528634361
6987,Vasanthapura,995.0,2.0,34.82,2.0,3499.497487437186
6988,Vasanthapura,995.0,2.0,34.82,2.0,3499.497487437186
6989,Vasanthapura,1037.0,2.0,36.28,2.0,3498.553519768563
6990,Vasanthapura,978.0,2.0,34.22,2.0,3498.9775051124743
6991,Vasanthapura,1037.0,2.0,36.28,2.0,3498.553519768563
6992,Vidyaranyapura,1440.0,2.0,95.0,2.0,6597.222222222223
6993,Vidyaranyapura,1062.0,2.0,38.0,2.0,3578.154425612053
6994,Vidyaranyapura,1200.0,2.0,55.0,2.0,4583.333333333333
6995,Vidyaranyapura,1200.0,4.0,90.0,4.0,7500.0
6996,Vidyaranyapura,1485.0,2.0,67.0,3.0,4511.784511784512
6997,Vidyaranyapura,1060.0,2.0,55.0,2.0,5188.679245283019
6998,Vidyaranyapura,1100.0,2.0,54.0,2.0,4909.090909090909
6999,Vidyaranyapura,1440.0,2.0,70.0,3.0,4861.111111111111
7000,Vidyaranyapura,1100.0,2.0,54.0,2.0,4909.090909090909
7001,Vidyaranyapura,1000.0,2.0,35.0,2.0,3500.0
7002,Vidyaranyapura,1560.0,3.0,68.0,3.0,4358.974358974359
7003,Vidyaranyapura,1120.0,2.0,70.0,2.0,6250.0
7004,Vidyaranyapura,945.0,2.0,40.0,2.0,4232.804232804233
7005,Vidyaranyapura,1100.0,2.0,54.0,2.0,4909.090909090909
7006,Vidyaranyapura,1200.0,2.0,65.0,3.0,5416.666666666667
7007,Vidyaranyapura,1200.0,2.0,52.0,2.0,4333.333333333333
7008,Vidyaranyapura,1050.0,2.0,50.0,2.0,4761.9047619047615
7009,Vidyaranyapura,1188.0,2.0,50.0,2.0,4208.754208754209
7010,Vidyaranyapura,1100.0,2.0,75.0,3.0,6818.181818181818
7011,Vidyaranyapura,1100.0,2.0,72.0,3.0,6545.454545454545
7012,Vidyaranyapura,2400.0,5.0,135.0,4.0,5625.0
7013,Vidyaranyapura,1100.0,2.0,41.0,2.0,3727.2727272727275
7014,Vidyaranyapura,1200.0,2.0,60.5,2.0,5041.666666666667
7015,Vidyaranyapura,1200.0,2.0,42.0,2.0,3500.0
7016,Vijayanagar,1704.0,3.0,110.0,3.0,6455.399061032864
7017,Vijayanagar,1933.0,3.0,129.0,3.0,6673.564407656492
7018,Vijayanagar,1500.0,3.0,75.5,3.0,5033.333333333333
7019,Vijayanagar,1450.0,3.0,100.0,3.0,6896.551724137931
7020,Vijayanagar,1580.0,2.0,134.0,3.0,8481.012658227848
7021,Vijayanagar,1826.0,3.0,121.0,3.0,6626.506024096386
7022,Vijayanagar,1739.0,3.0,116.0,3.0,6670.500287521564
7023,Vijayanagar,1490.0,3.0,100.0,3.0,6711.4093959731545
7024,Vijayanagar,1180.0,2.0,65.0,2.0,5508.474576271186
7025,Vijayanagar,606.0,1.0,34.78,1.0,5739.273927392739
7026,Vijayanagar,1352.0,2.0,68.0,2.0,5029.585798816568
7027,Vijayanagar,1527.0,3.0,115.0,3.0,7531.106745252128
7028,Vijayanagar,989.0,2.0,60.0,2.0,6066.734074823054
7029,Vijayanagar,1520.0,2.0,103.0,3.0,6776.315789473684
7030,Vijayanagar,1749.0,3.0,117.0,3.0,6689.536878216123
7031,Vijayanagar,1046.0,2.0,75.0,2.0,7170.172084130019
7032,Vijayanagar,606.0,1.0,40.0,1.0,6600.660066006601
7033,Vijayanagar,1200.0,2.0,62.0,2.0,5166.666666666667
7034,Vijayanagar,1300.0,2.0,75.0,3.0,5769.2307692307695
7035,Vijayanagar,1484.0,3.0,79.19,3.0,5336.253369272237
7036,Vijayanagar,1760.0,3.0,140.0,3.0,7954.545454545455
7037,Vijayanagar,2047.0,3.0,136.0,3.0,6643.869076697606
7038,Vijayanagar,1200.0,2.0,75.0,3.0,6250.0
7039,Vijayanagar,1178.0,2.0,82.0,2.0,6960.950764006791
7040,Vijayanagar,864.0,2.0,45.0,2.0,5208.333333333333
7041,Vijayanagar,2100.0,6.0,252.0,4.0,12000.0
7042,Vijayanagar,920.0,2.0,60.0,2.0,6521.739130434783
7043,Vijayanagar,1019.0,2.0,58.0,2.0,5691.854759568204
7044,Vijayanagar,2400.0,6.0,125.0,5.0,5208.333333333333
7045,Vijayanagar,1180.0,2.0,86.0,2.0,7288.135593220339
7046,Vijayanagar,1046.0,2.0,49.06,2.0,4690.248565965583
7047,Vijayanagar,2400.0,2.0,230.0,1.0,9583.333333333334
7048,Vijayanagar,492.0,1.0,40.0,1.0,8130.081300813008
7049,Vijayanagar,1375.0,2.0,75.0,3.0,5454.545454545455
7050,Vishveshwarya Layout,750.0,1.0,30.0,1.0,4000.0
7051,Vishveshwarya Layout,2000.0,4.0,75.0,4.0,3750.0
7052,Vishveshwarya Layout,2100.0,6.0,92.0,6.0,4380.952380952381
7053,Vishveshwarya Layout,2000.0,3.0,90.0,4.0,4500.0
7054,Vishwapriya Layout,820.0,2.0,30.0,2.0,3658.5365853658536
7055,Vishwapriya Layout,770.0,2.0,30.0,2.0,3896.103896103896
7056,Vishwapriya Layout,910.0,2.0,36.0,2.0,3956.043956043956
7057,Vishwapriya Layout,890.0,2.0,37.0,2.0,4157.303370786517
7058,Vittasandra,1404.0,2.0,71.0,2.0,5056.980056980057
7059,Vittasandra,1246.0,2.0,67.0,2.0,5377.2070626003215
7060,Vittasandra,1404.0,2.0,69.3,2.0,4935.897435897436
7061,Vittasandra,1246.0,2.0,67.3,2.0,5401.284109149277
7062,Vittasandra,1246.0,2.0,64.5,2.0,5176.565008025682
7063,Vittasandra,1246.0,2.0,64.5,2.0,5176.565008025682
7064,Vittasandra,1246.0,2.0,68.0,2.0,5457.463884430176
7065,Vittasandra,1743.0,3.0,85.0,3.0,4876.649454962708
7066,Vittasandra,1238.0,2.0,67.0,2.0,5411.954765751211
7067,Vittasandra,1404.0,2.0,75.0,2.0,5341.880341880342
7068,Vittasandra,1246.0,2.0,65.0,2.0,5216.69341894061
7069,Vittasandra,1238.0,2.0,67.0,2.0,5411.954765751211
7070,Vittasandra,1246.0,2.0,67.4,2.0,5409.309791332264
7071,Vittasandra,1259.0,2.0,67.4,2.0,5353.455123113583
7072,Vittasandra,1404.0,2.0,68.8,2.0,4900.284900284901
7073,Vittasandra,1246.0,2.0,62.3,2.0,5000.0
7074,Vittasandra,1246.0,2.0,63.0,2.0,5056.179775280899
7075,Vittasandra,1246.0,2.0,67.4,2.0,5409.309791332264
7076,Vittasandra,1246.0,2.0,65.4,2.0,5248.796147672553
7077,Vittasandra,1650.0,3.0,84.0,3.0,5090.909090909091
7078,Vittasandra,1238.0,2.0,67.32,2.0,5437.802907915992
7079,Vittasandra,1246.0,2.0,67.4,2.0,5409.309791332264
7080,Vittasandra,1650.0,3.0,85.0,3.0,5151.515151515152
7081,Vittasandra,1246.0,2.0,67.3,2.0,5401.284109149277
7082,Vittasandra,1404.0,2.0,70.0,2.0,4985.754985754986
7083,Vittasandra,1259.0,2.0,67.48,2.0,5359.809372517871
7084,Vittasandra,1404.0,2.0,75.0,2.0,5341.880341880342
7085,Vittasandra,1650.0,3.0,85.5,3.0,5181.818181818182
7086,Vittasandra,1246.0,2.0,67.0,2.0,5377.2070626003215
7087,Vittasandra,1650.0,3.0,85.0,3.0,5151.515151515152
7088,Vittasandra,1650.0,3.0,85.5,3.0,5181.818181818182
7089,Vittasandra,1404.0,2.0,72.0,2.0,5128.205128205128
7090,Vittasandra,1246.0,2.0,67.5,2.0,5417.335473515249
7091,Vittasandra,1246.0,2.0,67.5,2.0,5417.335473515249
7092,Vittasandra,1404.0,2.0,70.0,2.0,4985.754985754986
7093,Vittasandra,1246.0,2.0,65.0,2.0,5216.69341894061
7094,Vittasandra,1246.0,2.0,67.4,2.0,5409.309791332264
7095,Vittasandra,1648.0,3.0,85.0,3.0,5157.766990291262
7096,Whitefield,1170.0,2.0,38.0,2.0,3247.863247863248
7097,Whitefield,1800.0,2.0,70.0,3.0,3888.8888888888887
7098,Whitefield,1610.0,3.0,81.0,3.0,5031.055900621118
7099,Whitefield,1459.0,2.0,94.82,2.0,6498.971898560658
7100,Whitefield,2010.0,3.0,91.0,3.0,4527.363184079602
7101,Whitefield,1116.0,2.0,51.91,2.0,4651.433691756272
7102,Whitefield,1225.0,2.0,47.6,2.0,3885.714285714286
7103,Whitefield,1075.0,2.0,53.0,2.0,4930.232558139535
7104,Whitefield,1280.0,2.0,75.0,2.0,5859.375
7105,Whitefield,1173.0,2.0,58.0,2.0,4944.58653026428
7106,Whitefield,1910.0,3.0,161.0,3.0,8429.319371727748
7107,Whitefield,3252.0,4.0,230.0,4.0,7072.570725707257
7108,Whitefield,11890.0,4.0,700.0,4.0,5887.300252312868
7109,Whitefield,1130.0,2.0,42.16,2.0,3730.973451327434
7110,Whitefield,1040.0,2.0,48.5,2.0,4663.461538461538
7111,Whitefield,1150.0,2.0,70.0,2.0,6086.95652173913
7112,Whitefield,1768.0,3.0,101.0,3.0,5712.669683257918
7113,Whitefield,1500.0,3.0,61.95,3.0,4130.0
7114,Whitefield,4144.0,4.0,315.0,4.0,7601.351351351352
7115,Whitefield,4104.0,4.0,360.0,4.0,8771.929824561403
7116,Whitefield,1790.0,3.0,100.0,3.0,5586.592178770949
7117,Whitefield,1720.0,3.0,100.0,3.0,5813.953488372093
7118,Whitefield,1140.0,2.0,56.0,2.0,4912.2807017543855
7119,Whitefield,1640.0,4.0,91.0,3.0,5548.780487804878
7120,Whitefield,805.0,2.0,35.0,2.0,4347.826086956522
7121,Whitefield,1155.0,2.0,59.95,2.0,5190.476190476191
7122,Whitefield,2280.0,4.0,126.0,3.0,5526.315789473684
7123,Whitefield,1650.0,3.0,60.0,3.0,3636.3636363636365
7124,Whitefield,1447.0,2.0,83.0,2.0,5736.005528680028
7125,Whitefield,1116.0,2.0,51.91,2.0,4651.433691756272
7126,Whitefield,1897.0,3.0,130.0,3.0,6852.925672113864
7127,Whitefield,2225.0,2.0,125.0,3.0,5617.9775280898875
7128,Whitefield,1495.0,2.0,79.5,2.0,5317.725752508361
7129,Whitefield,1113.0,2.0,62.0,2.0,5570.530098831986
7130,Whitefield,2268.0,3.0,163.0,4.0,7186.94885361552
7131,Whitefield,1560.0,2.0,72.0,3.0,4615.384615384615
7132,Whitefield,1200.0,2.0,45.84,2.0,3820.0
7133,Whitefield,2400.0,4.0,200.0,4.0,8333.333333333334
7134,Whitefield,1985.0,3.0,75.0,3.0,3778.337531486146
7135,Whitefield,1360.0,2.0,95.0,2.0,6985.294117647059
7136,Whitefield,1254.0,2.0,40.0,2.0,3189.792663476874
7137,Whitefield,1697.0,3.0,94.79,3.0,5585.739540365351
7138,Whitefield,5000.0,4.0,400.0,4.0,8000.0
7139,Whitefield,3000.0,5.0,250.0,4.0,8333.333333333334
7140,Whitefield,1700.0,3.0,115.0,3.0,6764.705882352941
7141,Whitefield,1140.0,2.0,41.0,2.0,3596.4912280701756
7142,Whitefield,1190.0,2.0,57.0,2.0,4789.915966386555
7143,Whitefield,2842.0,3.0,162.0,3.0,5700.2111189303305
7144,Whitefield,1403.0,2.0,60.81,3.0,4334.283677833215
7145,Whitefield,1232.0,2.0,45.0,2.0,3652.5974025974024
7146,Whitefield,1485.0,3.0,65.0,3.0,4377.104377104377
7147,Whitefield,1500.0,3.0,130.0,3.0,8666.666666666666
7148,Whitefield,1280.0,2.0,75.0,2.0,5859.375
7149,Whitefield,1330.0,2.0,71.0,2.0,5338.345864661655
7150,Whitefield,1405.0,2.0,78.0,3.0,5551.601423487545
7151,Whitefield,2225.0,3.0,115.0,3.0,5168.539325842697
7152,Whitefield,1272.0,2.0,95.05,2.0,7472.4842767295595
7153,Whitefield,1205.0,2.0,39.0,2.0,3236.514522821577
7154,Whitefield,1541.0,3.0,72.0,3.0,4672.290720311486
7155,Whitefield,1192.0,2.0,71.0,2.0,5956.375838926175
7156,Whitefield,1277.0,2.0,61.3,2.0,4800.313234142522
7157,Whitefield,1185.0,2.0,40.0,2.0,3375.5274261603377
7158,Whitefield,1306.0,3.0,54.65,3.0,4184.532924961715
7159,Whitefield,1626.0,3.0,89.0,3.0,5473.554735547355
7160,Whitefield,1585.0,3.0,88.0,3.0,5552.05047318612
7161,Whitefield,1125.0,2.0,62.0,2.0,5511.111111111111
7162,Whitefield,1280.0,2.0,85.0,2.0,6640.625
7163,Whitefield,1200.0,3.0,68.5,3.0,5708.333333333333
7164,Whitefield,4000.0,4.0,330.0,4.0,8250.0
7165,Whitefield,1697.0,3.0,108.0,3.0,6364.172068355922
7166,Whitefield,1205.0,2.0,58.0,2.0,4813.278008298756
7167,Whitefield,3606.0,4.0,312.0,4.0,8652.246256239601
7168,Whitefield,1485.0,2.0,90.0,2.0,6060.606060606061
7169,Whitefield,950.0,1.0,50.0,1.0,5263.1578947368425
7170,Whitefield,3584.0,4.0,199.0,4.0,5552.455357142857
7171,Whitefield,825.0,1.0,45.0,1.0,5454.545454545455
7172,Whitefield,1155.0,2.0,60.0,2.0,5194.805194805195
7173,Whitefield,2010.0,3.0,92.0,3.0,4577.114427860696
7174,Whitefield,1635.0,2.0,85.0,3.0,5198.7767584097855
7175,Whitefield,1216.0,2.0,79.0,2.0,6496.710526315789
7176,Whitefield,1200.0,3.0,56.2,3.0,4683.333333333333
7177,Whitefield,1215.0,2.0,65.0,2.0,5349.794238683127
7178,Whitefield,1870.0,3.0,90.0,3.0,4812.834224598931
7179,Whitefield,1260.0,2.0,49.5,2.0,3928.5714285714284
7180,Whitefield,920.0,2.0,63.0,2.0,6847.826086956522
7181,Whitefield,1165.0,2.0,40.5,2.0,3476.3948497854076
7182,Whitefield,1170.0,2.0,71.0,2.0,6068.376068376068
7183,Whitefield,1118.0,2.0,75.0,2.0,6708.4078711985685
7184,Whitefield,1800.0,3.0,110.0,3.0,6111.111111111111
7185,Whitefield,1562.0,3.0,103.0,3.0,6594.110115236876
7186,Whitefield,1190.0,2.0,67.0,2.0,5630.252100840336
7187,Whitefield,1102.0,2.0,48.0,2.0,4355.716878402904
7188,Whitefield,2321.0,4.0,128.0,3.0,5514.864282636794
7189,Whitefield,1320.0,2.0,95.0,2.0,7196.969696969697
7190,Whitefield,735.0,2.0,35.0,2.0,4761.9047619047615
7191,Whitefield,1896.0,3.0,75.0,3.0,3955.6962025316457
7192,Whitefield,3010.0,3.0,200.0,3.0,6644.518272425249
7193,Whitefield,1346.0,2.0,96.17,2.0,7144.873699851411
7194,Whitefield,3850.0,5.0,316.0,3.0,8207.792207792209
7195,Whitefield,1410.0,3.0,43.71,3.0,3100.0
7196,Whitefield,1150.0,2.0,44.0,3.0,3826.086956521739
7197,Whitefield,1280.0,2.0,52.0,2.0,4062.5
7198,Whitefield,2500.0,4.0,155.0,4.0,6200.0
7199,Whitefield,905.0,1.0,55.0,1.0,6077.348066298343
7200,Whitefield,1200.0,2.0,46.13,2.0,3844.1666666666665
7201,Whitefield,2268.0,3.0,146.0,4.0,6437.389770723104
7202,Whitefield,1150.0,2.0,55.0,2.0,4782.608695652174
7203,Whitefield,1500.0,3.0,71.8,3.0,4786.666666666667
7204,Whitefield,3537.0,5.0,210.0,4.0,5937.234944868533
7205,Whitefield,1285.0,2.0,55.9,2.0,4350.194552529183
7206,Whitefield,1697.0,3.0,115.0,3.0,6776.664702416028
7207,Whitefield,1130.0,2.0,36.0,2.0,3185.8407079646017
7208,Whitefield,1215.0,2.0,39.0,2.0,3209.8765432098767
7209,Whitefield,1495.0,2.0,79.5,2.0,5317.725752508361
7210,Whitefield,3250.0,5.0,290.0,5.0,8923.076923076924
7211,Whitefield,1216.0,2.0,66.48,2.0,5467.105263157895
7212,Whitefield,1350.0,3.0,54.0,3.0,4000.0
7213,Whitefield,1173.0,2.0,60.0,2.0,5115.089514066496
7214,Whitefield,1269.0,2.0,75.0,2.0,5910.16548463357
7215,Whitefield,3227.0,5.0,250.0,5.0,7747.133560582584
7216,Whitefield,1545.0,3.0,79.0,3.0,5113.26860841424
7217,Whitefield,1306.0,3.0,54.65,3.0,4184.532924961715
7218,Whitefield,1000.0,2.0,35.0,2.0,3500.0
7219,Whitefield,3262.0,4.0,260.0,4.0,7970.570202329859
7220,Whitefield,1386.0,3.0,57.46,3.0,4145.743145743146
7221,Whitefield,1132.0,2.0,79.28,2.0,7003.533568904593
7222,Whitefield,1200.0,2.0,45.84,2.0,3820.0
7223,Whitefield,1140.0,2.0,39.0,2.0,3421.0526315789475
7224,Whitefield,2830.0,5.0,160.0,4.0,5653.7102473498235
7225,Whitefield,1205.0,2.0,40.0,2.0,3319.5020746887967
7226,Whitefield,1195.0,2.0,70.0,2.0,5857.740585774059
7227,Whitefield,3480.0,4.0,284.0,3.0,8160.919540229885
7228,Whitefield,1738.0,2.0,79.0,3.0,4545.454545454545
7229,Whitefield,3004.0,4.0,285.0,4.0,9487.350199733688
7230,Whitefield,1250.0,2.0,72.0,2.0,5760.0
7231,Whitefield,1340.0,2.0,77.0,2.0,5746.268656716418
7232,Whitefield,1320.0,2.0,79.5,2.0,6022.727272727273
7233,Whitefield,750.0,2.0,52.7,2.0,7026.666666666667
7234,Whitefield,1200.0,3.0,61.96,3.0,5163.333333333333
7235,Whitefield,1180.0,2.0,41.0,2.0,3474.576271186441
7236,Whitefield,1095.0,2.0,35.0,2.0,3196.3470319634703
7237,Whitefield,1415.0,2.0,67.0,2.0,4734.982332155477
7238,Whitefield,1105.0,2.0,41.36,2.0,3742.9864253393666
7239,Whitefield,1200.0,2.0,45.0,2.0,3750.0
7240,Whitefield,3445.0,5.0,270.0,4.0,7837.44557329463
7241,Whitefield,1700.0,3.0,140.0,3.0,8235.29411764706
7242,Whitefield,4827.0,4.0,400.0,4.0,8286.720530350114
7243,Whitefield,1405.0,2.0,84.5,2.0,6014.234875444839
7244,Whitefield,1345.0,2.0,57.0,3.0,4237.918215613383
7245,Whitefield,3252.0,4.0,280.0,4.0,8610.086100861008
7246,Whitefield,1200.0,2.0,45.0,2.0,3750.0
7247,Whitefield,1150.0,2.0,90.0,2.0,7826.086956521739
7248,Whitefield,2400.0,4.0,147.0,4.0,6125.0
7249,Whitefield,1440.0,2.0,64.0,3.0,4444.444444444444
7250,Whitefield,624.0,1.0,35.0,1.0,5608.974358974359
7251,Whitefield,1200.0,2.0,45.0,2.0,3750.0
7252,Whitefield,1109.0,2.0,41.49,2.0,3741.2082957619477
7253,Whitefield,1700.0,3.0,95.0,3.0,5588.235294117647
7254,Whitefield,4960.0,4.0,400.0,4.0,8064.5161290322585
7255,Whitefield,2928.0,4.0,198.0,4.0,6762.295081967213
7256,Whitefield,1215.0,2.0,62.0,2.0,5102.880658436214
7257,Whitefield,2700.0,5.0,175.0,3.0,6481.481481481482
7258,Whitefield,1216.0,2.0,84.0,2.0,6907.894736842105
7259,Whitefield,2882.0,5.0,204.0,4.0,7078.417765440666
7260,Whitefield,1840.0,3.0,140.0,3.0,7608.695652173913
7261,Whitefield,1778.0,3.0,122.0,3.0,6861.6422947131605
7262,Whitefield,1400.0,2.0,80.0,2.0,5714.285714285715
7263,Whitefield,650.0,1.0,25.0,1.0,3846.153846153846
7264,Whitefield,2155.0,3.0,125.0,4.0,5800.46403712297
7265,Whitefield,905.0,1.0,52.0,1.0,5745.85635359116
7266,Whitefield,1230.0,2.0,59.0,2.0,4796.747967479675
7267,Whitefield,1205.0,2.0,40.0,2.0,3319.5020746887967
7268,Whitefield,1125.0,2.0,40.0,2.0,3555.5555555555557
7269,Whitefield,1216.0,2.0,69.06,2.0,5679.276315789473
7270,Whitefield,1216.0,2.0,75.0,2.0,6167.763157894737
7271,Whitefield,1355.0,2.0,78.0,2.0,5756.457564575646
7272,Whitefield,1255.0,2.0,77.0,2.0,6135.4581673306775
7273,Whitefield,1216.0,2.0,73.0,2.0,6003.289473684211
7274,Whitefield,1140.0,2.0,45.0,2.0,3947.3684210526317
7275,Whitefield,1190.0,2.0,60.0,2.0,5042.016806722689
7276,Whitefield,1312.0,2.0,55.0,2.0,4192.073170731707
7277,Whitefield,1745.0,3.0,100.0,3.0,5730.659025787965
7278,Whitefield,3200.0,4.0,224.0,4.0,7000.0
7279,Whitefield,1096.0,2.0,39.0,2.0,3558.394160583942
7280,Whitefield,825.0,1.0,44.9,1.0,5442.424242424242
7281,Whitefield,1116.0,2.0,51.91,2.0,4651.433691756272
7282,Whitefield,1227.0,2.0,53.49,2.0,4359.413202933985
7283,Whitefield,1235.0,2.0,47.0,2.0,3805.668016194332
7284,Whitefield,1870.0,3.0,138.0,3.0,7379.679144385027
7285,Whitefield,1175.0,2.0,39.0,2.0,3319.148936170213
7286,Whitefield,1180.0,2.0,41.0,2.0,3474.576271186441
7287,Whitefield,1862.0,3.0,125.0,3.0,6713.211600429646
7288,Whitefield,1655.0,3.0,113.0,3.0,6827.794561933535
7289,Whitefield,530.0,1.0,29.44,1.0,5554.7169811320755
7290,Whitefield,1085.0,2.0,57.0,2.0,5253.4562211981565
7291,Whitefield,905.0,1.0,50.0,1.0,5524.861878453039
7292,Whitefield,1600.0,3.0,82.0,3.0,5125.0
7293,Whitefield,1230.0,4.0,80.0,4.0,6504.065040650406
7294,Whitefield,1255.0,2.0,40.0,2.0,3187.2509960159364
7295,Whitefield,905.0,1.0,52.0,1.0,5745.85635359116
7296,Whitefield,1200.0,3.0,57.15,3.0,4762.5
7297,Whitefield,1451.0,2.0,52.43,3.0,3613.370089593384
7298,Whitefield,1187.0,2.0,37.85,2.0,3188.7110362257795
7299,Whitefield,1216.0,2.0,83.0,2.0,6825.6578947368425
7300,Whitefield,1301.0,2.0,65.0,2.0,4996.156802459646
7301,Whitefield,1330.0,2.0,55.0,3.0,4135.338345864661
7302,Whitefield,1155.0,2.0,55.0,2.0,4761.9047619047615
7303,Whitefield,1355.0,3.0,76.0,2.0,5608.856088560886
7304,Whitefield,4075.0,5.0,226.0,4.0,5546.01226993865
7305,Whitefield,1216.0,2.0,75.0,2.0,6167.763157894737
7306,Whitefield,4000.0,4.0,380.0,4.0,9500.0
7307,Whitefield,1242.0,2.0,65.0,2.0,5233.494363929147
7308,Whitefield,1495.0,2.0,67.0,3.0,4481.605351170569
7309,Whitefield,1548.0,3.0,65.0,3.0,4198.966408268734
7310,Whitefield,1200.0,2.0,46.13,2.0,3844.1666666666665
7311,Whitefield,1200.0,2.0,46.13,2.0,3844.1666666666665
7312,Whitefield,1405.0,3.0,58.0,3.0,4128.113879003558
7313,Whitefield,1355.0,2.0,73.0,2.0,5387.453874538745
7314,Whitefield,2882.0,5.0,158.0,4.0,5482.303955586398
7315,Whitefield,750.0,1.0,51.0,1.0,6800.0
7316,Whitefield,1105.0,2.0,39.99,2.0,3619.004524886878
7317,Whitefield,1173.0,2.0,77.0,2.0,6564.364876385337
7318,Whitefield,1200.0,3.0,68.4,3.0,5700.000000000001
7319,Whitefield,982.0,2.0,37.0,2.0,3767.8207739307536
7320,Whitefield,1118.0,2.0,42.0,2.0,3756.7084078711987
7321,Whitefield,1216.0,2.0,69.0,2.0,5674.3421052631575
7322,Whitefield,3425.0,5.0,250.0,4.0,7299.270072992701
7323,Whitefield,1100.0,2.0,37.0,2.0,3363.6363636363635
7324,Whitefield,1200.0,3.0,56.0,3.0,4666.666666666667
7325,Whitefield,1550.0,2.0,49.6,3.0,3200.0
7326,Whitefield,2173.0,3.0,128.0,3.0,5890.473999079613
7327,Whitefield,1435.0,3.0,45.0,3.0,3135.8885017421603
7328,Whitefield,905.0,1.0,62.0,1.0,6850.828729281768
7329,Whitefield,1870.0,3.0,138.0,3.0,7379.679144385027
7330,Whitefield,1320.0,2.0,99.26,2.0,7519.69696969697
7331,Whitefield,2901.0,4.0,190.0,3.0,6549.465701482248
7332,Whitefield,1485.0,2.0,96.51,2.0,6498.989898989899
7333,Whitefield,1755.0,3.0,101.0,3.0,5754.985754985755
7334,Whitefield,1608.0,2.0,63.0,3.0,3917.910447761194
7335,Whitefield,2225.0,3.0,149.0,3.0,6696.6292134831465
7336,Whitefield,1250.0,2.0,82.0,2.0,6560.0
7337,Whitefield,605.0,1.0,40.0,1.0,6611.570247933884
7338,Whitefield,1185.0,2.0,41.0,2.0,3459.915611814346
7339,Whitefield,1200.0,3.0,56.58,3.0,4715.0
7340,Whitefield,2210.0,3.0,156.0,3.0,7058.823529411765
7341,Whitefield,1173.0,2.0,78.2,2.0,6666.666666666667
7342,Whitefield,1740.0,4.0,130.0,3.0,7471.264367816092
7343,Whitefield,1216.0,2.0,75.0,2.0,6167.763157894737
7344,Whitefield,1060.0,2.0,35.0,2.0,3301.8867924528304
7345,Whitefield,1655.0,3.0,120.0,3.0,7250.755287009063
7346,Whitefield,4003.0,6.0,300.0,4.0,7494.379215588308
7347,Whitefield,1125.0,2.0,45.0,2.0,4000.0
7348,Whitefield,1180.0,2.0,70.0,2.0,5932.203389830508
7349,Whitefield,1280.0,2.0,69.0,2.0,5390.625
7350,Whitefield,2023.0,4.0,130.0,3.0,6426.099851705388
7351,Whitefield,2134.0,4.0,118.0,3.0,5529.522024367385
7352,Whitefield,1458.0,2.0,62.0,3.0,4252.400548696845
7353,Whitefield,1808.0,4.0,80.0,3.0,4424.778761061947
7354,Whitefield,905.0,1.0,60.0,1.0,6629.834254143647
7355,Whitefield,1537.0,2.0,70.0,3.0,4554.326610279766
7356,Whitefield,1186.0,2.0,55.0,2.0,4637.43676222597
7357,Whitefield,1806.0,3.0,85.0,3.0,4706.5337763012185
7358,Whitefield,1109.0,2.0,35.22,2.0,3175.834084761046
7359,Whitefield,1216.0,2.0,67.0,2.0,5509.868421052632
7360,Whitefield,1452.0,3.0,90.0,3.0,6198.347107438017
7361,Whitefield,2850.0,5.0,240.0,4.0,8421.052631578947
7362,Whitefield,1150.0,2.0,55.0,2.0,4782.608695652174
7363,Whitefield,1600.0,3.0,69.0,3.0,4312.5
7364,Whitefield,2830.0,5.0,190.0,4.0,6713.780918727915
7365,Whitefield,1295.0,2.0,78.5,2.0,6061.776061776061
7366,Whitefield,840.0,1.0,57.6,1.0,6857.142857142857
7367,Whitefield,1991.0,3.0,104.0,3.0,5223.505775991964
7368,Whitefield,1190.0,2.0,41.0,2.0,3445.378151260504
7369,Whitefield,1109.0,2.0,35.47,2.0,3198.376916140667
7370,Whitefield,5200.0,5.0,242.0,4.0,4653.846153846154
7371,Whitefield,1655.0,3.0,97.0,3.0,5861.027190332326
7372,Whitefield,1850.0,3.0,150.0,3.0,8108.108108108108
7373,Whitefield,1200.0,3.0,67.77,3.0,5647.5
7374,Whitefield,1290.0,2.0,90.0,2.0,6976.7441860465115
7375,Whitefield,1200.0,2.0,45.0,2.0,3750.0
7376,Whitefield,1140.0,2.0,40.0,2.0,3508.7719298245615
7377,Whitefield,1216.0,2.0,75.0,2.0,6167.763157894737
7378,Whitefield,1356.0,2.0,94.84,2.0,6994.100294985251
7379,Whitefield,1338.0,2.0,103.0,2.0,7698.056801195815
7380,Whitefield,1115.0,2.0,55.0,2.0,4932.735426008969
7381,Whitefield,1870.0,3.0,90.0,3.0,4812.834224598931
7382,Whitefield,3450.0,4.0,208.0,3.0,6028.985507246377
7383,Whitefield,1105.0,2.0,35.36,2.0,3200.0
7384,Whitefield,1074.0,2.0,42.79,2.0,3984.171322160149
7385,Whitefield,1100.0,2.0,52.0,2.0,4727.272727272727
7386,Whitefield,1267.0,2.0,90.33,2.0,7129.439621152328
7387,Whitefield,2400.0,4.0,143.0,4.0,5958.333333333333
7388,Whitefield,1836.0,3.0,125.0,3.0,6808.278867102396
7389,Whitefield,1197.0,2.0,50.0,2.0,4177.109440267335
7390,Whitefield,3596.0,3.0,200.0,3.0,5561.735261401557
7391,Whitefield,1275.0,2.0,65.0,3.0,5098.0392156862745
7392,Whitefield,1155.0,2.0,39.0,2.0,3376.6233766233768
7393,Whitefield,1141.0,2.0,62.0,2.0,5433.829973707274
7394,Whitefield,1216.0,2.0,82.0,2.0,6743.421052631579
7395,Whitefield,1495.0,3.0,88.0,2.0,5886.28762541806
7396,Whitefield,1564.0,3.0,103.0,3.0,6585.677749360614
7397,Whitefield,1585.0,3.0,84.0,3.0,5299.6845425867505
7398,Whitefield,1200.0,3.0,56.0,3.0,4666.666666666667
7399,Whitefield,1140.0,2.0,50.0,2.0,4385.964912280701
7400,Whitefield,1558.0,3.0,90.0,3.0,5776.636713735558
7401,Whitefield,1216.0,2.0,75.0,2.0,6167.763157894737
7402,Whitefield,1227.0,2.0,70.0,2.0,5704.9714751426245
7403,Whitefield,1704.0,3.0,120.0,3.0,7042.2535211267605
7404,Whitefield,1256.0,2.0,73.0,2.0,5812.101910828025
7405,Whitefield,1195.0,2.0,62.38,2.0,5220.083682008368
7406,Whitefield,1770.0,4.0,68.0,3.0,3841.80790960452
7407,Whitefield,1300.0,2.0,78.0,2.0,6000.0
7408,Whitefield,1570.0,3.0,88.0,3.0,5605.095541401274
7409,Whitefield,1216.0,2.0,84.03,2.0,6910.361842105263
7410,Whitefield,1240.0,2.0,70.0,2.0,5645.1612903225805
7411,Whitefield,1216.0,2.0,72.5,2.0,5962.171052631579
7412,Whitefield,1215.0,2.0,40.0,2.0,3292.1810699588477
7413,Whitefield,2025.0,4.0,115.0,3.0,5679.0123456790125
7414,Whitefield,1346.0,2.0,100.0,3.0,7429.420505200595
7415,Whitefield,1020.0,2.0,45.0,2.0,4411.764705882353
7416,Whitefield,935.0,2.0,32.72,2.0,3499.4652406417113
7417,Whitefield,1024.0,2.0,32.0,2.0,3125.0
7418,Whitefield,2990.0,3.0,198.0,4.0,6622.0735785953175
7419,Whitefield,1600.0,3.0,69.1,3.0,4318.749999999999
7420,Whitefield,1205.0,2.0,58.0,2.0,4813.278008298756
7421,Whitefield,1720.0,3.0,98.97,3.0,5754.069767441861
7422,Whitefield,1600.0,3.0,95.0,3.0,5937.5
7423,Whitefield,1655.0,3.0,108.0,3.0,6525.679758308157
7424,Whitefield,1740.0,3.0,95.0,3.0,5459.770114942528
7425,Whitefield,1200.0,3.0,56.72,3.0,4726.666666666667
7426,Whitefield,1350.0,2.0,88.0,2.0,6518.518518518518
7427,Whitefield,1030.0,2.0,44.0,2.0,4271.844660194175
7428,Whitefield,1216.0,2.0,80.0,2.0,6578.9473684210525
7429,Whitefield,2900.0,4.0,225.0,4.0,7758.620689655172
7430,Whitefield,1340.0,2.0,101.0,2.0,7537.313432835821
7431,Whitefield,1190.0,2.0,64.0,2.0,5378.151260504202
7432,Whitefield,1500.0,3.0,78.57,3.0,5237.999999999999
7433,Whitefield,1626.0,3.0,85.0,3.0,5227.552275522755
7434,Whitefield,1195.0,2.0,61.36,2.0,5134.728033472803
7435,Whitefield,1100.0,2.0,65.0,2.0,5909.090909090909
7436,Whitefield,1100.0,2.0,46.5,2.0,4227.272727272727
7437,Whitefield,1270.0,2.0,65.0,3.0,5118.110236220473
7438,Whitefield,3117.0,3.0,261.0,3.0,8373.435996150145
7439,Whitefield,1216.0,2.0,73.0,2.0,6003.289473684211
7440,Whitefield,1135.0,2.0,58.0,2.0,5110.132158590309
7441,Whitefield,3150.0,3.0,290.0,3.0,9206.349206349207
7442,Whitefield,1185.0,2.0,56.0,2.0,4725.738396624472
7443,Whitefield,2956.0,5.0,234.0,4.0,7916.102841677944
7444,Whitefield,1530.0,3.0,75.0,3.0,4901.9607843137255
7445,Whitefield,1015.0,2.0,45.0,2.0,4433.4975369458125
7446,Whitefield,1187.0,2.0,38.0,2.0,3201.3479359730413
7447,Whitefield,2247.0,3.0,145.0,3.0,6453.048509123276
7448,Whitefield,3940.0,5.0,265.0,4.0,6725.888324873096
7449,Whitefield,1190.0,2.0,59.0,2.0,4957.983193277311
7450,Whitefield,1160.0,2.0,67.0,2.0,5775.862068965517
7451,Whitefield,1216.0,2.0,66.88,2.0,5500.0
7452,Whitefield,1180.0,2.0,77.0,2.0,6525.423728813559
7453,Whitefield,2140.0,3.0,139.0,3.0,6495.327102803738
7454,Whitefield,1314.0,2.0,84.0,2.0,6392.6940639269405
7455,Whitefield,1530.0,3.0,73.0,3.0,4771.24183006536
7456,Whitefield,1160.0,2.0,39.0,2.0,3362.0689655172414
7457,Whitefield,1012.0,2.0,58.0,2.0,5731.225296442688
7458,Whitefield,1150.0,2.0,40.21,2.0,3496.521739130435
7459,Whitefield,1495.0,2.0,70.0,3.0,4682.274247491639
7460,Whitefield,1340.0,2.0,41.0,2.0,3059.7014925373132
7461,Whitefield,1431.0,3.0,85.0,3.0,5939.902166317261
7462,Whitefield,524.0,1.0,29.0,1.0,5534.3511450381675
7463,Whitefield,2830.0,4.0,161.0,4.0,5689.04593639576
7464,Whitefield,2135.0,3.0,149.0,4.0,6978.922716627635
7465,Whitefield,2500.0,4.0,100.0,4.0,4000.0
7466,Whitefield,3075.0,2.0,188.0,4.0,6113.821138211382
7467,Whitefield,1760.0,3.0,160.0,3.0,9090.90909090909
7468,Whitefield,1655.0,3.0,110.0,3.0,6646.525679758308
7469,Whitefield,840.0,1.0,57.0,1.0,6785.714285714285
7470,Whitefield,1725.0,3.0,106.0,3.0,6144.927536231884
7471,Whitefield,1130.0,2.0,36.0,2.0,3185.8407079646017
7472,Whitefield,1059.0,2.0,57.0,2.0,5382.43626062323
7473,Whitefield,516.0,1.0,39.0,1.0,7558.139534883721
7474,Whitefield,1116.0,2.0,51.91,2.0,4651.433691756272
7475,Whitefield,6000.0,4.0,410.0,4.0,6833.333333333333
7476,Whitefield,1639.0,3.0,107.0,3.0,6528.370957901159
7477,Whitefield,1820.0,3.0,113.0,3.0,6208.791208791209
7478,Whitefield,1990.0,3.0,98.0,3.0,4924.62311557789
7479,Whitefield,3565.0,4.0,218.0,4.0,6115.007012622721
7480,Whitefield,3410.0,5.0,253.0,4.0,7419.354838709677
7481,Whitefield,1345.0,3.0,58.0,3.0,4312.267657992565
7482,Whitefield,1205.0,2.0,41.0,2.0,3402.4896265560164
7483,Whitefield,4500.0,4.0,330.0,4.0,7333.333333333333
7484,Whitefield,1250.0,2.0,85.0,2.0,6800.0
7485,Whitefield,1115.0,2.0,51.91,2.0,4655.605381165919
7486,Whitefield,1277.0,2.0,77.0,2.0,6029.757243539546
7487,Whitefield,1820.0,3.0,140.0,3.0,7692.307692307692
7488,Whitefield,3453.0,4.0,247.0,4.0,7153.200115841298
7489,Whitefield,1245.0,2.0,59.76,2.0,4800.0
7490,Whitefield,1074.0,2.0,42.8,2.0,3985.102420856611
7491,Whitefield,1200.0,2.0,46.13,2.0,3844.1666666666665
7492,Whitefield,1200.0,2.0,45.84,2.0,3820.0
7493,Whitefield,2280.0,4.0,125.0,3.0,5482.456140350877
7494,Whitefield,2882.0,5.0,200.0,4.0,6939.625260235947
7495,Whitefield,1170.0,2.0,56.0,2.0,4786.324786324786
7496,Whitefield,1390.0,2.0,72.0,2.0,5179.856115107914
7497,Whitefield,1634.0,3.0,68.0,3.0,4161.566707466341
7498,Whitefield,1190.0,2.0,70.0,2.0,5882.35294117647
7499,Whitefield,1105.0,2.0,35.4,2.0,3203.6199095022625
7500,Whitefield,1270.0,2.0,94.0,2.0,7401.574803149606
7501,Whitefield,1220.0,2.0,89.0,2.0,7295.081967213115
7502,Whitefield,1116.0,2.0,51.91,2.0,4651.433691756272
7503,Whitefield,1436.0,2.0,62.15,3.0,4327.994428969359
7504,Whitefield,3758.0,3.0,300.0,3.0,7982.969664715274
7505,Whitefield,1452.0,2.0,46.29,3.0,3188.0165289256197
7506,Whitefield,1370.0,2.0,56.0,2.0,4087.5912408759123
7507,Whitefield,1050.0,2.0,43.0,2.0,4095.2380952380954
7508,Whitefield,1496.0,2.0,71.81,3.0,4800.133689839572
7509,Whitefield,1216.0,2.0,72.0,2.0,5921.0526315789475
7510,Whitefield,1158.0,2.0,55.0,2.0,4749.568221070812
7511,Whitefield,5400.0,5.0,475.0,4.0,8796.296296296296
7512,Whitefield,1396.0,3.0,74.0,3.0,5300.859598853868
7513,Whitefield,1175.0,2.0,41.0,2.0,3489.3617021276596
7514,Whitefield,1315.0,2.0,55.0,2.0,4182.509505703422
7515,Whitefield,1451.0,2.0,46.4,3.0,3197.7946243969677
7516,Whitefield,1063.0,2.0,42.52,2.0,4000.0
7517,Whitefield,1346.0,2.0,76.01,2.0,5647.102526002973
7518,Whitefield,1276.0,2.0,69.5,2.0,5446.7084639498435
7519,Whitefield,1317.0,2.0,52.0,2.0,3948.3675018982535
7520,Whitefield,1615.0,3.0,96.9,3.0,6000.0
7521,Whitefield,1220.0,2.0,55.0,2.0,4508.196721311476
7522,Whitefield,1116.0,2.0,48.76,2.0,4369.1756272401435
7523,Whitefield,1400.0,2.0,56.0,3.0,4000.0
7524,Whitefield,1140.0,2.0,55.0,2.0,4824.561403508772
7525,Whitefield,1295.0,2.0,64.5,2.0,4980.694980694981
7526,Whitefield,1200.0,2.0,70.0,2.0,5833.333333333333
7527,Whitefield,1015.0,2.0,56.0,2.0,5517.241379310345
7528,Whitefield,1430.0,3.0,52.0,3.0,3636.3636363636365
7529,Whitefield,1216.0,2.0,75.0,2.0,6167.763157894737
7530,Whitefield,1010.0,2.0,45.0,3.0,4455.445544554455
7531,Whitefield,2321.0,4.0,157.0,3.0,6764.325721671693
7532,Whitefield,1224.0,2.0,75.0,2.0,6127.450980392156
7533,Whitefield,1655.0,3.0,113.0,3.0,6827.794561933535
7534,Whitefield,1740.0,3.0,85.0,3.0,4885.057471264367
7535,Whitefield,4144.0,5.0,331.0,5.0,7987.451737451737
7536,Whitefield,925.0,2.0,35.0,2.0,3783.7837837837837
7537,Whitefield,1175.0,2.0,50.0,2.0,4255.31914893617
7538,Whitefield,1200.0,3.0,67.75,3.0,5645.833333333333
7539,Whitefield,2444.0,4.0,145.0,4.0,5932.896890343699
7540,Whitefield,1270.0,2.0,110.0,2.0,8661.417322834646
7541,Whitefield,1660.0,3.0,110.0,3.0,6626.506024096386
7542,Whitefield,1270.0,2.0,105.0,2.0,8267.71653543307
7543,Whitefield,1315.0,2.0,69.5,2.0,5285.171102661597
7544,Whitefield,1173.0,2.0,78.2,2.0,6666.666666666667
7545,Whitefield,1362.0,2.0,85.0,2.0,6240.822320117474
7546,Whitefield,1457.0,2.0,105.0,3.0,7206.588881262869
7547,Whitefield,1720.0,3.0,128.0,3.0,7441.860465116279
7548,Whitefield,1500.0,3.0,61.9,3.0,4126.666666666667
7549,Whitefield,1495.0,2.0,78.0,2.0,5217.391304347826
7550,Whitefield,1270.0,2.0,52.0,2.0,4094.488188976378
7551,Whitefield,1564.0,3.0,103.0,3.0,6585.677749360614
7552,Whitefield,1240.0,2.0,41.0,2.0,3306.451612903226
7553,Whitefield,1500.0,3.0,71.0,3.0,4733.333333333333
7554,Whitefield,1404.0,2.0,59.0,3.0,4202.279202279202
7555,Whitefield,1639.0,3.0,107.0,3.0,6528.370957901159
7556,Whitefield,1760.0,3.0,139.0,3.0,7897.727272727273
7557,Whitefield,613.0,1.0,48.0,1.0,7830.342577487765
7558,Whitefield,1730.0,3.0,125.0,3.0,7225.43352601156
7559,Whitefield,1453.0,2.0,58.0,3.0,3991.741225051617
7560,Whitefield,877.0,1.0,59.0,1.0,6727.480045610034
7561,Whitefield,3453.0,4.0,231.0,5.0,6689.834926151173
7562,Yelachenahalli,1400.0,2.0,55.0,3.0,3928.5714285714284
7563,Yelachenahalli,1464.0,2.0,105.0,3.0,7172.131147540984
7564,Yelachenahalli,2400.0,1.0,150.0,2.0,6250.0
7565,Yelachenahalli,1700.0,3.0,130.0,3.0,7647.058823529412
7566,Yelachenahalli,1080.0,2.0,55.0,2.0,5092.592592592592
7567,Yelachenahalli,1400.0,2.0,78.0,2.0,5571.428571428572
7568,Yelachenahalli,1330.0,3.0,73.5,3.0,5526.315789473684
7569,Yelachenahalli,800.0,1.0,30.0,2.0,3750.0
7570,Yelachenahalli,1100.0,2.0,60.0,2.0,5454.545454545455
7571,Yelachenahalli,1365.0,2.0,72.0,3.0,5274.725274725275
7572,Yelachenahalli,1103.0,2.0,55.0,2.0,4986.400725294651
7573,Yelachenahalli,1000.0,2.0,50.0,2.0,5000.0
7574,Yelahanka,1600.0,2.0,75.0,3.0,4687.5
7575,Yelahanka,1326.0,2.0,78.0,2.0,5882.35294117647
7576,Yelahanka,1282.0,2.0,48.7,3.0,3798.751950078003
7577,Yelahanka,1350.0,2.0,55.55,2.0,4114.814814814815
7578,Yelahanka,1035.0,2.0,45.0,2.0,4347.826086956522
7579,Yelahanka,1350.0,2.0,54.0,2.0,4000.0
7580,Yelahanka,1210.0,2.0,45.98,2.0,3800.0
7581,Yelahanka,1705.0,3.0,95.0,3.0,5571.847507331378
7582,Yelahanka,1234.0,2.0,80.0,2.0,6482.982171799027
7583,Yelahanka,1315.0,2.0,85.0,2.0,6463.878326996198
7584,Yelahanka,1170.0,2.0,62.5,2.0,5341.880341880342
7585,Yelahanka,697.0,1.0,45.0,1.0,6456.241032998565
7586,Yelahanka,1120.0,2.0,55.0,2.0,4910.714285714285
7587,Yelahanka,2195.0,4.0,127.0,3.0,5785.876993166287
7588,Yelahanka,1075.0,2.0,51.5,2.0,4790.697674418605
7589,Yelahanka,1614.0,3.0,95.0,3.0,5885.9975216852545
7590,Yelahanka,1381.0,2.0,52.48,3.0,3800.1448225923245
7591,Yelahanka,628.0,1.0,24.0,1.0,3821.6560509554142
7592,Yelahanka,890.0,2.0,40.0,2.0,4494.38202247191
7593,Yelahanka,1815.0,3.0,82.0,3.0,4517.906336088155
7594,Yelahanka,654.0,1.0,38.4,1.0,5871.559633027523
7595,Yelahanka,1150.0,2.0,46.0,2.0,4000.0
7596,Yelahanka,1705.0,3.0,74.16,3.0,4349.560117302053
7597,Yelahanka,3042.0,4.0,131.0,4.0,4306.37738330046
7598,Yelahanka,1065.0,2.0,40.84,2.0,3834.7417840375592
7599,Yelahanka,1036.0,2.0,39.35,2.0,3798.262548262548
7600,Yelahanka,1300.0,2.0,65.0,2.0,5000.0
7601,Yelahanka,1825.0,3.0,105.0,3.0,5753.424657534247
7602,Yelahanka,1603.0,3.0,96.0,3.0,5988.7710542732375
7603,Yelahanka,1304.0,2.0,79.0,2.0,6058.2822085889575
7604,Yelahanka,1455.0,3.0,61.5,3.0,4226.80412371134
7605,Yelahanka,1180.0,2.0,42.0,2.0,3559.322033898305
7606,Yelahanka,1616.0,3.0,65.0,3.0,4022.2772277227723
7607,Yelahanka,915.0,2.0,48.0,2.0,5245.901639344263
7608,Yelahanka,1026.0,2.0,41.0,2.0,3996.101364522417
7609,Yelahanka,1517.0,3.0,76.3,3.0,5029.663810151615
7610,Yelahanka,600.0,2.0,27.0,2.0,4500.0
7611,Yelahanka,1274.0,2.0,48.42,2.0,3800.6279434850862
7612,Yelahanka,1327.0,2.0,85.0,2.0,6405.42577241899
7613,Yelahanka,1371.0,2.0,65.0,3.0,4741.064916119621
7614,Yelahanka,1712.0,3.0,82.0,3.0,4789.719626168225
7615,Yelahanka,1566.0,3.0,97.0,3.0,6194.125159642401
7616,Yelahanka,1180.0,3.0,55.0,3.0,4661.016949152542
7617,Yelahanka,1270.0,2.0,78.0,2.0,6141.7322834645665
7618,Yelahanka,1400.0,2.0,80.54,3.0,5752.857142857143
7619,Yelahanka,1391.0,2.0,64.5,3.0,4636.951833213516
7620,Yelahanka,1322.0,2.0,86.0,2.0,6505.295007564297
7621,Yelahanka,1100.0,2.0,70.0,2.0,6363.636363636364
7622,Yelahanka,1200.0,2.0,70.0,2.0,5833.333333333333
7623,Yelahanka,1326.0,2.0,57.0,2.0,4298.6425339366515
7624,Yelahanka,4000.0,5.0,220.0,5.0,5500.0
7625,Yelahanka,2675.0,4.0,140.0,4.0,5233.644859813084
7626,Yelahanka,1500.0,2.0,63.0,3.0,4200.0
7627,Yelahanka,654.0,1.0,37.0,1.0,5657.492354740061
7628,Yelahanka,1465.0,3.0,80.01,3.0,5461.433447098977
7629,Yelahanka,1721.0,3.0,80.86,3.0,4698.4311446833235
7630,Yelahanka,1060.0,2.0,40.0,2.0,3773.5849056603774
7631,Yelahanka,1226.0,2.0,52.71,2.0,4299.347471451876
7632,Yelahanka,1692.0,3.0,83.0,3.0,4905.437352245863
7633,Yelahanka,1033.0,2.0,52.58,2.0,5090.0290416263315
7634,Yelahanka,1390.0,2.0,65.31,2.0,4698.561151079137
7635,Yelahanka,1040.0,2.0,48.86,2.0,4698.076923076923
7636,Yelahanka,1345.0,2.0,57.0,3.0,4237.918215613383
7637,Yelahanka,2145.0,3.0,125.0,3.0,5827.505827505827
7638,Yelahanka,1200.0,2.0,54.0,2.0,4500.0
7639,Yelahanka,1322.0,2.0,75.0,2.0,5673.2223903177
7640,Yelahanka,1036.0,2.0,39.37,2.0,3800.1930501930497
7641,Yelahanka,602.0,1.0,26.0,1.0,4318.936877076412
7642,Yelahanka,1100.0,2.0,60.0,2.0,5454.545454545455
7643,Yelahanka,1614.0,2.0,100.0,3.0,6195.786864931846
7644,Yelahanka,1890.0,3.0,108.0,3.0,5714.285714285715
7645,Yelahanka,1556.0,3.0,86.0,3.0,5526.9922879177375
7646,Yelahanka,1610.0,4.0,85.0,3.0,5279.503105590062
7647,Yelahanka,1075.0,2.0,42.0,3.0,3906.9767441860463
7648,Yelahanka,1484.0,2.0,56.4,3.0,3800.5390835579515
7649,Yelahanka,1260.0,2.0,59.2,2.0,4698.412698412699
7650,Yelahanka,1102.0,2.0,52.0,2.0,4718.693284936479
7651,Yelahanka,1519.0,2.0,65.0,2.0,4279.131007241606
7652,Yelahanka,1859.0,3.0,108.0,3.0,5809.575040344271
7653,Yelahanka,1050.0,2.0,45.0,2.0,4285.714285714285
7654,Yelahanka,1322.0,2.0,80.0,2.0,6051.437216338881
7655,Yelahanka,1285.0,2.0,56.0,2.0,4357.976653696498
7656,Yelahanka,845.0,2.0,43.0,2.0,5088.757396449704
7657,Yelahanka,2600.0,4.0,175.0,4.0,6730.7692307692305
7658,Yelahanka,1305.0,2.0,78.0,2.0,5977.0114942528735
7659,Yelahanka,1180.0,2.0,56.0,2.0,4745.762711864407
7660,Yelahanka,1711.0,3.0,85.61,3.0,5003.506721215664
7661,Yelahanka,1315.0,2.0,75.0,2.0,5703.42205323194
7662,Yelahanka,3600.0,6.0,200.0,6.0,5555.555555555556
7663,Yelahanka,1390.0,2.0,70.21,2.0,5051.079136690647
7664,Yelahanka,1614.0,3.0,95.0,3.0,5885.9975216852545
7665,Yelahanka,1650.0,3.0,105.0,3.0,6363.636363636364
7666,Yelahanka,1200.0,2.0,55.0,2.0,4583.333333333333
7667,Yelahanka,990.0,2.0,37.62,2.0,3799.9999999999995
7668,Yelahanka,935.0,2.0,35.53,2.0,3800.0
7669,Yelahanka,1282.0,2.0,48.72,3.0,3800.312012480499
7670,Yelahanka,3990.0,4.0,260.0,4.0,6516.290726817043
7671,Yelahanka,1620.0,3.0,90.0,3.0,5555.555555555556
7672,Yelahanka,654.0,1.0,36.25,1.0,5542.813455657492
7673,Yelahanka,1614.0,3.0,93.0,3.0,5762.081784386617
7674,Yelahanka,694.0,1.0,30.84,1.0,4443.804034582133
7675,Yelahanka,1115.0,2.0,60.0,2.0,5381.165919282511
7676,Yelahanka,2317.0,4.0,140.0,3.0,6042.296072507553
7677,Yelahanka,1653.0,3.0,93.0,3.0,5626.134301270417
7678,Yelahanka,654.0,1.0,38.0,1.0,5810.397553516819
7679,Yelahanka,1633.0,2.0,72.0,2.0,4409.0630740967545
7680,Yelahanka,1445.0,2.0,82.0,2.0,5674.740484429066
7681,Yelahanka,1225.0,2.0,62.0,2.0,5061.224489795918
7682,Yelahanka,602.0,1.0,38.0,1.0,6312.292358803987
7683,Yelahanka,697.0,1.0,35.0,1.0,5021.520803443329
7684,Yelahanka,1065.0,2.0,41.38,2.0,3885.446009389672
7685,Yelahanka,682.0,1.0,36.23,1.0,5312.316715542522
7686,Yelahanka,1023.0,2.0,52.59,2.0,5140.762463343109
7687,Yelahanka,1560.0,2.0,98.0,3.0,6282.051282051282
7688,Yelahanka,1780.0,3.0,107.0,3.0,6011.23595505618
7689,Yelahanka,1342.0,2.0,75.0,3.0,5588.673621460507
7690,Yelahanka,1823.0,3.0,103.0,3.0,5650.027427317608
7691,Yelahanka,1792.0,3.0,104.0,3.0,5803.571428571428
7692,Yelahanka,1304.0,2.0,69.97,2.0,5365.79754601227
7693,Yelahanka,1250.0,2.0,54.0,2.0,4320.0
7694,Yelahanka,1270.0,2.0,57.0,2.0,4488.188976377953
7695,Yelahanka,1300.0,2.0,69.23,2.0,5325.384615384615
7696,Yelahanka,1705.0,3.0,91.0,3.0,5337.243401759531
7697,Yelahanka,1890.0,4.0,85.0,3.0,4497.354497354498
7698,Yelahanka,1835.0,3.0,108.0,3.0,5885.558583106267
7699,Yelahanka,1847.0,3.0,92.0,3.0,4981.050351922036
7700,Yelahanka,2500.0,3.0,120.0,5.0,4800.0
7701,Yelahanka,1890.0,3.0,109.0,3.0,5767.195767195767
7702,Yelahanka,700.0,1.0,38.0,1.0,5428.571428571428
7703,Yelahanka,1491.0,3.0,85.0,3.0,5700.871898054997
7704,Yelahanka,2088.0,5.0,110.0,4.0,5268.199233716475
7705,Yelahanka,1185.0,2.0,45.0,2.0,3797.46835443038
7706,Yelahanka,1517.0,3.0,71.28,3.0,4698.7475280158205
7707,Yelahanka,3019.0,6.0,190.0,4.0,6293.474660483604
7708,Yelahanka,1756.0,3.0,66.73,3.0,3800.113895216401
7709,Yelahanka,1600.0,3.0,100.0,3.0,6250.0
7710,Yelahanka,1664.0,3.0,73.95,3.0,4444.110576923077
7711,Yelahanka,1140.0,2.0,50.66,2.0,4443.859649122807
7712,Yelahanka,1200.0,2.0,60.0,2.0,5000.0
7713,Yelahanka,1705.0,3.0,85.0,3.0,4985.337243401759
7714,Yelahanka,1350.0,2.0,85.0,3.0,6296.2962962962965
7715,Yelahanka,1633.0,3.0,110.0,3.0,6736.068585425597
7716,Yelahanka,1355.0,2.0,75.0,3.0,5535.055350553505
7717,Yelahanka,3175.0,4.0,156.0,4.0,4913.385826771653
7718,Yelahanka,1408.0,2.0,58.0,2.0,4119.318181818182
7719,Yelahanka,1104.0,2.0,58.0,2.0,5253.623188405797
7720,Yelahanka,1325.0,2.0,58.0,3.0,4377.358490566037
7721,Yelahanka,1175.0,2.0,67.77,2.0,5767.659574468085
7722,Yelahanka,1322.0,2.0,77.9,2.0,5892.586989409986
7723,Yelahanka,602.0,1.0,33.0,1.0,5481.72757475083
7724,Yelahanka,1315.0,2.0,77.0,2.0,5855.513307984791
7725,Yelahanka,1430.0,3.0,61.0,3.0,4265.734265734266
7726,Yelahanka,1355.0,2.0,51.5,3.0,3800.7380073800737
7727,Yelahanka,567.0,1.0,25.0,1.0,4409.171075837742
7728,Yelahanka,1045.0,2.0,45.0,2.0,4306.2200956937795
7729,Yelahanka,602.0,2.0,30.0,1.0,4983.388704318937
7730,Yelahanka,1362.0,2.0,66.0,2.0,4845.814977973569
7731,Yelahanka,1234.0,2.0,80.0,2.0,6482.982171799027
7732,Yelahanka,1282.0,2.0,48.72,3.0,3800.312012480499
7733,Yelahanka,1180.0,2.0,55.0,2.0,4661.016949152542
7734,Yelahanka,1267.0,3.0,78.0,2.0,6156.274664561957
7735,Yelahanka,1360.0,2.0,78.19,2.0,5749.264705882353
7736,Yelahanka,1025.0,2.0,44.0,2.0,4292.682926829269
7737,Yelahanka New Town,650.0,1.0,33.0,1.0,5076.923076923077
7738,Yelahanka New Town,500.0,1.0,20.0,1.0,4000.0
7739,Yelahanka New Town,440.0,1.0,16.5,1.0,3750.0
7740,Yelahanka New Town,1610.0,3.0,92.0,3.0,5714.285714285715
7741,Yelahanka New Town,1700.0,3.0,90.0,3.0,5294.117647058823
7742,Yelahanka New Town,650.0,1.0,20.0,1.0,3076.923076923077
7743,Yelahanka New Town,350.0,1.0,13.5,1.0,3857.1428571428573
7744,Yelahanka New Town,1541.0,3.0,80.0,3.0,5191.434133679429
7745,Yelahanka New Town,1385.0,2.0,65.0,2.0,4693.140794223827
7746,Yelahanka New Town,500.0,2.0,24.0,1.0,4800.0
7747,Yelahanka New Town,650.0,1.0,17.0,1.0,2615.3846153846152
7748,Yelahanka New Town,450.0,1.0,16.0,1.0,3555.5555555555557
7749,Yelahanka New Town,1599.0,3.0,80.0,3.0,5003.126954346467
7750,Yelahanka New Town,960.0,2.0,50.0,2.0,5208.333333333333
7751,Yelahanka New Town,2095.0,3.0,109.0,4.0,5202.863961813842
7752,Yelahanka New Town,1209.0,2.0,65.0,3.0,5376.344086021505
7753,Yelahanka New Town,1400.0,2.0,80.0,3.0,5714.285714285715
7754,Yelahanka New Town,450.0,1.0,15.0,1.0,3333.3333333333335
7755,Yelahanka New Town,500.0,1.0,18.0,1.0,3600.0
7756,Yelahanka New Town,1420.0,2.0,75.0,3.0,5281.69014084507
7757,Yelahanka New Town,2437.0,3.0,125.0,3.0,5129.257283545343
7758,Yelahanka New Town,2200.0,2.0,180.0,2.0,8181.818181818182
7759,Yelahanka New Town,488.0,1.0,20.0,1.0,4098.360655737705
7760,Yelahanka New Town,1100.0,2.0,58.0,2.0,5272.727272727273
7761,Yelahanka New Town,860.0,1.0,31.0,2.0,3604.6511627906975
7762,Yelahanka New Town,1800.0,2.0,45.0,3.0,2500.0
7763,Yelahanka New Town,1000.0,2.0,44.0,2.0,4400.0
7764,Yelahanka New Town,650.0,1.0,18.0,1.0,2769.230769230769
7765,Yelahanka New Town,1426.0,2.0,61.5,3.0,4312.762973352033
7766,Yelahanka New Town,1740.0,3.0,150.0,3.0,8620.689655172413
7767,Yelahanka New Town,1290.0,2.0,70.0,2.0,5426.356589147287
7768,Yelahanka New Town,1000.0,2.0,48.0,3.0,4800.0
7769,Yelenahalli,1240.0,2.0,47.12,2.0,3800.0
7770,Yelenahalli,1200.0,2.0,46.17,2.0,3847.5
7771,Yelenahalli,1600.0,3.0,61.37,3.0,3835.625
7772,Yelenahalli,1260.0,2.0,47.88,2.0,3800.0
7773,Yelenahalli,1500.0,2.0,57.0,3.0,3800.0
7774,Yelenahalli,1175.0,2.0,50.0,2.0,4255.31914893617
7775,Yelenahalli,1650.0,3.0,68.0,3.0,4121.212121212121
7776,Yelenahalli,1200.0,2.0,45.6,2.0,3800.0
7777,Yelenahalli,1200.0,2.0,46.17,2.0,3847.5
7778,Yelenahalli,1160.0,2.0,44.08,2.0,3800.0
7779,Yeshwanthpur,2502.0,3.0,138.0,3.0,5515.587529976019
7780,Yeshwanthpur,1693.0,3.0,108.0,3.0,6379.208505611341
7781,Yeshwanthpur,667.0,1.0,36.85,1.0,5524.737631184408
7782,Yeshwanthpur,1950.0,4.0,130.0,4.0,6666.666666666667
7783,Yeshwanthpur,1170.0,2.0,57.0,2.0,4871.794871794872
7784,Yeshwanthpur,665.0,1.0,36.85,1.0,5541.353383458647
7785,Yeshwanthpur,1161.0,2.0,64.08,2.0,5519.37984496124
7786,Yeshwanthpur,2557.0,3.0,141.0,3.0,5514.274540477121
7787,Yeshwanthpur,1850.0,3.0,100.0,3.0,5405.405405405405
7788,Yeshwanthpur,671.0,1.0,36.85,1.0,5491.803278688524
7789,Yeshwanthpur,1852.0,3.0,160.0,3.0,8639.308855291576
7790,Yeshwanthpur,668.0,1.0,36.85,1.0,5516.4670658682635
7791,Yeshwanthpur,1185.0,2.0,75.84,2.0,6400.0
7792,Yeshwanthpur,1195.0,2.0,100.0,2.0,8368.200836820084
7793,Yeshwanthpur,1313.0,3.0,96.0,3.0,7311.500380807312
7794,Yeshwanthpur,1400.0,2.0,100.0,2.0,7142.857142857143
7795,Yeshwanthpur,2559.0,3.0,141.0,3.0,5509.964830011723
7796,Yeshwanthpur,1430.0,3.0,72.0,3.0,5034.965034965035
7797,Yeshwanthpur,673.0,1.0,36.85,1.0,5475.482912332838
7798,Yeshwanthpur,3600.0,5.0,220.0,4.0,6111.111111111111
7799,Yeshwanthpur,1168.0,2.0,64.08,2.0,5486.301369863014
7800,Yeshwanthpur,1382.0,2.0,76.18,3.0,5512.301013024603
7801,Yeshwanthpur,669.0,1.0,36.85,1.0,5508.221225710015
7802,Yeshwanthpur,1385.0,2.0,76.18,3.0,5500.3610108303255
7803,Yeshwanthpur,3027.0,4.0,260.0,3.0,8589.362405021473
7804,Yeshwanthpur,1200.0,2.0,63.0,2.0,5250.0
7805,Yeshwanthpur,1679.0,3.0,92.13,3.0,5487.194758784991
7806,Yeshwanthpur,670.0,1.0,36.85,1.0,5500.0
7807,Yeshwanthpur,1381.0,2.0,76.18,3.0,5516.292541636496
7808,Yeshwanthpur,1678.0,3.0,92.13,3.0,5490.464839094159
7809,Yeshwanthpur,1240.0,2.0,80.0,2.0,6451.612903225807
7810,Yeshwanthpur,1713.0,3.0,110.0,3.0,6421.482778750729
7811,Yeshwanthpur,1144.0,2.0,67.0,2.0,5856.643356643357
7812,Yeshwanthpur,1541.0,2.0,130.0,2.0,8436.080467229072
7813,Yeshwanthpur,2501.0,3.0,138.0,3.0,5517.792882846861
7814,Yeshwanthpur,1362.0,2.0,100.0,2.0,7342.143906020558
7815,Yeshwanthpur,666.0,1.0,36.8,1.0,5525.525525525525
7816,Yeshwanthpur,1855.0,3.0,140.0,3.0,7547.169811320755
7817,Yeshwanthpur,2504.0,3.0,138.0,3.0,5511.182108626198
7818,Yeshwanthpur,1165.0,2.0,85.0,2.0,7296.137339055794
7819,Yeshwanthpur,1163.0,2.0,64.08,2.0,5509.888220120379
7820,Yeshwanthpur,1165.0,2.0,64.08,2.0,5500.429184549356
7821,Yeshwanthpur,1825.0,3.0,145.0,3.0,7945.2054794520545
7822,Yeshwanthpur,1384.0,2.0,76.18,3.0,5504.3352601156075
7823,Yeshwanthpur,994.0,2.0,54.67,1.0,5500.0
7824,Yeshwanthpur,650.0,1.0,40.0,1.0,6153.846153846154
7825,Yeshwanthpur,1855.0,3.0,140.0,3.0,7547.169811320755
7826,Yeshwanthpur,1500.0,3.0,100.0,3.0,6666.666666666667
7827,Yeshwanthpur,1167.0,2.0,64.08,2.0,5491.002570694088
7828,Yeshwanthpur,1164.0,2.0,64.08,2.0,5505.154639175258
7829,Yeshwanthpur,1520.0,3.0,85.0,3.0,5592.105263157895
7830,Yeshwanthpur,1677.0,3.0,92.13,3.0,5493.738819320215
7831,Yeshwanthpur,674.0,1.0,36.85,1.0,5467.359050445104
7832,Yeshwanthpur,1383.0,2.0,76.18,3.0,5508.315256688359
7833,Yeshwanthpur,672.0,1.0,36.85,1.0,5483.630952380952
7834,Yeshwanthpur,1162.0,2.0,64.08,2.0,5514.629948364888
7835,Yeshwanthpur,1166.0,2.0,64.08,2.0,5495.711835334477
7836,Yeshwanthpur,1195.0,2.0,100.0,2.0,8368.200836820084
7837,Yeshwanthpur,1692.0,3.0,108.0,3.0,6382.978723404255
7838,Yeshwanthpur,1169.0,2.0,64.08,2.0,5481.6082121471345
7839,Yeshwanthpur,2500.0,5.0,185.0,6.0,7400.0
7840,Yeshwanthpur,2500.0,3.0,138.0,3.0,5520.0
7841,Yeshwanthpur,1160.0,2.0,64.08,2.0,5524.137931034483
7842,Yeshwanthpur,1676.0,3.0,92.13,3.0,5497.016706443914
7843,Yeshwanthpur,2503.0,3.0,138.0,3.0,5513.383939272872
7844,Yeshwanthpur,1855.0,3.0,135.0,3.0,7277.628032345014
7845,Yeshwanthpur,1876.0,3.0,160.0,3.0,8528.784648187633
7846,Yeshwanthpur,1675.0,3.0,92.13,3.0,5500.298507462687
7847,other,2770.0,4.0,290.0,3.0,10469.314079422382
7848,other,1100.0,2.0,48.0,2.0,4363.636363636364
7849,other,1250.0,3.0,56.0,3.0,4480.0
7850,other,600.0,1.0,38.0,1.0,6333.333333333333
7851,other,869.0,2.0,36.0,2.0,4142.692750287687
7852,other,1270.0,2.0,50.0,2.0,3937.0078740157483
7853,other,1500.0,2.0,185.0,2.0,12333.333333333334
7854,other,840.0,2.0,45.0,2.0,5357.142857142857
7855,other,4395.0,3.0,240.0,3.0,5460.750853242321
7856,other,845.0,2.0,55.0,2.0,6508.87573964497
7857,other,2511.0,3.0,205.0,3.0,8164.078056551175
7858,other,1660.0,2.0,105.0,3.0,6325.301204819277
7859,other,1450.0,2.0,70.0,3.0,4827.586206896552
7860,other,1200.0,2.0,65.0,2.0,5416.666666666667
7861,other,1200.0,3.0,90.0,3.0,7500.0
7862,other,1007.0,2.0,43.0,2.0,4270.109235352532
7863,other,1200.0,2.0,50.0,2.0,4166.666666666667
7864,other,966.0,2.0,49.9,2.0,5165.631469979296
7865,other,782.0,2.0,55.68,2.0,7120.204603580562
7866,other,1800.0,3.0,120.0,3.0,6666.666666666667
7867,other,1413.0,2.0,75.0,3.0,5307.855626326964
7868,other,945.0,2.0,54.0,2.0,5714.285714285715
7869,other,1870.0,3.0,110.0,3.0,5882.35294117647
7870,other,1260.0,2.0,85.05,3.0,6750.0
7871,other,1612.0,3.0,46.74,3.0,2899.5037220843674
7872,other,2795.0,4.0,235.0,3.0,8407.871198568873
7873,other,1350.0,2.0,48.0,3.0,3555.5555555555557
7874,other,1904.0,3.0,150.0,3.0,7878.151260504202
7875,other,2000.0,3.0,175.0,3.0,8750.0
7876,other,1425.0,2.0,75.0,3.0,5263.1578947368425
7877,other,1470.0,2.0,70.0,3.0,4761.9047619047615
7878,other,1500.0,3.0,100.0,3.0,6666.666666666667
7879,other,1340.0,2.0,55.7,2.0,4156.7164179104475
7880,other,1783.0,3.0,115.0,3.0,6449.8037016264725
7881,other,912.0,2.0,70.0,3.0,7675.438596491228
7882,other,1207.0,2.0,43.5,2.0,3603.976801988401
7883,other,1798.0,3.0,89.0,3.0,4949.944382647386
7884,other,1580.0,3.0,100.0,3.0,6329.113924050633
7885,other,1415.0,3.0,78.0,3.0,5512.367491166077
7886,other,2000.0,4.0,75.5,4.0,3775.0
7887,other,2405.0,4.0,260.0,3.0,10810.81081081081
7888,other,1500.0,2.0,115.0,2.0,7666.666666666667
7889,other,1148.0,2.0,60.0,2.0,5226.480836236934
7890,other,1110.0,2.0,55.0,2.0,4954.954954954955
7891,other,1500.0,2.0,65.0,3.0,4333.333333333333
7892,other,1080.0,2.0,39.0,2.0,3611.1111111111113
7893,other,1060.0,2.0,60.0,2.0,5660.377358490566
7894,other,2600.0,8.0,180.0,8.0,6923.076923076923
7895,other,1644.0,3.0,84.0,3.0,5109.489051094891
7896,other,1285.0,2.0,72.5,2.0,5642.023346303502
7897,other,4050.0,3.0,280.0,3.0,6913.580246913581
7898,other,1060.0,2.0,55.0,2.0,5188.679245283019
7899,other,900.0,2.0,22.5,2.0,2500.0
7900,other,1280.0,2.0,69.0,2.0,5390.625
7901,other,3045.0,3.0,170.0,3.0,5582.922824302134
7902,other,1464.0,3.0,46.0,3.0,3142.0765027322404
7903,other,700.0,1.0,26.0,2.0,3714.285714285714
7904,other,900.0,2.0,110.0,2.0,12222.222222222223
7905,other,4111.0,4.0,250.0,4.0,6081.24543906592
7906,other,1084.0,2.0,50.0,2.0,4612.546125461255
7907,other,950.0,2.0,47.0,2.0,4947.368421052632
7908,other,2000.0,4.0,120.0,4.0,6000.0
7909,other,1560.0,3.0,115.0,3.0,7371.794871794872
7910,other,850.0,2.0,27.0,2.0,3176.470588235294
7911,other,1113.0,2.0,51.0,2.0,4582.210242587601
7912,other,1200.0,4.0,165.0,4.0,13750.0
7913,other,1200.0,2.0,55.0,2.0,4583.333333333333
7914,other,1645.0,3.0,95.0,3.0,5775.075987841945
7915,other,1200.0,2.0,79.0,2.0,6583.333333333333
7916,other,1230.0,2.0,48.0,2.0,3902.439024390244
7917,other,1350.0,2.0,140.0,3.0,10370.37037037037
7918,other,1800.0,3.0,150.0,3.0,8333.333333333334
7919,other,1592.0,3.0,75.0,3.0,4711.05527638191
7920,other,1762.0,3.0,125.0,3.0,7094.211123723042
7921,other,950.0,2.0,50.0,2.0,5263.1578947368425
7922,other,1200.0,3.0,90.0,3.0,7500.0
7923,other,2023.71,3.0,275.0,3.0,13588.903548433324
7924,other,1629.0,3.0,79.0,3.0,4849.600982197668
7925,other,1460.0,2.0,58.0,2.0,3972.6027397260273
7926,other,1185.0,2.0,38.0,2.0,3206.7510548523205
7927,other,1760.0,3.0,88.0,3.0,5000.0
7928,other,1069.0,2.0,55.0,2.0,5144.9953227315245
7929,other,2150.0,4.0,240.0,3.0,11162.790697674418
7930,other,1450.0,3.0,55.0,3.0,3793.103448275862
7931,other,1630.0,3.0,68.29,3.0,4189.57055214724
7932,other,3309.0,4.0,325.0,4.0,9821.698398307646
7933,other,5000.0,9.0,360.0,11.0,7200.0
7934,other,850.0,2.0,30.0,2.0,3529.4117647058824
7935,other,1150.0,2.0,126.0,2.0,10956.521739130434
7936,other,1200.0,2.0,62.0,2.0,5166.666666666667
7937,other,4800.0,4.0,235.0,4.0,4895.833333333333
7938,other,1200.0,2.0,74.0,2.0,6166.666666666667
7939,other,1464.0,3.0,56.0,3.0,3825.136612021858
7940,other,2000.0,4.0,99.0,4.0,4950.0
7941,other,1753.0,3.0,120.0,3.0,6845.407872219053
7942,other,1000.0,2.0,53.0,2.0,5300.0
7943,other,720.0,2.0,45.0,2.0,6250.0
7944,other,1300.0,3.0,58.0,3.0,4461.538461538462
7945,other,1115.0,2.0,40.0,2.0,3587.4439461883408
7946,other,1200.0,3.0,165.0,4.0,13750.0
7947,other,700.0,1.0,41.0,1.0,5857.142857142857
7948,other,1600.0,4.0,80.0,4.0,5000.0
7949,other,1595.0,3.0,115.0,3.0,7210.031347962383
7950,other,1353.0,2.0,110.0,2.0,8130.081300813008
7951,other,1200.0,2.0,85.0,1.0,7083.333333333333
7952,other,1028.0,2.0,45.5,2.0,4426.070038910506
7953,other,1385.0,2.0,48.48,3.0,3500.361010830325
7954,other,1325.0,2.0,90.0,3.0,6792.452830188679
7955,other,1600.0,2.0,50.0,3.0,3125.0
7956,other,1800.0,1.0,80.0,2.0,4444.444444444444
7957,other,1056.0,2.0,80.0,2.0,7575.757575757576
7958,other,1080.0,2.0,50.0,2.0,4629.62962962963
7959,other,1600.0,3.0,86.0,3.0,5375.0
7960,other,1160.0,2.0,55.0,2.0,4741.379310344828
7961,other,1544.0,3.0,120.0,3.0,7772.020725388601
7962,other,1200.0,2.0,65.0,2.0,5416.666666666667
7963,other,540.0,1.0,36.0,1.0,6666.666666666667
7964,other,1578.0,3.0,180.0,3.0,11406.84410646388
7965,other,1180.0,2.0,42.0,2.0,3559.322033898305
7966,other,1600.0,2.0,115.0,2.0,7187.5
7967,other,416.0,1.0,18.5,1.0,4447.115384615385
7968,other,1260.0,2.0,45.0,2.0,3571.4285714285716
7969,other,1630.0,3.0,85.0,3.0,5214.7239263803685
7970,other,834.0,1.0,60.0,1.0,7194.244604316546
7971,other,1125.0,4.0,70.0,3.0,6222.222222222223
7972,other,3000.0,5.0,260.0,4.0,8666.666666666666
7973,other,2160.0,5.0,250.0,6.0,11574.074074074075
7974,other,1375.0,3.0,70.0,3.0,5090.909090909091
7975,other,469.0,1.0,25.0,1.0,5330.490405117271
7976,other,3600.0,4.0,160.0,6.0,4444.444444444444
7977,other,1160.0,2.0,52.2,2.0,4500.0
7978,other,1220.0,2.0,35.23,3.0,2887.7049180327863
7979,other,1641.0,3.0,66.0,3.0,4021.9378427787933
7980,other,1630.0,2.0,200.0,2.0,12269.938650306749
7981,other,2072.0,3.0,108.0,3.0,5212.355212355213
7982,other,1200.0,2.0,70.0,3.0,5833.333333333333
7983,other,1350.0,3.0,77.0,3.0,5703.7037037037035
7984,other,1180.0,2.0,78.34,3.0,6638.983050847458
7985,other,1355.0,2.0,115.0,2.0,8487.084870848708
7986,other,600.0,1.0,50.0,1.0,8333.333333333334
7987,other,1875.0,3.0,165.0,3.0,8800.0
7988,other,600.0,2.0,55.0,2.0,9166.666666666666
7989,other,2300.0,3.0,120.0,3.0,5217.391304347826
7990,other,1240.0,2.0,60.0,2.0,4838.709677419355
7991,other,1750.0,3.0,120.0,3.0,6857.142857142857
7992,other,1230.0,2.0,43.48,2.0,3534.959349593496
7993,other,950.0,2.0,44.0,2.0,4631.578947368421
7994,other,1092.0,2.0,98.5,3.0,9020.14652014652
7995,other,1045.0,2.0,45.0,2.0,4306.2200956937795
7996,other,1570.0,3.0,62.0,3.0,3949.044585987261
7997,other,1855.0,3.0,225.0,3.0,12129.380053908355
7998,other,1325.0,3.0,57.0,3.0,4301.88679245283
7999,other,1202.0,2.0,48.0,2.0,3993.3444259567386
8000,other,1200.0,2.0,62.5,2.0,5208.333333333333
8001,other,425.0,1.0,20.03,1.0,4712.941176470588
8002,other,1100.0,2.0,48.0,2.0,4363.636363636364
8003,other,600.0,1.0,60.0,1.0,10000.0
8004,other,1468.0,2.0,140.0,2.0,9536.784741144415
8005,other,4300.0,5.0,550.0,4.0,12790.697674418605
8006,other,1750.0,3.0,85.0,3.0,4857.142857142857
8007,other,775.0,2.0,55.0,2.0,7096.774193548387
8008,other,1105.0,2.0,58.0,2.0,5248.868778280543
8009,other,1602.0,2.0,75.0,3.0,4681.647940074907
8010,other,1352.0,3.0,135.0,3.0,9985.207100591717
8011,other,1780.0,3.0,84.83,3.0,4765.730337078651
8012,other,1200.0,3.0,95.0,4.0,7916.666666666667
8013,other,1976.0,3.0,184.0,3.0,9311.74089068826
8014,other,5500.0,4.0,600.0,4.0,10909.09090909091
8015,other,1200.0,3.0,95.0,3.0,7916.666666666667
8016,other,2500.0,6.0,115.0,7.0,4600.0
8017,other,823.0,2.0,28.0,2.0,3402.187120291616
8018,other,1180.0,2.0,69.0,2.0,5847.457627118644
8019,other,686.0,1.0,17.0,1.0,2478.134110787172
8020,other,1001.0,2.0,33.03,2.0,3299.7002997002996
8021,other,1500.0,4.0,180.0,4.0,12000.0
8022,other,2400.0,2.0,80.0,3.0,3333.3333333333335
8023,other,1282.0,2.0,87.0,2.0,6786.271450858035
8024,other,1611.0,2.0,64.44,3.0,4000.0
8025,other,1500.0,2.0,95.0,3.0,6333.333333333333
8026,other,1300.0,1.0,115.0,2.0,8846.153846153846
8027,other,530.0,1.0,20.0,1.0,3773.5849056603774
8028,other,1350.0,2.0,80.0,2.0,5925.925925925926
8029,other,900.0,2.0,27.0,2.0,3000.0
8030,other,2400.0,6.0,125.0,8.0,5208.333333333333
8031,other,1225.0,2.0,53.0,2.0,4326.530612244898
8032,other,1141.0,2.0,62.0,2.0,5433.829973707274
8033,other,4100.0,7.0,140.0,7.0,3414.6341463414633
8034,other,1175.0,2.0,48.27,2.0,4108.085106382979
8035,other,950.0,1.0,40.0,1.0,4210.526315789473
8036,other,1209.0,2.0,50.0,2.0,4135.6492969396195
8037,other,4200.0,5.0,225.0,5.0,5357.142857142857
8038,other,1800.0,3.0,90.0,3.0,5000.0
8039,other,1600.0,4.0,125.0,5.0,7812.5
8040,other,1563.0,3.0,52.0,3.0,3326.935380678183
8041,other,1405.0,2.0,70.0,2.0,4982.20640569395
8042,other,1480.0,3.0,90.0,3.0,6081.081081081081
8043,other,1600.0,3.0,90.0,3.0,5625.0
8044,other,1200.0,4.0,135.0,4.0,11250.0
8045,other,1200.0,2.0,35.0,2.0,2916.6666666666665
8046,other,1500.0,3.0,115.0,3.0,7666.666666666667
8047,other,1824.0,3.0,125.0,3.0,6853.070175438596
8048,other,750.0,1.0,56.25,1.0,7500.0
8049,other,1060.0,2.0,42.0,2.0,3962.264150943396
8050,other,1500.0,3.0,62.0,3.0,4133.333333333333
8051,other,1339.0,2.0,55.0,2.0,4107.542942494399
8052,other,1600.0,3.0,75.0,3.0,4687.5
8053,other,1225.0,2.0,55.11,2.0,4498.775510204082
8054,other,1000.0,2.0,50.0,2.0,5000.0
8055,other,6000.0,5.0,400.0,4.0,6666.666666666667
8056,other,2400.0,3.0,170.0,3.0,7083.333333333333
8057,other,1480.0,2.0,65.0,2.0,4391.891891891892
8058,other,1500.0,2.0,98.0,3.0,6533.333333333333
8059,other,3095.0,3.0,350.0,3.0,11308.562197092084
8060,other,910.0,2.0,30.5,2.0,3351.6483516483518
8061,other,1200.0,1.0,28.0,1.0,2333.3333333333335
8062,other,1500.0,3.0,100.0,3.0,6666.666666666667
8063,other,1133.0,2.0,55.0,2.0,4854.368932038835
8064,other,1560.0,5.0,145.0,5.0,9294.871794871795
8065,other,2900.0,5.0,90.0,5.0,3103.448275862069
8066,other,1560.0,3.0,188.0,3.0,12051.28205128205
8067,other,856.0,2.0,40.0,2.0,4672.897196261682
8068,other,14000.0,3.0,800.0,4.0,5714.285714285715
8069,other,485.0,1.0,15.0,1.0,3092.783505154639
8070,other,1384.0,3.0,62.28,3.0,4500.0
8071,other,1508.0,3.0,70.25,3.0,4658.488063660478
8072,other,2150.0,4.0,80.0,4.0,3720.9302325581393
8073,other,1600.0,3.0,52.0,3.0,3250.0
8074,other,1250.0,2.0,62.0,2.0,4960.0
8075,other,1200.0,3.0,130.0,3.0,10833.333333333334
8076,other,1050.0,2.0,67.0,2.0,6380.952380952381
8077,other,1596.0,3.0,105.0,3.0,6578.9473684210525
8078,other,1800.0,3.0,80.0,3.0,4444.444444444444
8079,other,925.0,2.0,48.0,2.0,5189.189189189189
8080,other,1395.0,2.0,63.59,2.0,4558.4229390681
8081,other,1200.0,3.0,85.0,3.0,7083.333333333333
8082,other,1132.0,2.0,67.0,2.0,5918.727915194347
8083,other,1262.0,2.0,63.0,2.0,4992.076069730587
8084,other,1515.0,3.0,88.0,3.0,5808.580858085808
8085,other,1655.0,3.0,86.06,3.0,5200.0
8086,other,5000.0,7.0,299.0,7.0,5980.0
8087,other,1380.0,2.0,80.0,2.0,5797.101449275362
8088,other,1450.0,3.0,65.0,3.0,4482.758620689655
8089,other,1200.0,2.0,54.0,2.0,4500.0
8090,other,4346.0,5.0,500.0,4.0,11504.83202945237
8091,other,1178.0,2.0,47.0,2.0,3989.8132427843802
8092,other,2200.0,3.0,187.0,3.0,8500.0
8093,other,3329.0,3.0,330.0,3.0,9912.886752778611
8094,other,3600.0,4.0,300.0,4.0,8333.333333333334
8095,other,3500.0,3.0,450.0,4.0,12857.142857142857
8096,other,1595.0,3.0,76.0,3.0,4764.8902821316615
8097,other,1093.0,2.0,65.0,2.0,5946.935041171088
8098,other,1367.0,2.0,62.0,2.0,4535.479151426482
8099,other,1535.0,3.0,95.0,3.0,6188.9250814332245
8100,other,1015.0,2.0,45.0,2.0,4433.4975369458125
8101,other,1100.0,2.0,62.7,2.0,5700.0
8102,other,930.0,2.0,45.0,2.0,4838.709677419355
8103,other,1650.0,2.0,80.0,3.0,4848.484848484848
8104,other,2197.0,4.0,280.0,3.0,12744.651797906236
8105,other,1240.0,2.0,46.0,3.0,3709.6774193548385
8106,other,1100.0,2.0,60.0,2.0,5454.545454545455
8107,other,1600.0,3.0,172.0,4.0,10750.0
8108,other,1450.0,2.0,85.0,3.0,5862.068965517241
8109,other,2000.0,3.0,166.0,4.0,8300.0
8110,other,700.0,2.0,27.0,2.0,3857.1428571428573
8111,other,1050.0,2.0,45.0,2.0,4285.714285714285
8112,other,1250.0,3.0,39.5,3.0,3160.0
8113,other,1756.0,3.0,100.0,3.0,5694.760820045558
8114,other,1532.0,3.0,92.0,3.0,6005.221932114882
8115,other,1650.0,3.0,110.0,3.0,6666.666666666667
8116,other,1200.0,2.0,66.0,2.0,5500.0
8117,other,1180.0,2.0,48.0,2.0,4067.7966101694915
8118,other,1525.0,2.0,122.0,3.0,8000.0
8119,other,1435.0,3.0,70.0,3.0,4878.048780487805
8120,other,1560.0,2.0,66.0,3.0,4230.7692307692305
8121,other,1070.0,2.0,42.0,2.0,3925.233644859813
8122,other,2400.0,3.0,200.0,4.0,8333.333333333334
8123,other,1000.0,2.0,130.0,2.0,13000.0
8124,other,1300.0,2.0,60.0,2.0,4615.384615384615
8125,other,3040.0,1.0,180.0,2.0,5921.0526315789475
8126,other,1310.0,2.0,50.0,3.0,3816.793893129771
8127,other,1390.0,3.0,120.0,3.0,8633.093525179856
8128,other,1200.0,4.0,72.0,4.0,6000.0
8129,other,1135.0,2.0,68.0,2.0,5991.1894273127755
8130,other,900.0,2.0,55.0,2.0,6111.111111111111
8131,other,1378.0,2.0,42.33,3.0,3071.843251088534
8132,other,1210.0,2.0,62.0,2.0,5123.966942148761
8133,other,1464.0,3.0,56.0,3.0,3825.136612021858
8134,other,2500.0,3.0,250.0,3.0,10000.0
8135,other,1600.0,3.0,80.0,3.0,5000.0
8136,other,1250.0,3.0,39.5,3.0,3160.0
8137,other,1100.0,2.0,50.0,2.0,4545.454545454545
8138,other,1269.72,2.0,68.0,2.0,5355.511451343603
8139,other,1168.0,3.0,70.0,3.0,5993.1506849315065
8140,other,1552.0,2.0,51.0,2.0,3286.082474226804
8141,other,2100.0,4.0,155.0,4.0,7380.952380952381
8142,other,1300.0,2.0,65.0,2.0,5000.0
8143,other,1515.0,3.0,93.93,3.0,6200.0
8144,other,2400.0,5.0,85.0,4.0,3541.6666666666665
8145,other,1243.0,2.0,58.0,2.0,4666.130329847144
8146,other,1616.0,3.0,75.0,3.0,4641.089108910891
8147,other,1800.0,6.0,44.5,5.0,2472.222222222222
8148,other,2700.0,4.0,214.0,6.0,7925.925925925926
8149,other,2000.0,3.0,210.0,3.0,10500.0
8150,other,2400.0,4.0,300.0,5.0,12500.0
8151,other,1760.0,3.0,176.0,3.0,10000.0
8152,other,595.0,1.0,42.0,1.0,7058.823529411765
8153,other,1410.0,2.0,67.0,2.0,4751.77304964539
8154,other,1090.0,2.0,31.48,2.0,2888.0733944954127
8155,other,1254.0,2.0,53.0,2.0,4226.475279106858
8156,other,2800.0,7.0,125.0,7.0,4464.285714285715
8157,other,1170.0,2.0,86.0,2.0,7350.427350427351
8158,other,2200.0,4.0,235.0,4.0,10681.818181818182
8159,other,1000.0,2.0,50.0,2.0,5000.0
8160,other,920.0,2.0,35.0,2.0,3804.3478260869565
8161,other,2400.0,3.0,142.0,4.0,5916.666666666667
8162,other,1464.0,3.0,56.0,3.0,3825.136612021858
8163,other,1280.0,2.0,40.0,2.0,3125.0
8164,other,2000.0,3.0,85.0,3.0,4250.0
8165,other,1650.0,3.0,175.0,3.0,10606.060606060606
8166,other,840.0,2.0,27.0,2.0,3214.285714285714
8167,other,1670.0,3.0,91.86,3.0,5500.5988023952095
8168,other,1242.0,2.0,39.7,2.0,3196.45732689211
8169,other,1690.0,2.0,55.0,3.0,3254.437869822485
8170,other,1488.0,3.0,57.0,3.0,3830.6451612903224
8171,other,1250.0,2.0,80.0,3.0,6400.0
8172,other,1650.0,4.0,160.0,3.0,9696.969696969696
8173,other,800.0,2.0,50.0,2.0,6250.0
8174,other,1225.0,2.0,150.0,2.0,12244.897959183674
8175,other,1260.0,2.0,58.0,2.0,4603.174603174603
8176,other,3675.0,4.0,367.0,4.0,9986.394557823129
8177,other,1200.0,2.0,150.0,2.0,12500.0
8178,other,1250.0,2.0,65.0,2.0,5200.0
8179,other,1225.0,2.0,48.0,2.0,3918.3673469387754
8180,other,1350.0,2.0,80.0,2.0,5925.925925925926
8181,other,2000.0,3.0,100.0,3.0,5000.0
8182,other,1614.0,3.0,110.0,3.0,6815.365551425031
8183,other,1188.0,2.0,73.0,2.0,6144.781144781145
8184,other,1480.0,3.0,90.0,3.0,6081.081081081081
8185,other,680.0,2.0,42.0,2.0,6176.470588235294
8186,other,2400.0,2.0,95.0,2.0,3958.3333333333335
8187,other,1045.0,2.0,42.0,2.0,4019.1387559808613
8188,other,955.0,2.0,53.55,2.0,5607.3298429319375
8189,other,1115.0,2.0,56.87,2.0,5100.448430493274
8190,other,2479.13,3.0,215.0,3.0,8672.39717158842
8191,other,1100.0,2.0,106.0,2.0,9636.363636363636
8192,other,1690.0,3.0,75.0,3.0,4437.869822485207
8193,other,1068.0,2.0,40.05,2.0,3749.9999999999995
8194,other,1925.0,3.0,120.0,3.0,6233.766233766234
8195,other,650.0,1.0,26.0,1.0,4000.0
8196,other,1410.0,2.0,45.12,3.0,3200.0
8197,other,2000.0,3.0,207.0,3.0,10350.0
8198,other,1050.0,2.0,110.0,2.0,10476.190476190477
8199,other,1130.0,3.0,38.0,3.0,3362.83185840708
8200,other,2204.0,2.0,305.0,3.0,13838.47549909256
8201,other,900.0,2.0,45.0,2.0,5000.0
8202,other,1550.0,2.0,70.0,3.0,4516.129032258064
8203,other,916.0,2.0,42.0,2.0,4585.152838427947
8204,other,1358.0,3.0,50.0,3.0,3681.8851251840942
8205,other,1936.0,2.0,54.21,3.0,2800.103305785124
8206,other,1685.0,2.0,110.0,3.0,6528.189910979228
8207,other,850.0,2.0,33.0,2.0,3882.3529411764707
8208,other,1550.0,3.0,110.0,3.0,7096.774193548387
8209,other,500.0,1.0,20.0,1.0,4000.0
8210,other,1146.0,2.0,38.5,2.0,3359.5113438045373
8211,other,3155.0,4.0,370.0,3.0,11727.41679873217
8212,other,1765.0,3.0,105.0,3.0,5949.008498583569
8213,other,1265.0,2.0,70.0,2.0,5533.596837944664
8214,other,1012.0,2.0,59.0,2.0,5830.0395256917
8215,other,2045.0,4.0,154.0,3.0,7530.562347188264
8216,other,4400.0,9.0,120.0,7.0,2727.2727272727275
8217,other,2400.0,4.0,280.0,6.0,11666.666666666666
8218,other,581.91,2.0,25.0,1.0,4296.197006409926
8219,other,1158.0,2.0,85.0,3.0,7340.241796200346
8220,other,925.0,2.0,51.0,2.0,5513.513513513513
8221,other,1415.0,2.0,110.0,2.0,7773.851590106007
8222,other,1210.0,2.0,60.0,2.0,4958.677685950413
8223,other,1100.0,2.0,55.0,2.0,5000.0
8224,other,4750.0,5.0,600.0,4.0,12631.578947368422
8225,other,1840.0,3.0,155.0,3.0,8423.91304347826
8226,other,1350.0,2.0,185.0,2.0,13703.703703703704
8227,other,824.0,2.0,60.0,2.0,7281.553398058252
8228,other,1340.0,2.0,100.0,3.0,7462.686567164179
8229,other,1620.0,2.0,110.0,3.0,6790.123456790124
8230,other,1533.0,3.0,115.0,3.0,7501.630789302022
8231,other,1560.0,3.0,85.0,3.0,5448.717948717948
8232,other,1375.0,2.0,48.06,3.0,3495.2727272727275
8233,other,750.0,1.0,25.0,1.0,3333.3333333333335
8234,other,1375.0,2.0,85.0,3.0,6181.818181818182
8235,other,1095.0,2.0,40.0,2.0,3652.9680365296804
8236,other,1440.0,2.0,60.33,3.0,4189.583333333333
8237,other,1200.0,2.0,49.5,2.0,4125.0
8238,other,975.0,2.0,43.0,2.0,4410.25641025641
8239,other,2800.0,4.0,200.0,5.0,7142.857142857143
8240,other,900.0,2.0,42.0,2.0,4666.666666666667
8241,other,1500.0,3.0,88.0,3.0,5866.666666666667
8242,other,1010.0,2.0,46.0,2.0,4554.455445544554
8243,other,1140.0,2.0,76.0,2.0,6666.666666666667
8244,other,1198.0,2.0,84.0,2.0,7011.686143572621
8245,other,4000.0,4.0,520.0,4.0,13000.0
8246,other,1470.0,4.0,34.5,4.0,2346.938775510204
8247,other,1370.0,2.0,75.0,2.0,5474.4525547445255
8248,other,1316.0,2.0,55.5,2.0,4217.325227963526
8249,other,1050.0,2.0,43.0,2.0,4095.2380952380954
8250,other,2400.0,7.0,110.0,6.0,4583.333333333333
8251,other,1000.0,1.0,55.0,2.0,5500.0
8252,other,1200.0,2.0,125.0,2.0,10416.666666666666
8253,other,1200.0,2.0,50.0,2.0,4166.666666666667
8254,other,1313.0,2.0,58.27,2.0,4437.928408225438
8255,other,936.0,2.0,42.0,2.0,4487.179487179487
8256,other,1050.0,1.0,70.0,1.0,6666.666666666667
8257,other,1200.0,2.0,80.0,3.0,6666.666666666667
8258,other,1464.0,3.0,56.0,3.0,3825.136612021858
8259,other,1256.0,2.0,60.0,2.0,4777.070063694267
8260,other,1020.0,2.0,37.0,2.0,3627.450980392157
8261,other,830.0,2.0,34.0,2.0,4096.385542168675
8262,other,1210.0,2.0,40.0,2.0,3305.785123966942
8263,other,1520.0,2.0,62.0,2.0,4078.9473684210525
8264,other,2300.0,3.0,80.0,3.0,3478.2608695652175
8265,other,400.0,1.0,14.0,1.0,3500.0
8266,other,946.0,2.0,38.0,2.0,4016.913319238901
8267,other,1575.0,4.0,150.0,5.0,9523.809523809523
8268,other,860.0,1.0,43.0,2.0,5000.0
8269,other,4800.0,5.0,629.0,4.0,13104.166666666666
8270,other,1200.0,2.0,70.0,2.0,5833.333333333333
8271,other,1700.0,3.0,80.0,3.0,4705.882352941177
8272,other,1100.0,2.0,60.0,2.0,5454.545454545455
8273,other,6040.0,4.0,170.0,5.0,2814.569536423841
8274,other,1300.0,2.0,79.0,2.0,6076.923076923077
8275,other,1311.0,2.0,48.0,2.0,3661.3272311212813
8276,other,3500.0,4.0,350.0,4.0,10000.0
8277,other,1400.0,2.0,55.0,3.0,3928.5714285714284
8278,other,1000.0,2.0,110.0,3.0,11000.0
8279,other,1942.0,3.0,102.0,3.0,5252.317198764161
8280,other,1000.0,2.0,53.0,2.0,5300.0
8281,other,950.0,2.0,45.0,2.0,4736.8421052631575
8282,other,1022.0,2.0,52.0,2.0,5088.062622309198
8283,other,2000.0,3.0,25.0,4.0,1250.0
8284,other,990.0,2.0,44.55,2.0,4500.0
8285,other,2400.0,3.0,260.0,3.0,10833.333333333334
8286,other,1533.0,3.0,85.0,3.0,5544.683626875408
8287,other,1475.0,3.0,70.0,3.0,4745.762711864407
8288,other,1135.0,2.0,55.0,2.0,4845.814977973569
8289,other,1452.55,2.0,110.0,2.0,7572.889057175313
8290,other,2357.0,3.0,151.0,3.0,6406.448875689436
8291,other,1170.0,2.0,105.0,2.0,8974.358974358975
8292,other,1411.0,3.0,91.72,3.0,6500.3543586109145
8293,other,1200.0,3.0,44.0,2.0,3666.6666666666665
8294,other,3095.0,3.0,375.0,3.0,12116.316639741519
8295,other,1350.0,2.0,67.5,2.0,5000.0
8296,other,1100.0,3.0,78.0,3.0,7090.909090909091
8297,other,1240.0,2.0,43.79,2.0,3531.451612903226
8298,other,3600.0,4.0,365.0,4.0,10138.888888888889
8299,other,1175.0,2.0,48.27,2.0,4108.085106382979
8300,other,4000.0,4.0,170.0,4.0,4250.0
8301,other,1945.0,3.0,120.0,3.0,6169.665809768638
8302,other,1465.0,2.0,74.72,3.0,5100.341296928327
8303,other,1650.0,3.0,165.0,3.0,10000.0
8304,other,1550.0,2.0,150.0,3.0,9677.41935483871
8305,other,1360.0,2.0,59.27,3.0,4358.088235294118
8306,other,1150.0,2.0,75.0,3.0,6521.739130434783
8307,other,1200.0,3.0,74.0,3.0,6166.666666666667
8308,other,1229.0,3.0,86.03,3.0,7000.0
8309,other,1030.0,2.0,61.0,2.0,5922.330097087379
8310,other,600.0,1.0,32.0,1.0,5333.333333333333
8311,other,1165.0,2.0,135.0,2.0,11587.982832618025
8312,other,1107.0,2.0,33.0,2.0,2981.029810298103
8313,other,1520.0,3.0,80.0,3.0,5263.1578947368425
8314,other,3000.0,4.0,240.0,4.0,8000.0
8315,other,1050.0,2.0,38.0,2.0,3619.0476190476193
8316,other,1315.0,2.0,90.0,2.0,6844.106463878327
8317,other,1210.0,2.0,72.0,2.0,5950.413223140496
8318,other,11338.0,9.0,1000.0,6.0,8819.897689186806
8319,other,1215.0,3.0,42.2,3.0,3473.251028806584
8320,other,30000.0,4.0,2100.0,4.0,7000.0
8321,other,1445.0,3.0,64.0,3.0,4429.065743944637
8322,other,1170.0,2.0,68.0,2.0,5811.965811965812
8323,other,1600.0,2.0,110.0,2.0,6875.0
8324,other,955.0,1.0,34.01,2.0,3561.256544502618
8325,other,1370.0,2.0,75.0,3.0,5474.4525547445255
8326,other,1187.0,2.0,45.0,2.0,3791.0699241786015
8327,other,1980.0,3.0,224.0,3.0,11313.131313131313
8328,other,1100.0,2.0,38.45,2.0,3495.454545454546
8329,other,1700.0,3.0,97.0,3.0,5705.882352941177
8330,other,1900.0,3.0,160.0,3.0,8421.052631578947
8331,other,1360.0,3.0,55.0,3.0,4044.1176470588234
8332,other,1100.0,2.0,75.0,2.0,6818.181818181818
8333,other,1929.0,3.0,115.0,3.0,5961.638154484189
8334,other,3161.0,4.0,214.0,4.0,6770.00949066751
8335,other,1020.0,2.0,40.0,2.0,3921.5686274509803
8336,other,3515.0,3.0,420.0,3.0,11948.790896159317
8337,other,1051.0,2.0,33.0,2.0,3139.8667935299713
8338,other,1100.0,2.0,70.0,2.0,6363.636363636364
8339,other,1455.0,2.0,56.0,3.0,3848.7972508591065
8340,other,4200.0,4.0,255.0,4.0,6071.428571428572
8341,other,1200.0,2.0,55.0,2.0,4583.333333333333
8342,other,700.0,1.0,41.0,1.0,5857.142857142857
8343,other,1300.0,2.0,49.0,3.0,3769.230769230769
8344,other,1400.0,2.0,67.0,2.0,4785.714285714285
8345,other,1200.0,2.0,53.0,2.0,4416.666666666667
8346,other,1535.0,3.0,55.0,3.0,3583.061889250814
8347,other,3000.0,3.0,250.0,3.0,8333.333333333334
8348,other,1100.0,2.0,61.0,2.0,5545.454545454545
8349,other,1260.0,1.0,41.0,1.0,3253.968253968254
8350,other,1500.0,1.0,37.5,1.0,2500.0
8351,other,600.0,1.0,17.0,1.0,2833.3333333333335
8352,other,1360.0,2.0,65.0,3.0,4779.411764705882
8353,other,1165.0,2.0,75.0,2.0,6437.768240343347
8354,other,1272.0,4.0,75.0,3.0,5896.226415094339
8355,other,965.0,2.0,45.0,2.0,4663.21243523316
8356,other,1600.0,5.0,140.0,5.0,8750.0
8357,other,780.0,2.0,25.0,2.0,3205.128205128205
8358,other,1000.0,2.0,65.0,3.0,6500.0
8359,other,1121.0,2.0,43.72,2.0,3900.0892060660126
8360,other,2400.0,4.0,325.0,3.0,13541.666666666666
8361,other,674.0,1.0,19.9,2.0,2952.522255192878
8362,other,1463.0,1.0,142.0,2.0,9706.083390293916
8363,other,1306.0,2.0,58.0,3.0,4441.04134762634
8364,other,2401.0,3.0,185.0,3.0,7705.12286547272
8365,other,1875.0,2.0,235.0,3.0,12533.333333333334
8366,other,1225.0,2.0,47.0,2.0,3836.734693877551
8367,other,890.0,1.0,75.0,1.0,8426.966292134832
8368,other,1110.0,2.0,51.0,2.0,4594.594594594595
8369,other,1300.0,2.0,54.0,2.0,4153.846153846154
8370,other,2400.0,3.0,290.0,3.0,12083.333333333334
8371,other,960.0,2.0,32.0,2.0,3333.3333333333335
8372,other,1690.0,3.0,100.0,3.0,5917.15976331361
8373,other,799.0,2.0,38.0,2.0,4755.944931163955
8374,other,1355.0,3.0,61.0,3.0,4501.845018450184
8375,other,1350.0,2.0,90.0,2.0,6666.666666666667
8376,other,1460.0,3.0,88.0,3.0,6027.397260273972
8377,other,1685.0,3.0,95.0,3.0,5637.982195845697
8378,other,800.0,1.0,52.0,1.0,6500.0
8379,other,4000.0,5.0,280.0,4.0,7000.0
8380,other,1100.0,2.0,53.0,2.0,4818.181818181818
8381,other,792.0,2.0,70.0,2.0,8838.38383838384
8382,other,2000.0,4.0,103.0,5.0,5150.0
8383,other,1147.0,2.0,54.0,2.0,4707.933740191805
8384,other,2400.0,5.0,235.0,5.0,9791.666666666666
8385,other,2100.0,3.0,75.0,3.0,3571.4285714285716
8386,other,1215.0,2.0,46.5,3.0,3827.1604938271603
8387,other,461.82,1.0,31.7,1.0,6864.146204148803
8388,other,1500.0,2.0,85.0,3.0,5666.666666666667
8389,other,1065.0,2.0,50.0,2.0,4694.835680751174
8390,other,1205.0,2.0,42.18,2.0,3500.414937759336
8391,other,1260.0,2.0,75.0,2.0,5952.380952380952
8392,other,1199.0,2.0,50.0,2.0,4170.141784820684
8393,other,12000.0,12.0,525.0,10.0,4375.0
8394,other,1070.0,2.0,33.0,2.0,3084.11214953271
8395,other,2820.0,3.0,285.0,3.0,10106.382978723404
8396,other,1950.0,3.0,130.0,3.0,6666.666666666667
8397,other,1326.0,2.0,62.17,2.0,4688.536953242836
8398,other,1350.0,2.0,140.0,3.0,10370.37037037037
8399,other,4051.0,4.0,345.0,4.0,8516.415699827203
8400,other,2100.0,3.0,170.0,3.0,8095.238095238095
8401,other,1991.0,3.0,160.0,3.0,8036.162732295329
8402,other,1234.0,2.0,61.0,2.0,4943.273905996759
8403,other,1200.0,3.0,66.0,3.0,5500.0
8404,other,2220.0,4.0,65.0,3.0,2927.927927927928
8405,other,3000.0,4.0,342.0,4.0,11400.0
8406,other,2400.0,6.0,245.0,6.0,10208.333333333334
8407,other,1069.0,2.0,55.0,2.0,5144.9953227315245
8408,other,1375.0,2.0,105.0,2.0,7636.363636363636
8409,other,1693.0,3.0,108.0,3.0,6379.208505611341
8410,other,1160.0,2.0,41.75,2.0,3599.137931034483
8411,other,900.0,2.0,45.0,2.0,5000.0
8412,other,1175.0,2.0,48.0,2.0,4085.1063829787236
8413,other,1200.0,2.0,50.0,2.0,4166.666666666667
8414,other,600.0,2.0,23.0,2.0,3833.3333333333335
8415,other,1364.0,2.0,70.0,2.0,5131.964809384164
8416,other,1150.0,2.0,77.5,3.0,6739.130434782609
8417,other,1146.0,2.0,39.5,2.0,3446.7713787085513
8418,other,1110.0,2.0,41.0,2.0,3693.6936936936936
8419,other,1156.0,2.0,49.5,2.0,4282.006920415225
8420,other,1058.0,2.0,60.0,2.0,5671.077504725898
8421,other,900.0,1.0,30.0,1.0,3333.3333333333335
8422,other,1672.0,3.0,150.0,3.0,8971.291866028709
8423,other,1500.0,2.0,65.0,3.0,4333.333333333333
8424,other,1400.0,2.0,65.0,2.0,4642.857142857143
8425,other,1250.0,3.0,139.0,3.0,11120.0
8426,other,1468.0,3.0,130.0,2.0,8855.58583106267
8427,other,1166.0,2.0,53.0,2.0,4545.454545454545
8428,other,900.0,2.0,46.0,2.0,5111.111111111111
8429,other,1190.0,3.0,55.0,3.0,4621.848739495798
8430,other,1480.0,2.0,145.0,3.0,9797.297297297297
8431,other,1500.0,3.0,65.0,3.0,4333.333333333333
8432,other,820.0,2.0,24.0,2.0,2926.829268292683
8433,other,2280.0,3.0,285.0,3.0,12500.0
8434,other,2000.0,3.0,200.0,3.0,10000.0
8435,other,1033.0,2.0,32.0,3.0,3097.773475314618
8436,other,1460.0,2.0,73.0,3.0,5000.0
8437,other,1080.0,2.0,75.0,3.0,6944.444444444444
8438,other,2400.0,2.0,150.0,3.0,6250.0
8439,other,1070.0,2.0,35.0,2.0,3271.0280373831774
8440,other,1125.0,2.0,75.0,2.0,6666.666666666667
8441,other,1596.0,3.0,95.0,3.0,5952.380952380952
8442,other,1639.0,3.0,123.0,3.0,7504.5759609518
8443,other,920.0,2.0,37.0,2.0,4021.7391304347825
8444,other,1740.0,3.0,199.0,3.0,11436.781609195403
8445,other,1372.0,2.0,90.0,3.0,6559.766763848396
8446,other,885.0,2.0,40.0,2.0,4519.774011299435
8447,other,6200.0,5.0,720.0,5.0,11612.90322580645
8448,other,1490.0,2.0,59.6,3.0,4000.0
8449,other,1650.0,4.0,99.0,4.0,6000.0
8450,other,925.0,2.0,63.0,2.0,6810.810810810811
8451,other,1200.0,3.0,95.0,4.0,7916.666666666667
8452,other,1200.0,2.0,79.0,2.0,6583.333333333333
8453,other,2500.0,3.0,270.0,3.0,10800.0
8454,other,1584.0,3.0,145.0,4.0,9154.040404040405
8455,other,1570.0,3.0,115.0,3.0,7324.84076433121
8456,other,3000.0,3.0,400.0,3.0,13333.333333333334
8457,other,2400.0,6.0,130.0,6.0,5416.666666666667
8458,other,1680.0,3.0,85.0,3.0,5059.523809523809
8459,other,1464.0,2.0,56.0,2.0,3825.136612021858
8460,other,1750.0,3.0,180.0,3.0,10285.714285714286
8461,other,1500.0,1.0,160.0,2.0,10666.666666666666
8462,other,2100.0,6.0,275.0,6.0,13095.238095238095
8463,other,1200.0,2.0,50.0,2.0,4166.666666666667
8464,other,705.0,1.0,36.5,1.0,5177.304964539007
8465,other,1340.0,3.0,77.0,3.0,5746.268656716418
8466,other,1800.0,3.0,70.0,3.0,3888.8888888888887
8467,other,925.0,2.0,42.0,2.0,4540.540540540541
8468,other,1230.0,2.0,57.0,2.0,4634.1463414634145
8469,other,1260.0,1.0,41.0,1.0,3253.968253968254
8470,other,1200.0,2.0,125.0,2.0,10416.666666666666
8471,other,1270.0,2.0,175.0,4.0,13779.527559055117
8472,other,1200.0,3.0,130.0,3.0,10833.333333333334
8473,other,3595.0,6.0,360.0,4.0,10013.908205841446
8474,other,1100.0,2.0,39.5,2.0,3590.909090909091
8475,other,3100.0,5.0,385.0,4.0,12419.354838709678
8476,other,1219.0,2.0,40.0,2.0,3281.3781788351107
8477,other,1200.0,4.0,150.0,4.0,12500.0
8478,other,3259.0,3.0,270.0,3.0,8284.749923289353
8479,other,3200.0,3.0,190.0,4.0,5937.5
8480,other,970.0,2.0,40.0,2.0,4123.711340206186
8481,other,596.0,1.0,42.0,1.0,7046.979865771812
8482,other,10000.0,16.0,550.0,16.0,5500.0
8483,other,1200.0,4.0,110.0,4.0,9166.666666666666
8484,other,1910.0,3.0,190.0,3.0,9947.643979057591
8485,other,1405.0,2.0,70.0,3.0,4982.20640569395
8486,other,1800.0,3.0,65.0,3.0,3611.1111111111113
8487,other,1750.0,3.0,149.0,3.0,8514.285714285714
8488,other,1360.0,2.0,65.0,3.0,4779.411764705882
8489,other,985.0,2.0,63.0,2.0,6395.9390862944165
8490,other,1300.0,2.0,129.0,2.0,9923.076923076924
8491,other,1490.0,2.0,88.0,3.0,5906.040268456376
8492,other,620.0,1.0,25.0,2.0,4032.2580645161293
8493,other,4428.0,4.0,255.0,4.0,5758.807588075881
8494,other,1301.0,2.0,55.0,2.0,4227.517294388932
8495,other,650.0,1.0,30.0,1.0,4615.384615384615
8496,other,1500.0,2.0,89.99,3.0,5999.333333333333
8497,other,1350.0,4.0,145.0,4.0,10740.74074074074
8498,other,910.0,1.0,42.0,1.0,4615.384615384615
8499,other,1250.0,3.0,39.0,3.0,3120.0
8500,other,2000.0,3.0,85.0,3.0,4250.0
8501,other,532.0,1.0,22.49,1.0,4227.443609022556
8502,other,1060.0,3.0,62.0,3.0,5849.056603773585
8503,other,902.0,2.0,42.0,2.0,4656.319290465632
8504,other,1550.0,2.0,160.0,2.0,10322.58064516129
8505,other,1374.0,2.0,70.0,3.0,5094.614264919942
8506,other,2145.0,4.0,125.0,4.0,5827.505827505827
8507,other,1080.0,2.0,55.0,2.0,5092.592592592592
8508,other,1000.0,2.0,80.0,2.0,8000.0
8509,other,1240.0,2.0,52.6,2.0,4241.935483870968
8510,other,1500.0,2.0,97.0,3.0,6466.666666666667
8511,other,1865.0,4.0,140.0,3.0,7506.702412868633
8512,other,1200.0,2.0,49.0,2.0,4083.3333333333335
8513,other,3500.0,4.0,245.0,4.0,7000.0
8514,other,1203.0,2.0,59.86,2.0,4975.893599334996
8515,other,1600.0,3.0,76.0,3.0,4750.0
8516,other,1134.0,2.0,40.0,2.0,3527.336860670194
8517,other,1320.0,2.0,73.0,3.0,5530.30303030303
8518,other,2150.0,6.0,205.0,6.0,9534.883720930233
8519,other,1100.0,2.0,56.1,2.0,5100.0
8520,other,2400.0,5.0,120.0,5.0,5000.0
8521,other,675.0,3.0,52.0,2.0,7703.7037037037035
8522,other,1801.0,3.0,139.0,3.0,7717.9344808439755
8523,other,1350.0,2.0,65.0,3.0,4814.814814814815
8524,other,2990.0,4.0,324.0,4.0,10836.120401337792
8525,other,2400.0,2.0,160.0,2.0,6666.666666666667
8526,other,1250.0,3.0,40.0,3.0,3200.0
8527,other,1150.0,2.0,75.0,2.0,6521.739130434783
8528,other,1200.0,3.0,165.0,3.0,13750.0
8529,other,1400.0,2.0,62.0,3.0,4428.571428571428
8530,other,1488.0,2.0,60.0,3.0,4032.2580645161293
8531,other,4500.0,9.0,166.0,9.0,3688.8888888888887
8532,other,1853.0,3.0,82.0,3.0,4425.256341068538
8533,other,861.0,2.0,35.0,2.0,4065.040650406504
8534,other,1256.0,2.0,62.8,2.0,5000.0
8535,other,1390.0,2.0,80.0,3.0,5755.395683453237
8536,other,1550.0,2.0,90.0,3.0,5806.451612903225
8537,other,1310.0,2.0,37.83,3.0,2887.7862595419847
8538,other,1080.0,2.0,39.0,2.0,3611.1111111111113
8539,other,1500.0,4.0,110.0,4.0,7333.333333333333
8540,other,1531.0,3.0,72.0,3.0,4702.808621815807
8541,other,1839.0,3.0,165.0,3.0,8972.26753670473
8542,other,1200.0,2.0,55.0,2.0,4583.333333333333
8543,other,900.0,2.0,70.0,2.0,7777.777777777777
8544,other,1200.0,6.0,70.0,4.0,5833.333333333333
8545,other,1500.0,3.0,149.0,3.0,9933.333333333334
8546,other,1650.0,2.0,52.0,3.0,3151.5151515151515
8547,other,1100.0,2.0,38.0,2.0,3454.5454545454545
8548,other,750.0,2.0,50.0,1.0,6666.666666666667
8549,other,600.0,3.0,75.0,2.0,12500.0
8550,other,1605.0,2.0,85.0,3.0,5295.95015576324
8551,other,1205.0,2.0,60.0,2.0,4979.253112033195
8552,other,1200.0,3.0,46.14,2.0,3845.0
8553,other,1500.0,1.0,19.5,1.0,1300.0
8554,other,1125.0,2.0,44.0,2.0,3911.1111111111113
8555,other,1200.0,2.0,70.0,2.0,5833.333333333333
8556,other,1200.0,2.0,160.0,2.0,13333.333333333334
8557,other,1904.0,3.0,155.0,3.0,8140.756302521008
8558,other,2770.0,4.0,315.0,3.0,11371.841155234657
8559,other,813.0,1.0,39.0,1.0,4797.047970479704
8560,other,3884.0,4.0,240.0,4.0,6179.196704428425
8561,other,4750.0,2.0,120.0,4.0,2526.315789473684
8562,other,1630.0,2.0,97.78,3.0,5998.773006134969
8563,other,1090.0,2.0,36.0,2.0,3302.7522935779816
8564,other,2425.0,4.0,173.0,4.0,7134.020618556701
8565,other,1150.0,2.0,56.0,2.0,4869.565217391304
8566,other,1141.0,2.0,49.0,2.0,4294.478527607362
8567,other,936.0,2.0,43.0,2.0,4594.017094017094
8568,other,1280.0,2.0,75.0,2.0,5859.375
8569,other,735.0,1.0,75.0,1.0,10204.081632653062
8570,other,500.0,1.0,24.0,1.0,4800.0
8571,other,1100.0,2.0,50.0,2.0,4545.454545454545
8572,other,1200.0,4.0,145.0,3.0,12083.333333333334
8573,other,1200.0,2.0,100.0,2.0,8333.333333333334
8574,other,1200.0,3.0,160.0,3.0,13333.333333333334
8575,other,1265.0,2.0,82.0,3.0,6482.213438735178
8576,other,3200.0,5.0,150.0,4.0,4687.5
8577,other,1196.0,2.0,56.81,2.0,4750.0
8578,other,1850.0,3.0,98.0,3.0,5297.2972972972975
8579,other,2360.0,4.0,150.0,4.0,6355.932203389831
8580,other,1030.0,2.0,77.25,2.0,7500.0
8581,other,1512.0,1.0,65.01,2.0,4299.603174603175
8582,other,2000.0,3.0,160.0,3.0,8000.0
8583,other,1575.0,3.0,93.0,3.0,5904.761904761905
8584,other,1300.0,2.0,70.0,3.0,5384.615384615385
8585,other,975.0,2.0,50.0,2.0,5128.205128205128
8586,other,1380.0,2.0,75.0,2.0,5434.782608695652
8587,other,5800.0,5.0,80.0,5.0,1379.3103448275863
8588,other,1000.0,2.0,45.0,2.0,4500.0
8589,other,3000.0,5.0,100.0,4.0,3333.3333333333335
8590,other,1080.0,2.0,45.0,2.0,4166.666666666667
8591,other,3100.0,3.0,250.0,3.0,8064.5161290322585
8592,other,1190.0,2.0,100.0,2.0,8403.361344537816
8593,other,1827.0,3.0,100.0,3.0,5473.453749315819
8594,other,1500.0,3.0,95.0,3.0,6333.333333333333
8595,other,1180.0,2.0,63.0,2.0,5338.983050847458
8596,other,1300.0,3.0,47.0,3.0,3615.3846153846152
8597,other,1155.0,2.0,60.0,3.0,5194.805194805195
8598,other,1540.0,3.0,68.0,3.0,4415.584415584415
8599,other,1206.0,2.0,38.5,2.0,3192.3714759535656
8600,other,1645.0,3.0,95.0,3.0,5775.075987841945
8601,other,1200.0,4.0,140.0,4.0,11666.666666666666
8602,other,1200.0,2.0,55.0,3.0,4583.333333333333
8603,other,1161.0,2.0,36.69,2.0,3160.206718346253
8604,other,1097.0,2.0,65.0,2.0,5925.2506836827715
8605,other,1600.0,3.0,165.0,4.0,10312.5
8606,other,620.0,2.0,22.0,2.0,3548.3870967741937
8607,other,900.0,2.0,110.0,2.0,12222.222222222223
8608,other,1200.0,2.0,125.0,2.0,10416.666666666666
8609,other,1355.0,2.0,75.0,2.0,5535.055350553505
8610,other,2000.0,3.0,85.0,3.0,4250.0
8611,other,7500.0,4.0,900.0,4.0,12000.0
8612,other,1280.0,2.0,49.75,2.0,3886.71875
8613,other,4200.0,1.0,160.0,2.0,3809.5238095238096
8614,other,4104.0,4.0,360.0,4.0,8771.929824561403
8615,other,1215.0,2.0,49.85,2.0,4102.880658436214
8616,other,1076.0,2.0,52.0,2.0,4832.71375464684
8617,other,2080.0,2.0,150.0,2.0,7211.538461538462
8618,other,1505.0,2.0,90.0,2.0,5980.066445182724
8619,other,1200.0,3.0,95.75,3.0,7979.166666666667
8620,other,1810.0,4.0,148.0,3.0,8176.795580110497
8621,other,1250.0,2.0,39.0,2.0,3120.0
8622,other,1530.0,2.0,97.0,3.0,6339.869281045751
8623,other,1500.0,3.0,70.0,3.0,4666.666666666667
8624,other,2000.0,5.0,80.0,4.0,4000.0
8625,other,1410.0,2.0,45.12,3.0,3200.0
8626,other,2000.0,3.0,85.0,3.0,4250.0
8627,other,1500.0,2.0,130.0,3.0,8666.666666666666
8628,other,1600.0,3.0,72.0,3.0,4500.0
8629,other,2100.0,6.0,71.0,6.0,3380.9523809523807
8630,other,2500.0,3.0,75.0,3.0,3000.0
8631,other,1400.0,2.0,80.0,2.0,5714.285714285715
8632,other,1533.0,3.0,150.0,3.0,9784.735812133073
8633,other,1100.0,2.0,38.0,2.0,3454.5454545454545
8634,other,3730.0,6.0,450.0,4.0,12064.343163538873
8635,other,745.0,2.0,50.0,2.0,6711.4093959731545
8636,other,1460.0,3.0,70.0,3.0,4794.520547945205
8637,other,1355.0,2.0,95.0,2.0,7011.070110701107
8638,other,833.0,1.0,49.0,1.0,5882.35294117647
8639,other,1037.0,2.0,36.28,2.0,3498.553519768563
8640,other,3000.0,5.0,270.0,4.0,9000.0
8641,other,1220.0,2.0,68.0,2.0,5573.770491803279
8642,other,3811.0,3.0,475.0,4.0,12463.920230910522
8643,other,1545.0,3.0,85.0,3.0,5501.6181229773465
8644,other,780.0,2.0,35.0,2.0,4487.179487179487
8645,other,1350.0,2.0,110.0,2.0,8148.148148148148
8646,other,1350.0,2.0,41.0,2.0,3037.037037037037
8647,other,1200.0,2.0,68.0,3.0,5666.666666666667
8648,other,1150.0,2.0,49.0,2.0,4260.869565217391
8649,other,2000.0,4.0,180.0,5.0,9000.0
8650,other,1096.0,2.0,48.0,2.0,4379.56204379562
8651,other,1094.0,2.0,44.0,2.0,4021.9378427787933
8652,other,1100.0,2.0,49.0,2.0,4454.545454545455
8653,other,1280.0,4.0,115.0,4.0,8984.375
8654,other,1200.0,3.0,85.0,3.0,7083.333333333333
8655,other,1086.0,2.0,47.5,2.0,4373.848987108656
8656,other,1655.0,3.0,155.0,3.0,9365.558912386707
8657,other,1150.0,2.0,74.0,2.0,6434.782608695652
8658,other,1440.0,3.0,65.8,3.0,4569.444444444444
8659,other,1200.0,2.0,108.0,3.0,9000.0
8660,other,1200.0,2.0,75.0,2.0,6250.0
8661,other,1225.0,3.0,60.0,3.0,4897.959183673469
8662,other,1550.0,2.0,60.0,3.0,3870.967741935484
8663,other,1650.0,3.0,75.0,3.0,4545.454545454545
8664,other,1113.0,2.0,46.0,2.0,4132.973944294699
8665,other,1500.0,2.0,203.0,2.0,13533.333333333334
8666,other,1800.0,2.0,72.0,3.0,4000.0
8667,other,1350.0,4.0,85.0,4.0,6296.2962962962965
8668,other,4500.0,9.0,500.0,9.0,11111.111111111111
8669,other,935.0,2.0,32.73,2.0,3500.5347593582883
8670,other,2500.0,5.0,120.0,5.0,4800.0
8671,other,1550.0,3.0,160.0,3.0,10322.58064516129
8672,other,1140.0,2.0,52.0,2.0,4561.403508771929
8673,other,1050.0,2.0,40.0,2.0,3809.5238095238096
8674,other,1758.0,3.0,95.0,3.0,5403.86803185438
8675,other,3179.0,5.0,351.0,4.0,11041.207927021076
8676,other,909.0,2.0,40.0,3.0,4400.4400440044
8677,other,1200.0,3.0,85.0,2.0,7083.333333333333
8678,other,1200.0,2.0,34.0,2.0,2833.3333333333335
8679,other,1800.0,3.0,140.0,3.0,7777.777777777777
8680,other,1000.0,2.0,48.0,2.0,4800.0
8681,other,1095.0,2.0,38.52,2.0,3517.8082191780827
8682,other,3900.0,4.0,333.0,4.0,8538.461538461539
8683,other,2400.0,4.0,200.0,3.0,8333.333333333334
8684,other,1645.0,3.0,87.5,3.0,5319.148936170212
8685,other,1252.0,2.0,55.0,2.0,4392.97124600639
8686,other,2600.0,3.0,140.0,3.0,5384.615384615385
8687,other,950.0,2.0,60.0,2.0,6315.789473684211
8688,other,2107.0,4.0,95.0,4.0,4508.780256288562
8689,other,1450.0,3.0,68.0,3.0,4689.6551724137935
8690,other,2431.0,3.0,100.0,3.0,4113.533525298231
8691,other,1155.0,2.0,56.0,2.0,4848.484848484848
8692,other,1450.0,2.0,62.63,2.0,4319.310344827586
8693,other,1900.0,3.0,205.0,3.0,10789.473684210527
8694,other,1365.0,3.0,60.0,2.0,4395.604395604396
8695,other,1402.0,2.0,85.0,3.0,6062.767475035664
8696,other,1550.0,3.0,75.0,3.0,4838.709677419355
8697,other,2100.0,3.0,240.0,3.0,11428.57142857143
8698,other,5000.0,4.0,290.0,4.0,5800.0
8699,other,2000.0,3.0,85.0,3.0,4250.0
8700,other,1100.0,2.0,45.0,2.0,4090.909090909091
8701,other,1200.0,3.0,140.0,3.0,11666.666666666666
8702,other,814.0,2.0,55.0,2.0,6756.756756756757
8703,other,1100.0,2.0,44.0,2.0,4000.0
8704,other,830.0,2.0,37.0,2.0,4457.831325301205
8705,other,1590.0,3.0,120.0,3.0,7547.169811320755
8706,other,3754.0,6.0,430.0,4.0,11454.448588172616
8707,other,1100.0,2.0,48.0,2.0,4363.636363636364
8708,other,1230.0,2.0,53.51,3.0,4350.40650406504
8709,other,1450.0,2.0,89.6,3.0,6179.310344827586
8710,other,1367.0,2.0,62.0,2.0,4535.479151426482
8711,other,1340.0,2.0,77.0,2.0,5746.268656716418
8712,other,1135.0,2.0,32.91,2.0,2899.5594713656383
8713,other,1745.0,3.0,77.0,3.0,4412.607449856733
8714,other,1665.0,3.0,105.0,3.0,6306.306306306306
8715,other,1220.0,2.0,48.79,2.0,3999.1803278688526
8716,other,2300.0,4.0,200.0,4.0,8695.652173913044
8717,other,1210.0,2.0,76.0,2.0,6280.99173553719
8718,other,1100.0,2.0,46.0,2.0,4181.818181818182
8719,other,1286.0,3.0,67.0,3.0,5209.9533437014
8720,other,1141.0,2.0,40.0,2.0,3505.6967572304998
8721,other,1140.0,2.0,45.0,2.0,3947.3684210526317
8722,other,1065.0,2.0,58.0,2.0,5446.0093896713615
8723,other,1082.0,2.0,42.0,3.0,3881.7005545286506
8724,other,1290.0,2.0,40.63,2.0,3149.6124031007757
8725,other,1636.0,3.0,97.0,3.0,5929.095354523228
8726,other,3600.0,4.0,450.0,4.0,12500.0
8727,other,1450.0,3.0,42.0,3.0,2896.551724137931
8728,other,1120.0,2.0,40.0,2.0,3571.4285714285716
8729,other,1200.0,3.0,72.0,3.0,6000.0
8730,other,1500.0,2.0,65.0,3.0,4333.333333333333
8731,other,3000.0,8.0,90.0,6.0,3000.0
8732,other,1100.0,2.0,47.0,2.0,4272.727272727273
8733,other,1000.0,1.0,75.0,2.0,7500.0
8734,other,1388.0,3.0,69.99,3.0,5042.50720461095
8735,other,1176.0,2.0,44.0,2.0,3741.496598639456
8736,other,1170.0,2.0,86.0,2.0,7350.427350427351
8737,other,4830.0,5.0,390.0,4.0,8074.534161490683
8738,other,850.0,2.0,75.0,2.0,8823.529411764706
8739,other,1103.0,2.0,55.0,2.0,4986.400725294651
8740,other,1600.0,3.0,64.0,3.0,4000.0
8741,other,1100.0,2.0,55.0,2.0,5000.0
8742,other,2065.0,3.0,130.0,3.0,6295.399515738499
8743,other,1150.0,2.0,125.0,2.0,10869.565217391304
8744,other,1250.0,2.0,59.0,2.0,4720.0
8745,other,1115.0,2.0,46.0,2.0,4125.5605381165915
8746,other,2550.0,4.0,290.0,3.0,11372.549019607843
8747,other,3080.0,2.0,285.0,4.0,9253.246753246753
8748,other,1130.0,2.0,52.0,2.0,4601.769911504425
8749,other,3400.0,6.0,420.0,4.0,12352.941176470587
8750,other,450.0,1.0,25.0,1.0,5555.555555555556
8751,other,1100.0,2.0,85.0,2.0,7727.272727272727
8752,other,966.0,2.0,49.0,2.0,5072.463768115942
8753,other,4400.0,4.0,350.0,5.0,7954.545454545455
8754,other,1550.0,2.0,79.0,3.0,5096.774193548387
8755,other,1540.0,2.0,70.0,3.0,4545.454545454545
8756,other,1036.0,2.0,110.0,2.0,10617.760617760618
8757,other,1070.0,2.0,38.9,2.0,3635.5140186915887
8758,other,1041.0,2.0,36.44,2.0,3500.480307396734
8759,other,1376.0,4.0,156.0,4.0,11337.209302325582
8760,other,1150.0,2.0,60.0,3.0,5217.391304347826
8761,other,1508.0,3.0,75.0,3.0,4973.474801061008
8762,other,1110.0,2.0,58.0,2.0,5225.225225225226
8763,other,1950.0,3.0,90.0,3.0,4615.384615384615
8764,other,1080.0,2.0,62.0,2.0,5740.740740740741
8765,other,999.0,2.0,43.66,2.0,4370.37037037037
8766,other,1180.0,2.0,40.0,2.0,3389.830508474576
8767,other,1127.0,2.0,55.0,2.0,4880.212954747116
8768,other,1475.0,2.0,200.0,3.0,13559.322033898305
8769,other,1200.0,3.0,96.25,3.0,8020.833333333333
8770,other,1250.0,2.0,65.0,3.0,5200.0
8771,other,2631.0,3.0,200.0,4.0,7601.672367920943
8772,other,830.0,2.0,60.0,2.0,7228.915662650603
8773,other,1500.0,2.0,88.0,2.0,5866.666666666667
8774,other,1518.0,3.0,76.0,3.0,5006.587615283267
8775,other,1495.0,2.0,75.0,3.0,5016.722408026756
8776,other,856.0,2.0,48.0,2.0,5607.476635514019
8777,other,1143.0,2.0,62.0,2.0,5424.321959755031
8778,other,1070.0,2.0,33.15,2.0,3098.1308411214955
8779,other,1117.0,2.0,110.0,2.0,9847.806624888093
8780,other,600.0,1.0,43.0,1.0,7166.666666666667
8781,other,7500.0,4.0,425.0,4.0,5666.666666666667
8782,other,925.0,2.0,48.0,2.0,5189.189189189189
8783,other,1100.0,2.0,52.0,2.0,4727.272727272727
8784,other,1200.0,3.0,70.0,3.0,5833.333333333333
8785,other,2675.0,4.0,290.0,4.0,10841.121495327103
8786,other,1016.0,2.0,45.9,2.0,4517.716535433071
8787,other,1800.0,3.0,88.0,3.0,4888.888888888889
8788,other,1062.0,2.0,47.0,2.0,4425.612052730697
8789,other,1477.0,2.0,80.0,3.0,5416.384563303995
8790,other,3500.0,5.0,450.0,4.0,12857.142857142857
8791,other,1793.0,3.0,98.0,3.0,5465.699944227552
8792,other,960.0,2.0,33.0,2.0,3437.5
8793,other,620.0,2.0,23.0,2.0,3709.6774193548385
8794,other,1400.0,3.0,35.0,3.0,2500.0
8795,other,1020.0,2.0,62.0,2.0,6078.431372549019
8796,other,3563.0,6.0,310.0,4.0,8700.533258490037
8797,other,1165.0,2.0,47.0,2.0,4034.3347639484978
8798,other,1100.0,2.0,43.5,2.0,3954.5454545454545
8799,other,3300.0,5.0,318.0,4.0,9636.363636363636
8800,other,1200.0,3.0,165.0,3.0,13750.0
8801,other,1440.0,4.0,88.0,4.0,6111.111111111111
8802,other,2250.0,3.0,113.0,3.0,5022.222222222223
8803,other,1250.0,3.0,43.0,3.0,3440.0
8804,other,1718.0,3.0,223.0,3.0,12980.209545983702
8805,other,1200.0,2.0,75.0,3.0,6250.0
8806,other,985.0,2.0,55.0,2.0,5583.756345177665
8807,other,1700.0,2.0,68.5,3.0,4029.4117647058824
8808,other,2000.0,4.0,99.0,5.0,4950.0
8809,other,1643.0,3.0,75.0,3.0,4564.820450395618
8810,other,1740.0,3.0,55.0,3.0,3160.919540229885
8811,other,1030.0,2.0,80.0,2.0,7766.9902912621355
8812,other,1852.0,2.0,95.0,3.0,5129.589632829374
8813,other,1150.0,2.0,69.0,2.0,6000.0
8814,other,2600.0,3.0,95.0,4.0,3653.846153846154
8815,other,1350.0,2.0,68.0,3.0,5037.037037037037
8816,other,1500.0,2.0,90.0,3.0,6000.0
8817,other,900.0,2.0,55.0,2.0,6111.111111111111
8818,other,850.0,2.0,35.0,2.0,4117.64705882353
8819,other,1250.0,2.0,60.0,2.0,4800.0
8820,other,970.0,2.0,35.0,2.0,3608.2474226804125
8821,other,1148.0,2.0,59.0,2.0,5139.3728222996515
8822,other,1750.0,2.0,225.0,4.0,12857.142857142857
8823,other,1350.0,3.0,60.0,3.0,4444.444444444444
8824,other,1100.0,2.0,78.0,2.0,7090.909090909091
8825,other,1180.0,2.0,74.0,2.0,6271.186440677966
8826,other,4510.0,4.0,200.0,3.0,4434.589800443459
8827,other,1540.0,3.0,85.0,3.0,5519.480519480519
8828,other,1033.0,2.0,31.5,3.0,3049.3707647628266
8829,other,1800.0,3.0,230.0,3.0,12777.777777777777
8830,other,1200.0,2.0,37.0,2.0,3083.3333333333335
8831,other,2000.0,3.0,120.0,3.0,6000.0
8832,other,2000.0,3.0,145.0,3.0,7250.0
8833,other,500.0,1.0,15.0,1.0,3000.0
8834,other,850.0,2.0,42.0,2.0,4941.176470588235
8835,other,1165.0,2.0,33.64,2.0,2887.5536480686696
8836,other,2230.0,4.0,130.0,4.0,5829.596412556054
8837,other,2200.0,5.0,100.0,4.0,4545.454545454545
8838,other,1519.0,3.0,67.23,3.0,4425.938117182357
8839,other,3160.0,4.0,206.0,4.0,6518.987341772152
8840,other,922.0,2.0,70.0,2.0,7592.190889370932
8841,other,850.0,2.0,72.0,2.0,8470.588235294117
8842,other,1200.0,1.0,65.0,2.0,5416.666666666667
8843,other,1442.0,3.0,56.24,3.0,3900.138696255201
8844,other,1233.0,2.0,100.0,2.0,8110.300081103001
8845,other,1840.0,3.0,85.0,3.0,4619.565217391304
8846,other,1100.0,2.0,57.0,2.0,5181.818181818182
8847,other,1040.0,2.0,46.79,2.0,4499.038461538462
8848,other,1200.0,2.0,53.0,2.0,4416.666666666667
8849,other,2050.0,3.0,100.0,4.0,4878.048780487805
8850,other,800.0,2.0,30.0,2.0,3750.0
8851,other,1125.0,2.0,36.0,2.0,3200.0
8852,other,1936.0,3.0,110.0,3.0,5681.818181818182
8853,other,1652.5,3.0,90.0,3.0,5446.293494704993
8854,other,2159.0,3.0,110.0,3.0,5094.951366373321
8855,other,1500.0,3.0,138.0,3.0,9200.0
8856,other,700.0,2.0,43.0,2.0,6142.857142857143
8857,other,1750.0,3.0,170.0,3.0,9714.285714285714
8858,other,1365.0,3.0,99.0,3.0,7252.747252747253
8859,other,1800.0,3.0,105.0,6.0,5833.333333333333
8860,other,850.0,2.0,35.0,2.0,4117.64705882353
8861,other,708.0,1.0,55.0,2.0,7768.3615819209035
8862,other,1680.0,3.0,135.0,3.0,8035.714285714285
8863,other,990.0,2.0,58.0,2.0,5858.585858585859
8864,other,1240.0,2.0,100.0,2.0,8064.5161290322585
8865,other,1810.0,3.0,118.0,3.0,6519.3370165745855
8866,other,2005.0,3.0,240.0,3.0,11970.074812967581
8867,other,1265.0,2.0,58.0,2.0,4584.98023715415
8868,other,1035.0,2.0,44.0,2.0,4251.207729468599
8869,other,1000.0,2.0,97.0,2.0,9700.0
8870,other,2800.0,4.0,100.0,6.0,3571.4285714285716
8871,other,3500.0,6.0,120.0,8.0,3428.5714285714284
8872,other,1430.0,3.0,78.65,3.0,5500.000000000001
8873,other,600.0,2.0,30.0,2.0,5000.0
8874,other,1200.0,2.0,45.0,1.0,3750.0
8875,other,1116.0,2.0,37.6,2.0,3369.1756272401435
8876,other,1090.0,2.0,45.0,2.0,4128.440366972477
8877,other,1260.0,4.0,65.0,4.0,5158.730158730159
8878,other,1000.0,2.0,36.0,2.0,3600.0
8879,other,840.0,1.0,75.0,1.0,8928.57142857143
8880,other,1760.0,2.0,116.0,3.0,6590.909090909091
8881,other,600.0,1.0,52.0,2.0,8666.666666666666
8882,other,1670.0,3.0,160.0,3.0,9580.838323353293
8883,other,1410.0,2.0,75.0,2.0,5319.148936170212
8884,other,2400.0,5.0,93.0,5.0,3875.0
8885,other,1200.0,2.0,75.6,3.0,6299.999999999999
8886,other,2400.0,5.0,285.0,5.0,11875.0
8887,other,2100.0,4.0,150.0,4.0,7142.857142857143
8888,other,1200.0,2.0,52.5,2.0,4375.0
8889,other,1539.0,3.0,60.0,3.0,3898.635477582846
8890,other,920.0,2.0,46.0,2.0,5000.0
8891,other,1550.0,4.0,120.0,4.0,7741.935483870968
8892,other,905.0,2.0,50.0,2.0,5524.861878453039
8893,other,1495.0,3.0,200.0,3.0,13377.926421404682
8894,other,1455.0,2.0,55.0,3.0,3780.0687285223366
8895,other,550.0,1.0,23.0,1.0,4181.818181818182
8896,other,4000.0,3.0,130.0,5.0,3250.0
8897,other,1060.0,2.0,53.0,2.0,5000.0
8898,other,1080.0,2.0,75.0,3.0,6944.444444444444
8899,other,1570.0,3.0,78.0,3.0,4968.152866242038
8900,other,1537.0,3.0,110.0,3.0,7156.79895901106
8901,other,1750.0,3.0,150.0,3.0,8571.42857142857
8902,other,2800.0,7.0,250.0,7.0,8928.57142857143
8903,other,1020.0,2.0,48.0,2.0,4705.882352941177
8904,other,1191.0,2.0,90.0,2.0,7556.675062972292
8905,other,865.0,2.0,35.11,2.0,4058.9595375722542
8906,other,2100.0,4.0,90.0,4.0,4285.714285714285
8907,other,2849.0,5.0,250.0,4.0,8775.008775008775
8908,other,1000.0,2.0,42.0,2.0,4200.0
8909,other,1225.0,2.0,47.0,2.0,3836.734693877551
8910,other,830.0,2.0,40.0,2.0,4819.277108433735
8911,other,1685.0,3.0,60.0,3.0,3560.8308605341244
8912,other,827.0,2.0,45.0,2.0,5441.354292623942
8913,other,1050.0,2.0,50.0,2.0,4761.9047619047615
8914,other,1060.0,2.0,49.27,2.0,4648.11320754717
8915,other,1261.0,2.0,61.0,2.0,4837.430610626487
8916,other,1100.0,2.0,46.0,2.0,4181.818181818182
8917,other,3400.0,4.0,190.0,4.0,5588.235294117647
8918,other,1180.0,2.0,56.0,2.0,4745.762711864407
8919,other,1205.0,2.0,70.0,2.0,5809.128630705394
8920,other,1250.0,2.0,58.0,2.0,4640.0
8921,other,1424.0,2.0,55.0,3.0,3862.3595505617977
8922,other,1250.0,3.0,55.0,3.0,4400.0
8923,other,2200.0,4.0,160.0,3.0,7272.727272727273
8924,other,1230.0,2.0,55.0,2.0,4471.544715447155
8925,other,1540.0,3.0,76.0,3.0,4935.064935064935
8926,other,1900.0,3.0,155.0,3.0,8157.894736842105
8927,other,1200.0,1.0,95.0,2.0,7916.666666666667
8928,other,1060.0,2.0,37.0,2.0,3490.566037735849
8929,other,1100.0,2.0,61.0,2.0,5545.454545454545
8930,other,1100.0,2.0,110.0,2.0,10000.0
8931,other,1942.0,3.0,155.0,3.0,7981.462409886714
8932,other,1200.0,4.0,80.0,3.0,6666.666666666667
8933,other,1400.0,2.0,60.0,2.0,4285.714285714285
8934,other,1330.0,2.0,64.0,2.0,4812.0300751879695
8935,other,1515.0,3.0,90.0,3.0,5940.59405940594
8936,other,1464.0,3.0,56.0,3.0,3825.136612021858
8937,other,1206.0,2.0,53.0,2.0,4394.69320066335
8938,other,1200.0,4.0,95.0,4.0,7916.666666666667
8939,other,1250.0,2.0,58.0,2.0,4640.0
8940,other,625.0,2.0,24.0,2.0,3840.0
8941,other,900.0,2.0,27.0,2.0,3000.0
8942,other,1464.0,2.0,56.0,2.0,3825.136612021858
8943,other,1300.0,3.0,64.0,3.0,4923.076923076923
8944,other,1200.0,1.0,69.0,1.0,5750.0
8945,other,1717.0,3.0,99.0,3.0,5765.87070471753
8946,other,2099.0,3.0,95.0,3.0,4525.964745116722
8947,other,1200.0,1.0,48.0,1.0,4000.0
8948,other,1430.0,2.0,78.65,3.0,5500.000000000001
8949,other,2108.0,3.0,85.0,3.0,4032.2580645161293
8950,other,1190.0,2.0,70.0,2.0,5882.35294117647
8951,other,900.0,2.0,41.0,2.0,4555.555555555556
8952,other,2690.0,4.0,185.0,4.0,6877.323420074349
8953,other,1800.0,5.0,250.0,4.0,13888.888888888889
8954,other,1594.0,3.0,99.0,3.0,6210.790464240903
8955,other,1250.0,2.0,68.0,2.0,5440.0
8956,other,1290.0,1.0,77.5,2.0,6007.751937984496
8957,other,1150.0,2.0,48.0,2.0,4173.913043478261
8958,other,1464.0,2.0,145.0,2.0,9904.371584699453
8959,other,1200.0,2.0,75.0,2.0,6250.0
8960,other,1065.0,2.0,45.0,2.0,4225.352112676056
8961,other,750.0,2.0,36.0,2.0,4800.0
8962,other,1485.0,2.0,156.0,3.0,10505.050505050505
8963,other,2070.0,3.0,135.0,3.0,6521.739130434783
8964,other,1600.0,2.0,75.0,3.0,4687.5
8965,other,1100.0,2.0,38.49,2.0,3499.090909090909
8966,other,800.0,2.0,55.0,2.0,6875.0
8967,other,900.0,1.0,44.0,2.0,4888.888888888889
8968,other,1480.0,2.0,125.0,3.0,8445.945945945947
8969,other,3800.0,2.0,130.0,3.0,3421.0526315789475
8970,other,1500.0,2.0,130.0,2.0,8666.666666666666
8971,other,2010.0,3.0,125.0,3.0,6218.905472636816
8972,other,1504.0,2.0,100.0,3.0,6648.936170212766
8973,other,2040.0,2.0,59.0,2.0,2892.156862745098
8974,other,1602.0,2.0,165.0,3.0,10299.625468164793
8975,other,1200.0,4.0,130.0,4.0,10833.333333333334
8976,other,1800.0,3.0,220.0,3.0,12222.222222222223
8977,other,1500.0,3.0,72.0,3.0,4800.0
8978,other,1280.0,2.0,48.0,3.0,3750.0
8979,other,900.0,2.0,45.0,2.0,5000.0
8980,other,1095.0,2.0,38.33,2.0,3500.4566210045664
8981,other,1145.0,2.0,58.4,2.0,5100.436681222707
8982,other,1862.0,3.0,120.0,3.0,6444.68313641246
8983,other,2700.0,3.0,200.0,3.0,7407.407407407408
8984,other,1677.0,3.0,98.0,3.0,5843.768634466309
8985,other,2500.0,8.0,95.0,8.0,3800.0
8986,other,1490.0,2.0,115.0,3.0,7718.120805369127
8987,other,1550.0,3.0,59.0,3.0,3806.451612903226
8988,other,1740.0,3.0,120.0,3.0,6896.551724137931
8989,other,1020.0,2.0,60.0,2.0,5882.35294117647
8990,other,550.0,1.0,16.0,1.0,2909.090909090909
8991,other,1492.0,2.0,65.0,2.0,4356.56836461126
8992,other,1431.0,3.0,65.0,3.0,4542.278127183788
8993,other,3664.0,3.0,325.0,3.0,8870.087336244542
8994,other,690.0,2.0,42.0,2.0,6086.95652173913
8995,other,1520.0,3.0,111.0,3.0,7302.631578947368
8996,other,1391.0,2.0,64.5,3.0,4636.951833213516
8997,other,1200.0,4.0,86.0,4.0,7166.666666666667
8998,other,1250.0,2.0,90.0,2.0,7200.0
8999,other,1900.0,2.0,190.0,3.0,10000.0
9000,other,1464.0,3.0,56.0,3.0,3825.136612021858
9001,other,900.0,2.0,33.0,2.0,3666.6666666666665
9002,other,1602.0,2.0,170.0,3.0,10611.735330836455
9003,other,1230.0,2.0,70.0,2.0,5691.056910569106
9004,other,1600.0,3.0,95.0,3.0,5937.5
9005,other,450.0,1.0,60.0,1.0,13333.333333333334
9006,other,600.0,2.0,23.0,1.0,3833.3333333333335
9007,other,3463.0,6.0,310.0,4.0,8951.775916835115
9008,other,1200.0,2.0,85.0,2.0,7083.333333333333
9009,other,1200.0,2.0,35.0,2.0,2916.6666666666665
9010,other,1200.0,2.0,45.0,2.0,3750.0
9011,other,2000.0,4.0,130.0,3.0,6500.0
9012,other,1350.0,4.0,140.0,4.0,10370.37037037037
9013,other,995.0,2.0,34.82,3.0,3499.497487437186
9014,other,1000.0,2.0,44.0,2.0,4400.0
9015,other,1175.0,2.0,79.0,2.0,6723.404255319149
9016,other,1200.0,2.0,43.0,2.0,3583.3333333333335
9017,other,1112.0,2.0,68.0,2.0,6115.107913669065
9018,other,990.0,2.0,35.0,2.0,3535.3535353535353
9019,other,1107.0,2.0,40.0,2.0,3613.369467028004
9020,other,1158.0,2.0,75.0,2.0,6476.683937823835
9021,other,3200.0,4.0,200.0,4.0,6250.0
9022,other,1125.0,2.0,32.49,2.0,2888.0
9023,other,1200.0,2.0,90.0,2.0,7500.0
9024,other,1266.67,2.0,69.0,2.0,5447.3540859103
9025,other,1800.0,3.0,90.0,3.0,5000.0
9026,other,2000.0,2.0,160.0,2.0,8000.0
9027,other,1464.0,3.0,56.0,3.0,3825.136612021858
9028,other,1800.0,3.0,95.0,3.0,5277.777777777777
9029,other,1410.0,3.0,65.0,3.0,4609.929078014185
9030,other,2679.0,5.0,280.0,4.0,10451.661067562523
9031,other,1230.0,2.0,75.0,2.0,6097.5609756097565
9032,other,1080.0,2.0,44.8,2.0,4148.148148148148
9033,other,3150.0,5.0,145.0,8.0,4603.174603174603
9034,other,2400.0,2.0,135.0,2.0,5625.0
9035,other,880.0,2.0,48.0,2.0,5454.545454545455
9036,other,1150.0,2.0,45.0,2.0,3913.0434782608695
9037,other,1194.0,2.0,55.0,2.0,4606.365159128978
9038,other,2000.0,3.0,90.0,3.0,4500.0
9039,other,1025.0,2.0,42.5,2.0,4146.341463414634
9040,other,1022.0,2.0,57.0,2.0,5577.2994129158515
9041,other,1200.0,2.0,76.0,2.0,6333.333333333333
9042,other,1200.0,1.0,54.0,2.0,4500.0
9043,other,950.0,2.0,38.0,2.0,4000.0
9044,other,1605.0,3.0,100.0,3.0,6230.529595015576
9045,other,1542.0,3.0,98.0,3.0,6355.38261997406
9046,other,1012.0,2.0,42.0,2.0,4150.197628458498
9047,other,3600.0,5.0,110.0,5.0,3055.5555555555557
9048,other,1333.0,2.0,77.27,2.0,5796.699174793698
9049,other,1100.0,3.0,110.0,3.0,10000.0
9050,other,1050.0,2.0,70.0,2.0,6666.666666666667
9051,other,1140.0,2.0,32.92,2.0,2887.719298245614
9052,other,2000.0,3.0,105.0,3.0,5250.0
9053,other,1075.0,2.0,55.0,2.0,5116.279069767442
9054,other,1200.0,4.0,165.0,4.0,13750.0
9055,other,1100.0,2.0,145.0,3.0,13181.818181818182
9056,other,1069.0,2.0,55.0,2.0,5144.9953227315245
9057,other,1200.0,3.0,99.0,3.0,8250.0
9058,other,1007.0,2.0,43.0,2.0,4270.109235352532
9059,other,4250.0,6.0,150.0,6.0,3529.4117647058824
9060,other,1000.0,2.0,60.0,2.0,6000.0
9061,other,5720.0,3.0,350.0,3.0,6118.881118881119
9062,other,675.0,1.0,15.0,2.0,2222.222222222222
9063,other,1012.0,2.0,59.0,2.0,5830.0395256917
9064,other,1280.0,2.0,49.0,3.0,3828.125
9065,other,925.0,2.0,35.0,2.0,3783.7837837837837
9066,other,1200.0,4.0,140.0,4.0,11666.666666666666
9067,other,600.0,2.0,39.0,2.0,6500.0
9068,other,1240.0,2.0,65.0,3.0,5241.935483870968
9069,other,1100.0,2.0,55.0,2.0,5000.0
9070,other,1700.0,3.0,111.0,3.0,6529.411764705882
9071,other,1340.0,2.0,65.0,2.0,4850.746268656716
9072,other,1200.0,2.0,54.0,2.0,4500.0
9073,other,1600.0,2.0,31.0,2.0,1937.5
9074,other,1780.0,3.0,110.0,3.0,6179.775280898876
9075,other,1800.0,4.0,68.0,5.0,3777.777777777778
9076,other,1080.0,3.0,149.0,3.0,13796.296296296296
9077,other,900.0,2.0,65.0,3.0,7222.222222222223
9078,other,946.0,2.0,45.0,2.0,4756.871035940803
9079,other,1200.0,3.0,160.0,4.0,13333.333333333334
9080,other,1540.0,3.0,85.0,3.0,5519.480519480519
9081,other,2456.0,3.0,220.0,3.0,8957.654723127036
9082,other,1610.0,2.0,64.4,3.0,4000.0000000000005
9083,other,1530.0,2.0,185.0,2.0,12091.503267973856
9084,other,1439.0,3.0,57.23,3.0,3977.067407922168
9085,other,1435.0,2.0,60.0,3.0,4181.184668989547
9086,other,1717.0,3.0,120.0,3.0,6988.934187536401
9087,other,1409.0,2.0,62.0,3.0,4400.28388928318
9088,other,1250.0,2.0,50.0,2.0,4000.0
9089,other,1475.0,2.0,171.0,2.0,11593.22033898305
9090,other,1225.0,2.0,65.0,2.0,5306.122448979592
9091,other,650.0,1.0,16.0,1.0,2461.5384615384614
9092,other,1750.0,3.0,75.0,3.0,4285.714285714285
9093,other,1504.0,2.0,102.0,3.0,6781.914893617021
9094,other,1116.0,2.0,49.8,2.0,4462.365591397849
9095,other,1800.0,4.0,145.0,4.0,8055.555555555556
9096,other,3000.0,4.0,240.0,4.0,8000.0
9097,other,1150.0,2.0,60.0,2.0,5217.391304347826
9098,other,1625.0,3.0,92.0,3.0,5661.538461538462
9099,other,2400.0,4.0,250.0,4.0,10416.666666666666
9100,other,1180.0,2.0,50.0,2.0,4237.28813559322
9101,other,1272.0,2.0,51.5,2.0,4048.7421383647797
9102,other,1490.0,2.0,92.0,3.0,6174.496644295302
9103,other,2400.0,5.0,140.0,4.0,5833.333333333333
9104,other,1044.0,2.0,60.0,2.0,5747.126436781609
9105,other,1595.0,3.0,70.39,3.0,4413.166144200627
9106,other,1640.0,3.0,84.0,3.0,5121.951219512195
9107,other,1200.0,2.0,54.0,2.0,4500.0
9108,other,1567.2,2.0,190.0,3.0,12123.532414497193
9109,other,959.0,2.0,42.5,2.0,4431.699687174139
9110,other,1141.0,2.0,55.0,2.0,4820.333041191937
9111,other,1200.0,2.0,43.2,2.0,3600.0
9112,other,1240.0,2.0,65.0,3.0,5241.935483870968
9113,other,1293.0,2.0,75.0,2.0,5800.46403712297
9114,other,1885.0,3.0,90.0,3.0,4774.535809018567
9115,other,860.0,2.0,65.5,2.0,7616.279069767442
9116,other,1374.0,2.0,88.0,3.0,6404.657933042213
9117,other,1250.0,2.0,60.0,2.0,4800.0
9118,other,1110.0,2.0,52.0,2.0,4684.684684684685
9119,other,1350.0,3.0,48.6,3.0,3600.0
9120,other,2000.0,2.0,160.0,4.0,8000.0
9121,other,834.0,1.0,62.0,1.0,7434.052757793765
9122,other,600.0,1.0,52.0,1.0,8666.666666666666
9123,other,2000.0,4.0,135.0,4.0,6750.0
9124,other,2750.0,3.0,260.0,3.0,9454.545454545454
9125,other,900.0,2.0,35.0,2.0,3888.8888888888887
9126,other,1000.0,2.0,46.0,2.0,4600.0
9127,other,1200.0,2.0,52.0,2.0,4333.333333333333
9128,other,1280.0,2.0,90.0,2.0,7031.25
9129,other,1190.0,2.0,55.0,2.0,4621.848739495798
9130,other,2075.0,3.0,175.0,3.0,8433.734939759037
9131,other,1900.0,3.0,65.0,3.0,3421.0526315789475
9132,other,1578.0,3.0,73.9,3.0,4683.143219264893
9133,other,1475.0,2.0,70.0,2.0,4745.762711864407
9134,other,2400.0,2.0,125.0,2.0,5208.333333333333
9135,other,1427.0,2.0,70.0,3.0,4905.395935529082
9136,other,1350.0,3.0,68.0,3.0,5037.037037037037
9137,other,2274.24,4.0,160.0,3.0,7035.317292809907
9138,other,1455.0,2.0,55.0,3.0,3780.0687285223366
9139,other,900.0,3.0,105.0,2.0,11666.666666666666
9140,other,1570.0,3.0,80.0,3.0,5095.541401273886
9141,other,1495.0,2.0,65.0,3.0,4347.826086956522
9142,other,1350.0,3.0,75.0,3.0,5555.555555555556
9143,other,1464.0,3.0,56.0,3.0,3825.136612021858
9144,other,470.0,2.0,10.0,1.0,2127.659574468085
9145,other,2300.0,7.0,160.0,6.0,6956.521739130435
9146,other,1313.0,4.0,150.0,3.0,11424.219345011425
9147,other,2515.0,4.0,155.0,3.0,6163.021868787277
9148,other,1440.0,3.0,72.0,3.0,5000.0
9149,other,1200.0,2.0,56.0,2.0,4666.666666666667
9150,other,2665.0,3.0,350.0,3.0,13133.208255159474
9151,other,1670.0,3.0,75.0,3.0,4491.017964071856
9152,other,3500.0,5.0,450.0,4.0,12857.142857142857
9153,other,700.0,2.0,29.0,2.0,4142.857142857143
9154,other,1300.0,2.0,67.0,3.0,5153.846153846154
9155,other,1200.0,2.0,54.0,2.0,4500.0
9156,other,1215.0,2.0,49.75,3.0,4094.650205761317
9157,other,1050.0,2.0,55.0,2.0,5238.0952380952385
9158,other,1258.0,2.0,58.0,2.0,4610.492845786964
9159,other,2400.0,5.0,300.0,6.0,12500.0
9160,other,3000.0,4.0,130.0,8.0,4333.333333333333
9161,other,1235.0,2.0,140.0,2.0,11336.032388663967
9162,other,3200.0,3.0,260.0,3.0,8125.0
9163,other,1450.0,3.0,90.0,3.0,6206.896551724138
9164,other,3754.0,6.0,480.0,4.0,12786.361214704315
9165,other,1893.0,3.0,115.0,3.0,6075.0132065504495
9166,other,2400.0,6.0,98.0,6.0,4083.3333333333335
9167,other,1250.0,2.0,43.0,2.0,3440.0
9168,other,1200.0,2.0,100.0,3.0,8333.333333333334
9169,other,1205.0,2.0,70.0,2.0,5809.128630705394
9170,other,1500.0,3.0,90.0,3.0,6000.0
9171,other,1190.0,2.0,41.0,2.0,3445.378151260504
9172,other,1250.0,2.0,67.0,2.0,5360.0
9173,other,2260.0,3.0,80.0,2.0,3539.8230088495575
9174,other,2700.0,3.0,90.0,4.0,3333.3333333333335
9175,other,375.0,1.0,26.0,1.0,6933.333333333333
9176,other,800.0,3.0,59.5,2.0,7437.5
9177,other,909.0,2.0,43.0,3.0,4730.47304730473
9178,other,1400.0,2.0,85.0,2.0,6071.428571428572
9179,other,1800.0,2.0,100.0,3.0,5555.555555555556
9180,other,925.0,2.0,70.0,2.0,7567.5675675675675
9181,other,850.0,1.0,35.5,2.0,4176.470588235294
9182,other,1100.0,2.0,32.0,2.0,2909.090909090909
9183,other,3500.0,2.0,350.0,4.0,10000.0
9184,other,1200.0,2.0,55.0,2.0,4583.333333333333
9185,other,1480.0,3.0,74.0,3.0,5000.0
9186,other,2100.0,4.0,255.0,3.0,12142.857142857143
9187,other,400.0,1.0,35.0,1.0,8750.0
9188,other,1310.0,2.0,55.0,3.0,4198.473282442748
9189,other,993.0,2.0,45.5,2.0,4582.074521651561
9190,other,2400.0,5.0,180.0,4.0,7500.0
9191,other,6000.0,1.0,276.0,1.0,4600.0
9192,other,825.0,2.0,40.0,1.0,4848.484848484848
9193,other,1320.0,2.0,60.0,3.0,4545.454545454545
9194,other,5000.0,5.0,600.0,4.0,12000.0
9195,other,1050.0,2.0,50.0,2.0,4761.9047619047615
9196,other,4800.0,5.0,420.0,4.0,8750.0
9197,other,3400.0,3.0,400.0,3.0,11764.70588235294
9198,other,600.0,1.0,33.0,1.0,5500.0
9199,other,1569.0,3.0,70.0,3.0,4461.440407903123
9200,other,2600.0,3.0,147.0,3.0,5653.846153846154
9201,other,1410.0,2.0,45.12,3.0,3200.0
9202,other,800.0,1.0,72.0,1.0,9000.0
9203,other,1020.0,2.0,49.0,2.0,4803.921568627451
9204,other,1225.0,2.0,82.0,3.0,6693.877551020408
9205,other,655.0,1.0,27.0,1.0,4122.137404580153
9206,other,1196.0,2.0,96.0,2.0,8026.755852842809
9207,other,927.0,2.0,50.0,2.0,5393.743257820927
9208,other,600.0,1.0,18.0,1.0,3000.0
9209,other,1175.0,2.0,48.72,2.0,4146.382978723404
9210,other,2800.0,4.0,200.0,4.0,7142.857142857143
9211,other,750.0,2.0,28.0,2.0,3733.3333333333335
9212,other,1000.0,2.0,45.0,2.0,4500.0
9213,other,800.0,2.0,85.0,2.0,10625.0
9214,other,985.0,2.0,57.0,2.0,5786.802030456853
9215,other,6000.0,12.0,150.0,11.0,2500.0
9216,other,3600.0,7.0,160.0,7.0,4444.444444444444
9217,other,600.0,2.0,80.0,2.0,13333.333333333334
9218,other,1503.0,2.0,93.0,3.0,6187.624750499002
9219,other,1200.0,2.0,61.0,2.0,5083.333333333333
9220,other,2500.0,2.0,60.0,3.0,2400.0
9221,other,1500.0,2.0,52.0,3.0,3466.6666666666665
9222,other,1765.0,3.0,77.27,3.0,4377.903682719547
9223,other,1768.0,3.0,95.0,3.0,5373.303167420814
9224,other,3060.0,4.0,350.0,4.0,11437.908496732027
9225,other,800.0,1.0,32.0,1.0,4000.0
9226,other,3000.0,6.0,145.0,7.0,4833.333333333333
9227,other,600.0,1.0,35.0,1.0,5833.333333333333
9228,other,1010.0,2.0,55.0,2.0,5445.544554455446
9229,other,650.0,1.0,20.0,2.0,3076.923076923077
9230,other,1080.0,2.0,37.8,2.0,3499.9999999999995
9231,other,3978.0,4.0,428.0,4.0,10759.175465057819
9232,other,1500.0,2.0,45.0,2.0,3000.0
9233,other,1800.0,3.0,85.0,3.0,4722.222222222223
9234,other,2008.0,3.0,170.0,3.0,8466.135458167331
9235,other,2095.0,3.0,142.0,3.0,6778.042959427207
9236,other,1190.0,2.0,48.6,2.0,4084.0336134453783
9237,other,1600.0,2.0,88.0,3.0,5500.0
9238,other,1350.0,4.0,160.0,4.0,11851.851851851852
9239,other,500.0,1.0,20.0,1.0,4000.0
9240,other,1280.0,2.0,100.0,3.0,7812.5
9241,other,1650.0,3.0,110.0,3.0,6666.666666666667
9242,other,1500.0,2.0,75.0,3.0,5000.0
9243,other,1176.0,2.0,45.0,3.0,3826.530612244898
9244,other,1044.0,2.0,85.0,2.0,8141.762452107279
9245,other,1425.0,3.0,55.0,3.0,3859.6491228070176
9246,other,840.0,1.0,99.0,2.0,11785.714285714286
9247,other,1285.0,2.0,45.0,2.0,3501.9455252918287
9248,other,2000.0,2.0,95.0,3.0,4750.0
9249,other,3870.0,4.0,411.0,4.0,10620.15503875969
9250,other,1320.0,2.0,55.0,3.0,4166.666666666667
9251,other,1835.0,3.0,175.0,3.0,9536.784741144415
9252,other,1322.0,2.0,61.99,2.0,4689.10741301059
9253,other,1450.0,2.0,65.0,3.0,4482.758620689655
9254,other,425.0,1.0,15.0,1.0,3529.4117647058824
9255,other,820.0,2.0,30.0,2.0,3658.5365853658536
9256,other,1450.0,3.0,68.0,3.0,4689.6551724137935
9257,other,2380.0,4.0,242.0,4.0,10168.067226890757
9258,other,900.0,1.0,70.0,2.0,7777.777777777777
9259,other,1517.0,2.0,125.0,2.0,8239.947264337508
9260,other,1000.0,2.0,35.0,2.0,3500.0
9261,other,3602.0,4.0,280.0,4.0,7773.459189339256
9262,other,2159.0,3.0,120.0,3.0,5558.12876331635
9263,other,1200.0,3.0,72.0,3.0,6000.0
9264,other,1850.0,3.0,175.0,6.0,9459.45945945946
9265,other,510.0,1.0,34.0,1.0,6666.666666666667
9266,other,1166.0,2.0,65.0,2.0,5574.614065180103
9267,other,2700.0,2.0,260.0,3.0,9629.62962962963
9268,other,1350.0,2.0,175.0,3.0,12962.962962962964
9269,other,2100.0,6.0,100.0,4.0,4761.9047619047615
9270,other,940.0,2.0,56.0,2.0,5957.446808510638
9271,other,1015.0,2.0,40.1,2.0,3950.7389162561576
9272,other,1400.0,3.0,69.0,3.0,4928.571428571428
9273,other,1645.0,3.0,95.0,3.0,5775.075987841945
9274,other,1600.0,4.0,90.0,4.0,5625.0
9275,other,1000.0,2.0,63.0,2.0,6300.0
9276,other,1350.0,2.0,65.0,2.0,4814.814814814815
9277,other,1998.0,3.0,117.0,3.0,5855.855855855856
9278,other,1300.0,2.0,60.0,2.0,4615.384615384615
9279,other,950.0,2.0,33.0,2.0,3473.684210526316
9280,other,1804.0,3.0,150.0,3.0,8314.855875831485
9281,other,1350.0,3.0,81.0,3.0,6000.0
9282,other,826.0,2.0,36.0,2.0,4358.353510895884
9283,other,3000.0,3.0,300.0,4.0,10000.0
9284,other,935.0,2.0,35.0,2.0,3743.3155080213905
9285,other,1180.0,2.0,39.0,2.0,3305.084745762712
9286,other,2200.0,3.0,115.0,4.0,5227.272727272727
9287,other,1200.0,4.0,110.0,4.0,9166.666666666666
9288,other,1500.0,2.0,50.0,2.0,3333.3333333333335
9289,other,1217.0,2.0,164.0,2.0,13475.760065735414
9290,other,2400.0,4.0,170.0,6.0,7083.333333333333
9291,other,1650.0,3.0,52.0,3.0,3151.5151515151515
9292,other,600.0,1.0,45.0,1.0,7500.0
9293,other,672.0,1.0,27.0,1.0,4017.8571428571427
9294,other,1280.0,3.0,87.0,3.0,6796.875
9295,other,1850.0,3.0,95.0,3.0,5135.135135135135
9296,other,1567.0,3.0,100.0,3.0,6381.620931716656
9297,other,2350.0,3.0,210.0,3.0,8936.170212765957
9298,other,1125.0,2.0,48.0,2.0,4266.666666666667
9299,other,1365.0,3.0,54.0,3.0,3956.043956043956
9300,other,560.0,1.0,19.0,1.0,3392.8571428571427
9301,other,1471.0,2.0,75.0,3.0,5098.572399728077
9302,other,520.0,2.0,29.0,1.0,5576.923076923077
9303,other,1950.0,3.0,230.0,3.0,11794.871794871795
9304,other,600.0,1.0,58.0,1.0,9666.666666666666
9305,other,1000.0,1.0,19.0,1.0,1900.0
9306,other,1300.0,2.0,60.0,2.0,4615.384615384615
9307,other,375.0,1.0,40.0,1.0,10666.666666666666
9308,other,1477.0,2.0,75.0,3.0,5077.860528097495
9309,other,1220.0,2.0,65.0,2.0,5327.868852459016
9310,other,850.0,2.0,32.5,2.0,3823.529411764706
9311,other,1256.0,2.0,65.0,2.0,5175.15923566879
9312,other,1428.0,2.0,70.0,3.0,4901.9607843137255
9313,other,1130.0,2.0,74.0,2.0,6548.672566371682
9314,other,1407.0,2.0,83.87,2.0,5960.90973702914
9315,other,900.0,2.0,45.0,2.0,5000.0
9316,other,1350.0,4.0,160.0,4.0,11851.851851851852
9317,other,2375.0,3.0,260.0,4.0,10947.368421052632
9318,other,1200.0,2.0,67.0,2.0,5583.333333333333
9319,other,1872.0,3.0,152.0,3.0,8119.65811965812
9320,other,1400.0,3.0,90.0,3.0,6428.571428571428
9321,other,812.0,1.0,26.0,1.0,3201.9704433497536
9322,other,829.0,2.0,22.8,2.0,2750.301568154403
9323,other,600.0,2.0,35.0,1.0,5833.333333333333
9324,other,700.0,2.0,35.0,2.0,5000.0
9325,other,1105.0,2.0,50.0,2.0,4524.886877828054
9326,other,1000.0,2.0,51.0,2.0,5100.0
9327,other,1240.0,2.0,63.0,3.0,5080.645161290323
9328,other,1393.0,3.0,54.0,3.0,3876.5254845656855
9329,other,1640.0,3.0,70.0,3.0,4268.292682926829
9330,other,1200.0,2.0,62.0,2.0,5166.666666666667
9331,other,1495.0,3.0,55.0,3.0,3678.9297658862874
9332,other,1400.0,3.0,53.0,3.0,3785.714285714286
9333,other,1054.0,2.0,53.0,2.0,5028.462998102466
9334,other,1275.0,2.0,47.0,2.0,3686.274509803922
9335,other,1394.0,2.0,52.0,2.0,3730.2725968436157
9336,other,1075.0,2.0,57.0,2.0,5302.325581395349
9337,other,1800.0,4.0,115.0,3.0,6388.888888888889
9338,other,1220.0,2.0,54.89,2.0,4499.180327868852
9339,other,1499.0,3.0,89.0,3.0,5937.291527685124
9340,other,1280.0,2.0,55.0,3.0,4296.875
9341,other,1161.0,2.0,36.69,2.0,3160.206718346253
9342,other,1050.0,2.0,65.0,2.0,6190.476190476191
9343,other,905.0,2.0,50.0,2.0,5524.861878453039
9344,other,2736.0,4.0,130.0,4.0,4751.461988304093
9345,other,1056.0,2.0,55.0,2.0,5208.333333333333
9346,other,1770.0,3.0,90.0,3.0,5084.745762711865
9347,other,3155.0,3.0,315.0,3.0,9984.152139461174
9348,other,6500.0,7.0,104.0,7.0,1600.0
9349,other,1152.0,2.0,57.0,2.0,4947.916666666667
9350,other,1200.0,2.0,39.0,2.0,3250.0
9351,other,1350.0,2.0,65.0,3.0,4814.814814814815
9352,other,1464.0,2.0,135.0,3.0,9221.311475409837
9353,other,1300.0,2.0,32.0,2.0,2461.5384615384614
9354,other,1200.0,2.0,75.0,2.0,6250.0
9355,other,1707.0,3.0,171.0,3.0,10017.574692442882
9356,other,565.0,1.0,33.0,1.0,5840.70796460177
9357,other,630.0,2.0,70.0,1.0,11111.111111111111
9358,other,1000.0,2.0,55.0,2.0,5500.0
9359,other,1045.0,2.0,42.0,2.0,4019.1387559808613
9360,other,1250.0,2.0,62.4,2.0,4992.0
9361,other,2400.0,4.0,130.0,3.0,5416.666666666667
9362,other,1720.0,3.0,83.0,3.0,4825.581395348837
9363,other,1100.0,2.0,70.0,2.0,6363.636363636364
9364,other,420.0,1.0,23.5,1.0,5595.238095238095
9365,other,1675.0,3.0,65.0,3.0,3880.597014925373
9366,other,1225.0,2.0,71.05,2.0,5800.0
9367,other,1350.0,4.0,90.0,4.0,6666.666666666667
9368,other,3760.0,2.0,280.0,2.0,7446.808510638298
9369,other,3071.0,4.0,300.0,3.0,9768.804949527841
9370,other,850.0,2.0,34.0,2.0,4000.0
9371,other,1260.0,2.0,49.0,3.0,3888.8888888888887
9372,other,1450.0,3.0,65.0,3.0,4482.758620689655
9373,other,2100.0,3.0,70.0,3.0,3333.3333333333335
9374,other,1620.0,3.0,95.0,3.0,5864.197530864198
9375,other,560.0,1.0,21.0,1.0,3750.0
9376,other,1156.0,2.0,46.0,2.0,3979.2387543252594
9377,other,1140.0,2.0,56.0,2.0,4912.2807017543855
9378,other,2250.0,3.0,180.0,3.0,8000.0
9379,other,1485.0,3.0,78.0,3.0,5252.525252525253
9380,other,1350.0,2.0,45.0,1.0,3333.3333333333335
9381,other,1209.0,2.0,100.0,2.0,8271.298593879239
9382,other,1500.0,3.0,95.0,3.0,6333.333333333333
9383,other,1000.0,2.0,60.0,2.0,6000.0
9384,other,1488.0,2.0,65.0,3.0,4368.279569892473
9385,other,1200.0,4.0,130.0,4.0,10833.333333333334
9386,other,2250.0,3.0,199.0,3.0,8844.444444444445
9387,other,3700.0,4.0,314.0,4.0,8486.486486486487
9388,other,1190.0,2.0,42.25,2.0,3550.4201680672268
9389,other,1405.0,3.0,169.0,3.0,12028.469750889679
9390,other,4800.0,6.0,420.0,4.0,8750.0
9391,other,1050.0,2.0,43.5,2.0,4142.857142857143
9392,other,1800.0,3.0,53.0,3.0,2944.4444444444443
9393,other,500.0,1.0,16.0,1.0,3200.0
9394,other,1600.0,3.0,180.0,3.0,11250.0
9395,other,1140.0,2.0,49.0,2.0,4298.245614035088
9396,other,648.0,1.0,34.0,1.0,5246.913580246914
9397,other,1720.0,2.0,126.0,3.0,7325.581395348837
9398,other,1100.0,2.0,45.0,2.0,4090.909090909091
9399,other,825.0,2.0,35.0,2.0,4242.424242424242
9400,other,1080.0,2.0,64.0,2.0,5925.925925925926
9401,other,1100.0,2.0,61.0,2.0,5545.454545454545
9402,other,800.0,1.0,29.0,2.0,3625.0
9403,other,1225.0,2.0,47.0,2.0,3836.734693877551
9404,other,535.0,1.0,35.0,1.0,6542.056074766355
9405,other,1067.0,2.0,33.99,2.0,3185.5670103092784
9406,other,1152.0,2.0,42.0,2.0,3645.8333333333335
9407,other,1465.0,2.0,88.0,3.0,6006.825938566553
9408,other,1145.0,2.0,63.0,2.0,5502.183406113537
9409,other,3420.0,3.0,410.0,4.0,11988.30409356725
9410,other,1280.0,2.0,75.0,2.0,5859.375
9411,other,680.0,3.0,60.0,2.0,8823.529411764706
9412,other,1450.0,3.0,75.0,3.0,5172.413793103448
9413,other,1738.0,3.0,110.0,3.0,6329.113924050633
9414,other,1500.0,3.0,90.0,3.0,6000.0
9415,other,982.0,2.0,25.0,2.0,2545.8248472505093
9416,other,1050.0,2.0,110.0,2.0,10476.190476190477
9417,other,1541.0,2.0,181.0,2.0,11745.619727449708
9418,other,1275.0,2.0,105.0,2.0,8235.29411764706
9419,other,2048.0,3.0,206.0,3.0,10058.59375
9420,other,1119.0,2.0,48.5,3.0,4334.226988382485
9421,other,1355.0,2.0,58.25,3.0,4298.89298892989
9422,other,1095.0,2.0,55.85,2.0,5100.456621004566
9423,other,2320.0,2.0,160.0,3.0,6896.551724137931
9424,other,1237.0,3.0,78.0,3.0,6305.578011317704
9425,other,1464.0,2.0,56.0,2.0,3825.136612021858
9426,other,1840.0,1.0,95.0,2.0,5163.04347826087
9427,other,2400.0,4.0,89.0,4.0,3708.3333333333335
9428,other,1200.0,2.0,140.0,4.0,11666.666666666666
9429,other,1639.0,3.0,77.89,3.0,4752.2879804758995
9430,other,1160.0,2.0,75.0,2.0,6465.517241379311
9431,other,1294.0,2.0,52.0,3.0,4018.5471406491497
9432,other,1095.0,2.0,45.0,2.0,4109.58904109589
9433,other,1040.0,2.0,36.84,2.0,3542.307692307693
9434,other,1325.0,2.0,47.0,3.0,3547.169811320755
9435,other,1108.0,2.0,48.0,2.0,4332.129963898917
9436,other,1155.0,2.0,65.0,2.0,5627.705627705628
9437,other,1464.0,3.0,56.0,3.0,3825.136612021858
9438,other,1500.0,3.0,67.49,3.0,4499.333333333333
9439,other,1060.0,2.0,42.5,2.0,4009.433962264151
9440,other,984.0,2.0,125.0,2.0,12703.252032520326
9441,other,1148.0,2.0,69.0,2.0,6010.452961672474
9442,other,1719.0,3.0,110.0,3.0,6399.069226294358
9443,other,1420.0,3.0,70.0,3.0,4929.577464788732
9444,other,3000.0,4.0,264.0,4.0,8800.0
9445,other,1398.0,3.0,51.0,3.0,3648.068669527897
9446,other,1320.0,2.0,90.0,2.0,6818.181818181818
9447,other,1285.0,2.0,45.0,3.0,3501.9455252918287
9448,other,1161.0,2.0,59.0,2.0,5081.82601205857
9449,other,1504.0,3.0,67.0,3.0,4454.787234042553
9450,other,1230.0,2.0,68.0,2.0,5528.455284552845
9451,other,1260.0,2.0,62.0,2.0,4920.6349206349205
9452,other,4560.0,5.0,430.0,4.0,9429.82456140351
9453,other,849.0,2.0,25.4,2.0,2991.7550058892816
9454,other,799.0,2.0,35.0,2.0,4380.475594493117
9455,other,2700.0,4.0,170.0,5.0,6296.2962962962965
9456,other,1077.0,2.0,34.46,2.0,3199.6285979572885
9457,other,3000.0,4.0,300.0,5.0,10000.0
9458,other,1560.0,2.0,125.0,3.0,8012.820512820513
9459,other,1290.0,3.0,45.33,3.0,3513.953488372093
9460,other,1012.0,2.0,59.0,2.0,5830.0395256917
9461,other,1245.0,2.0,120.0,2.0,9638.55421686747
9462,other,1485.0,2.0,110.0,3.0,7407.407407407408
9463,other,2400.0,4.0,88.0,4.0,3666.6666666666665
9464,other,1115.0,2.0,50.0,2.0,4484.304932735426
9465,other,1489.0,2.0,101.0,2.0,6783.075889858966
9466,other,2800.0,4.0,365.0,4.0,13035.714285714286
9467,other,1464.0,3.0,56.0,3.0,3825.136612021858
9468,other,1600.0,2.0,90.0,3.0,5625.0
9469,other,1508.0,3.0,75.0,3.0,4973.474801061008
9470,other,3000.0,6.0,300.0,6.0,10000.0
9471,other,1903.0,3.0,165.0,3.0,8670.520231213874
9472,other,1200.0,2.0,38.0,2.0,3166.6666666666665
9473,other,2996.0,4.0,200.0,4.0,6675.567423230975
9474,other,3400.0,4.0,200.0,4.0,5882.35294117647
9475,other,1602.0,2.0,75.0,3.0,4681.647940074907
9476,other,551.0,1.0,30.0,1.0,5444.64609800363
9477,other,1400.0,2.0,44.8,2.0,3200.0
9478,other,550.0,1.0,16.0,1.0,2909.090909090909
9479,other,1780.0,3.0,100.0,3.0,5617.9775280898875
9480,other,1050.0,2.0,49.5,2.0,4714.285714285715
9481,other,1310.0,3.0,90.0,3.0,6870.229007633588
9482,other,900.0,2.0,24.0,2.0,2666.6666666666665
9483,other,1200.0,2.0,54.0,2.0,4500.0
9484,other,1603.0,2.0,125.0,3.0,7797.878976918279
9485,other,2180.0,3.0,285.0,3.0,13073.394495412844
9486,other,450.0,1.0,30.0,1.0,6666.666666666667
9487,other,3000.0,4.0,301.0,4.0,10033.333333333334
9488,other,1160.0,2.0,40.53,2.0,3493.9655172413795
9489,other,1200.0,3.0,52.0,2.0,4333.333333333333
9490,other,1275.0,2.0,69.0,2.0,5411.764705882353
9491,other,1300.0,2.0,51.0,3.0,3923.076923076923
9492,other,1623.0,3.0,155.0,3.0,9550.215650030807
9493,other,1275.0,3.0,55.0,3.0,4313.725490196079
9494,other,900.0,1.0,52.3,1.0,5811.111111111111
9495,other,1075.0,2.0,48.38,2.0,4500.46511627907
9496,other,780.0,2.0,31.0,2.0,3974.358974358974
9497,other,1088.0,2.0,43.5,2.0,3998.1617647058824
9498,other,1070.0,2.0,32.99,2.0,3083.177570093458
9499,other,1000.0,2.0,31.0,2.0,3100.0
9500,other,1200.0,2.0,110.0,2.0,9166.666666666666
9501,other,1400.0,2.0,78.0,3.0,5571.428571428572
9502,other,2648.0,3.0,238.0,3.0,8987.915407854985
9503,other,1455.0,2.0,45.0,3.0,3092.783505154639
9504,other,1475.0,3.0,80.0,3.0,5423.728813559322
9505,other,1721.0,3.0,93.0,3.0,5403.834979662986
9506,other,1480.0,3.0,75.0,3.0,5067.5675675675675
9507,other,4800.0,4.0,420.0,4.0,8750.0
9508,other,1163.0,2.0,68.0,2.0,5846.947549441101
9509,other,1300.0,2.0,80.0,3.0,6153.846153846154
9510,other,1540.0,3.0,65.0,3.0,4220.779220779221
9511,other,1215.0,2.0,46.8,3.0,3851.8518518518517
9512,other,2400.0,4.0,135.0,4.0,5625.0
9513,other,998.0,2.0,65.0,2.0,6513.026052104208
9514,other,3300.0,9.0,450.0,10.0,13636.363636363636
9515,other,1040.0,2.0,78.0,2.0,7500.0
9516,other,1215.0,2.0,50.0,3.0,4115.22633744856
9517,other,975.0,2.0,45.0,2.0,4615.384615384615
9518,other,1907.0,2.0,200.0,3.0,10487.676979549029
9519,other,1330.0,2.0,80.0,2.0,6015.037593984963
9520,other,4446.0,3.0,410.0,3.0,9221.772379667116
9521,other,1320.0,2.0,95.0,3.0,7196.969696969697
9522,other,8000.0,5.0,550.0,5.0,6875.0
9523,other,1000.0,2.0,50.0,2.0,5000.0
9524,other,1400.0,3.0,45.0,3.0,3214.285714285714
9525,other,1000.0,2.0,35.0,2.0,3500.0
9526,other,1225.0,2.0,48.0,2.0,3918.3673469387754
9527,other,4500.0,3.0,225.0,4.0,5000.0
9528,other,2200.0,2.0,150.0,4.0,6818.181818181818
9529,other,1092.0,3.0,95.0,3.0,8699.6336996337
9530,other,1100.0,3.0,53.0,3.0,4818.181818181818
9531,other,1170.0,2.0,50.0,2.0,4273.504273504273
9532,other,1075.0,2.0,50.0,2.0,4651.162790697675
9533,other,935.0,2.0,45.9,2.0,4909.090909090909
9534,other,1120.0,2.0,36.0,2.0,3214.285714285714
9535,other,1130.0,2.0,75.0,2.0,6637.168141592921
9536,other,1334.0,2.0,62.0,2.0,4647.67616191904
9537,other,1900.0,3.0,190.0,3.0,10000.0
9538,other,966.0,2.0,50.0,2.0,5175.983436853002
9539,other,1200.0,4.0,110.0,4.0,9166.666666666666
9540,other,1630.0,3.0,131.0,3.0,8036.80981595092
9541,other,1050.0,2.0,41.0,1.0,3904.7619047619046
9542,other,1427.0,2.0,52.0,2.0,3644.008409250175
9543,other,3210.0,4.0,380.0,3.0,11838.006230529594
9544,other,5425.0,13.0,275.0,13.0,5069.124423963133
9545,other,1200.0,4.0,135.0,4.0,11250.0
9546,other,1050.0,2.0,48.0,2.0,4571.428571428572
9547,other,900.0,2.0,48.0,2.0,5333.333333333333
9548,other,4041.0,4.0,345.0,4.0,8537.490720118782
9549,other,620.0,1.0,25.0,1.0,4032.2580645161293
9550,other,1210.0,2.0,75.0,2.0,6198.347107438017
9551,other,1180.0,2.0,41.94,2.0,3554.237288135593
9552,other,1430.0,3.0,70.0,3.0,4895.104895104895
9553,other,1200.0,1.0,70.0,2.0,5833.333333333333
9554,other,1950.0,4.0,95.0,3.0,4871.794871794872
9555,other,1200.0,3.0,70.0,2.0,5833.333333333333
9556,other,1250.0,3.0,40.0,3.0,3200.0
9557,other,1130.0,2.0,68.0,2.0,6017.699115044248
9558,other,1245.0,1.0,60.0,2.0,4819.277108433735
9559,other,1390.0,2.0,50.0,3.0,3597.122302158273
9560,other,2750.0,5.0,275.0,3.0,10000.0
9561,other,800.0,2.0,55.0,2.0,6875.0
9562,other,1244.0,2.0,95.0,2.0,7636.655948553054
9563,other,1500.0,4.0,180.0,3.0,12000.0
9564,other,1200.0,2.0,75.0,2.0,6250.0
9565,other,400.0,2.0,50.0,1.0,12500.0
9566,other,1100.0,2.0,57.6,2.0,5236.363636363636
9567,other,2159.0,3.0,120.0,3.0,5558.12876331635
9568,other,3100.0,6.0,165.0,5.0,5322.580645161291
9569,other,1200.0,1.0,48.0,1.0,4000.0
9570,other,1340.0,2.0,71.0,2.0,5298.507462686567
9571,other,1675.0,3.0,62.0,3.0,3701.492537313433
9572,other,1190.0,2.0,59.9,2.0,5033.6134453781515
9573,other,1250.0,2.0,55.0,2.0,4400.0
9574,other,1450.0,2.0,90.0,2.0,6206.896551724138
9575,other,1275.0,2.0,49.5,2.0,3882.3529411764707
9576,other,10030.0,1.0,150.0,1.0,1495.5134596211367
9577,other,3600.0,4.0,225.0,4.0,6250.0
9578,other,2300.0,3.0,280.0,3.0,12173.91304347826
9579,other,3200.0,8.0,130.0,9.0,4062.5
9580,other,1900.0,2.0,92.0,3.0,4842.105263157895
9581,other,1250.0,3.0,40.0,3.0,3200.0
9582,other,925.0,2.0,55.0,2.0,5945.945945945946
9583,other,3900.0,3.0,250.0,3.0,6410.25641025641
9584,other,1400.0,2.0,160.0,2.0,11428.57142857143
9585,other,1715.0,3.0,95.0,3.0,5539.35860058309
9586,other,703.0,2.0,60.0,2.0,8534.850640113798
9587,other,1400.0,2.0,56.0,3.0,4000.0
9588,other,1270.0,2.0,57.15,3.0,4500.0
9589,other,600.0,1.0,20.0,1.0,3333.3333333333335
9590,other,4382.0,4.0,400.0,4.0,9128.251939753538
9591,other,1030.0,2.0,77.25,3.0,7500.0
9592,other,1254.0,2.0,70.0,3.0,5582.13716108453
9593,other,1820.0,3.0,79.5,3.0,4368.131868131868
9594,other,1293.0,2.0,80.0,2.0,6187.161639597834
9595,other,1050.0,2.0,36.0,2.0,3428.5714285714284
9596,other,1500.0,3.0,56.0,3.0,3733.3333333333335
9597,other,1000.0,2.0,66.0,2.0,6600.0
9598,other,1864.0,3.0,115.0,3.0,6169.527896995708
9599,other,1200.0,2.0,135.0,2.0,11250.0
9600,other,1950.0,2.0,89.5,3.0,4589.74358974359
9601,other,2400.0,4.0,150.0,4.0,6250.0
9602,other,1263.0,2.0,51.5,2.0,4077.593032462391
9603,other,4400.0,5.0,240.0,5.0,5454.545454545455
9604,other,1050.0,2.0,38.0,2.0,3619.0476190476193
9605,other,1525.0,2.0,91.48,3.0,5998.688524590164
9606,other,975.0,2.0,60.0,2.0,6153.846153846154
9607,other,2000.0,3.0,100.0,3.0,5000.0
9608,other,1220.0,2.0,56.0,2.0,4590.163934426229
9609,other,1500.0,2.0,85.0,1.0,5666.666666666667
9610,other,5000.0,5.0,300.0,4.0,6000.0
9611,other,1000.0,2.0,50.0,2.0,5000.0
9612,other,1200.0,4.0,138.0,2.0,11500.0
9613,other,1100.0,2.0,68.0,2.0,6181.818181818182
9614,other,4000.0,6.0,460.0,6.0,11500.0
9615,other,1105.0,2.0,28.18,2.0,2550.2262443438913
9616,other,2950.0,4.0,250.0,4.0,8474.57627118644
9617,other,1464.0,2.0,115.0,3.0,7855.191256830601
9618,other,1385.0,3.0,90.0,3.0,6498.194945848375
9619,other,1205.0,2.0,47.0,2.0,3900.414937759336
9620,other,1070.0,2.0,33.43,2.0,3124.299065420561
9621,other,1070.0,2.0,52.0,2.0,4859.813084112149
9622,other,1415.0,2.0,120.0,2.0,8480.565371024735
9623,other,1750.0,3.0,58.0,3.0,3314.285714285714
9624,other,1537.0,3.0,81.0,3.0,5270.006506180872
9625,other,1050.0,2.0,45.0,2.0,4285.714285714285
9626,other,1255.0,2.0,60.0,3.0,4780.876494023904
9627,other,2400.0,2.0,185.0,3.0,7708.333333333333
9628,other,1170.0,2.0,45.51,2.0,3889.74358974359
9629,other,1080.0,2.0,38.0,2.0,3518.5185185185187
9630,other,1025.0,2.0,65.0,2.0,6341.463414634146
9631,other,1020.0,2.0,70.0,2.0,6862.745098039216
9632,other,1155.0,2.0,69.0,2.0,5974.025974025974
9633,other,2030.0,2.0,182.0,3.0,8965.51724137931
9634,other,1555.0,2.0,67.0,3.0,4308.681672025724
9635,other,2900.0,3.0,325.0,3.0,11206.896551724138
9636,other,2180.0,4.0,115.0,4.0,5275.229357798165
9637,other,1050.0,2.0,35.0,2.0,3333.3333333333335
9638,other,1610.0,3.0,85.0,3.0,5279.503105590062
9639,other,1500.0,2.0,145.0,2.0,9666.666666666666
9640,other,3150.0,3.0,135.0,4.0,4285.714285714285
9641,other,1255.0,2.0,56.7,2.0,4517.92828685259
9642,other,600.0,2.0,29.5,2.0,4916.666666666667
9643,other,2597.0,4.0,189.0,4.0,7277.628032345014
9644,other,1410.0,2.0,73.0,2.0,5177.304964539007
9645,other,1150.0,2.0,42.0,2.0,3652.1739130434785
9646,other,1170.0,2.0,53.11,2.0,4539.316239316239
9647,other,1201.0,2.0,65.0,2.0,5412.156536219817
9648,other,660.0,1.0,30.0,1.0,4545.454545454545
9649,other,1050.0,2.0,40.0,2.0,3809.5238095238096
9650,other,2735.0,4.0,340.0,3.0,12431.44424131627
9651,other,950.0,2.0,65.0,2.0,6842.105263157895
9652,other,980.0,3.0,80.0,3.0,8163.265306122449
9653,other,1080.0,2.0,37.8,2.0,3499.9999999999995
9654,other,1200.0,2.0,35.0,3.0,2916.6666666666665
9655,other,750.0,2.0,20.0,2.0,2666.6666666666665
9656,other,1535.0,3.0,72.0,3.0,4690.553745928339
9657,other,1265.0,2.0,68.0,2.0,5375.494071146245
9658,other,3500.0,4.0,150.0,4.0,4285.714285714285
9659,other,5400.0,4.0,250.0,4.0,4629.62962962963
9660,other,660.0,1.0,35.0,1.0,5303.030303030303
9661,other,1140.0,2.0,60.0,2.0,5263.1578947368425
9662,other,1458.0,2.0,87.0,3.0,5967.078189300411
9663,other,1081.0,2.0,39.0,2.0,3607.7705827937093
9664,other,1178.0,2.0,80.0,2.0,6791.171477079796
9665,other,4000.0,8.0,150.0,7.0,3750.0
9666,other,2700.0,4.0,295.0,4.0,10925.925925925925
9667,other,1175.0,2.0,52.86,2.0,4498.723404255319
9668,other,1426.0,2.0,71.0,3.0,4978.962131837307
9669,other,1300.0,2.0,95.0,2.0,7307.692307692308
9670,other,936.0,1.0,53.0,1.0,5662.393162393162
9671,other,1277.0,2.0,92.0,2.0,7204.385277995301
9672,other,1200.0,2.0,54.0,2.0,4500.0
9673,other,1600.0,2.0,160.0,2.0,10000.0
9674,other,1350.0,3.0,60.0,3.0,4444.444444444444
9675,other,2400.0,5.0,150.0,5.0,6250.0
9676,other,1092.0,2.0,49.0,2.0,4487.179487179487
9677,other,827.0,2.0,34.0,2.0,4111.24546553809
9678,other,800.0,2.0,32.0,2.0,4000.0
9679,other,1055.0,2.0,43.0,2.0,4075.829383886256
9680,other,1839.0,3.0,160.0,3.0,8700.380641653072
9681,other,2760.0,5.0,140.0,5.0,5072.463768115942
9682,other,993.0,2.0,42.0,2.0,4229.607250755287
9683,other,925.0,2.0,100.0,2.0,10810.81081081081
9684,other,650.0,1.0,50.0,1.0,7692.307692307692
9685,other,2260.0,3.0,90.0,2.0,3982.3008849557523
9686,other,2400.0,5.0,75.0,6.0,3125.0
9687,other,1600.0,3.0,130.0,3.0,8125.0
9688,other,1296.0,2.0,70.0,2.0,5401.234567901234
9689,other,1125.0,2.0,55.0,2.0,4888.888888888889
9690,other,1194.0,2.0,51.0,2.0,4271.356783919598
9691,other,3000.0,4.0,170.0,5.0,5666.666666666667
9692,other,2200.0,3.0,225.0,4.0,10227.272727272728
9693,other,1300.0,2.0,63.0,2.0,4846.153846153846
9694,other,1626.6,3.0,133.0,3.0,8176.564613303824
9695,other,1007.0,2.0,48.0,2.0,4766.633565044687
9696,other,1100.0,2.0,60.0,2.0,5454.545454545455
9697,other,1348.0,2.0,100.0,2.0,7418.39762611276
9698,other,1298.0,2.0,65.0,2.0,5007.704160246533
9699,other,1350.0,4.0,175.0,4.0,12962.962962962964
9700,other,1312.0,2.0,56.5,3.0,4306.40243902439
9701,other,760.0,2.0,38.5,2.0,5065.789473684211
9702,other,1182.0,2.0,60.1,3.0,5084.602368866328
9703,other,1053.0,2.0,46.29,2.0,4396.011396011396
9704,other,1035.0,2.0,52.79,2.0,5100.48309178744
9705,other,1410.0,3.0,90.0,3.0,6382.978723404255
9706,other,1460.0,2.0,87.0,3.0,5958.904109589041
9707,other,1260.0,2.0,85.05,3.0,6750.0
9708,other,3000.0,3.0,265.0,3.0,8833.333333333334
9709,other,1200.0,2.0,120.0,3.0,10000.0
9710,other,1250.0,2.0,65.0,2.0,5200.0
9711,other,1800.0,3.0,150.0,3.0,8333.333333333334
9712,other,1000.0,2.0,35.0,2.0,3500.0
9713,other,967.0,2.0,47.8,2.0,4943.1230610134435
9714,other,1798.0,3.0,73.0,3.0,4060.066740823137
9715,other,2098.0,3.0,210.0,3.0,10009.532888465204
9716,other,2400.0,3.0,270.0,3.0,11250.0
9717,other,1800.0,3.0,192.0,3.0,10666.666666666666
9718,other,2000.0,3.0,85.0,3.0,4250.0
9719,other,509.0,1.0,20.0,1.0,3929.2730844793714
9720,other,3535.0,4.0,215.0,4.0,6082.036775106082
9721,other,1800.0,3.0,82.0,4.0,4555.555555555556
9722,other,1397.0,2.0,52.0,3.0,3722.2619899785254
9723,other,2350.0,5.0,325.0,5.0,13829.787234042553
9724,other,2050.0,3.0,135.0,3.0,6585.365853658536
9725,other,2100.0,1.0,200.0,2.0,9523.809523809523
9726,other,1276.0,2.0,146.0,2.0,11442.006269592477
9727,other,1339.0,2.0,53.56,2.0,4000.0
9728,other,1305.0,2.0,52.0,2.0,3984.6743295019155
9729,other,1600.0,3.0,100.0,3.0,6250.0
9730,other,2100.0,3.0,280.0,4.0,13333.333333333334
9731,other,2300.0,2.0,69.0,3.0,3000.0
9732,other,1235.0,2.0,52.76,2.0,4272.064777327935
9733,other,2100.0,3.0,270.0,3.0,12857.142857142857
9734,other,850.0,2.0,42.5,2.0,5000.0
9735,other,1150.0,2.0,39.0,2.0,3391.304347826087
9736,other,3500.0,4.0,320.0,4.0,9142.857142857143
9737,other,1545.0,3.0,65.0,3.0,4207.119741100324
9738,other,1540.0,3.0,150.0,3.0,9740.25974025974
9739,other,3200.0,4.0,270.0,4.0,8437.5
9740,other,1050.0,2.0,45.0,2.0,4285.714285714285
9741,other,1165.0,2.0,65.0,2.0,5579.399141630901
9742,other,1200.0,1.0,42.0,2.0,3500.0
9743,other,1300.0,2.0,58.0,2.0,4461.538461538462
9744,other,1645.0,3.0,87.0,3.0,5288.753799392097
9745,other,2700.0,7.0,110.0,6.0,4074.074074074074
9746,other,1305.0,2.0,45.68,3.0,3500.383141762452
9747,other,1255.0,2.0,65.0,2.0,5179.282868525896
9748,other,800.0,1.0,95.0,2.0,11875.0
9749,other,1650.0,2.0,140.0,4.0,8484.848484848484
9750,other,1451.0,3.0,68.0,3.0,4686.423156443831
9751,other,4395.0,3.0,240.0,3.0,5460.750853242321
9752,other,1100.0,2.0,38.5,2.0,3500.0
9753,other,1936.0,3.0,139.0,3.0,7179.752066115702
9754,other,935.0,2.0,40.0,2.0,4278.07486631016
9755,other,1220.0,2.0,65.0,2.0,5327.868852459016
9756,other,1400.0,2.0,40.43,3.0,2887.8571428571427
9757,other,1200.0,1.0,65.0,1.0,5416.666666666667
9758,other,1800.0,3.0,95.0,3.0,5277.777777777777
9759,other,2045.0,3.0,108.0,3.0,5281.173594132029
9760,other,1410.0,2.0,54.0,3.0,3829.7872340425533
9761,other,1310.0,2.0,88.0,2.0,6717.557251908397
9762,other,1250.0,2.0,55.0,2.0,4400.0
9763,other,2000.0,5.0,240.0,5.0,12000.0
9764,other,4500.0,4.0,345.0,4.0,7666.666666666667
9765,other,3155.0,4.0,316.0,3.0,10015.847860538826
9766,other,1200.0,2.0,54.0,2.0,4500.0
9767,other,1441.0,2.0,115.0,2.0,7980.569049271339
9768,other,418.0,1.0,17.0,1.0,4066.9856459330144
9769,other,1200.0,3.0,80.0,3.0,6666.666666666667
9770,other,1500.0,2.0,200.0,3.0,13333.333333333334
9771,other,675.0,2.0,13.5,2.0,2000.0
9772,other,610.0,1.0,28.0,1.0,4590.163934426229
9773,other,2400.0,7.0,107.0,6.0,4458.333333333333
9774,other,1864.0,3.0,120.0,3.0,6437.768240343347
9775,other,950.0,2.0,57.0,2.0,6000.0
9776,other,985.0,2.0,45.0,2.0,4568.527918781726
9777,other,1100.0,2.0,62.0,2.0,5636.363636363636
9778,other,1530.0,3.0,87.0,4.0,5686.274509803921
9779,other,1200.0,4.0,165.0,4.0,13750.0
9780,other,2400.0,3.0,108.0,4.0,4500.0
9781,other,1200.0,2.0,90.0,3.0,7500.0
9782,other,3600.0,6.0,170.0,6.0,4722.222222222223
9783,other,1279.0,2.0,100.0,2.0,7818.608287724785
9784,other,1256.0,2.0,60.0,2.0,4777.070063694267
9785,other,1525.0,3.0,68.63,3.0,4500.327868852459
9786,other,900.0,2.0,25.0,2.0,2777.777777777778
9787,other,1200.0,2.0,35.0,4.0,2916.6666666666665
9788,other,1185.0,2.0,42.66,2.0,3600.0
9789,other,3600.0,4.0,300.0,4.0,8333.333333333334
9790,other,3730.0,6.0,430.0,4.0,11528.150134048257
9791,other,1600.0,4.0,120.0,3.0,7500.0
9792,other,1120.0,2.0,60.0,2.0,5357.142857142857
9793,other,5100.0,7.0,225.0,6.0,4411.764705882353
9794,other,1308.0,2.0,86.0,2.0,6574.923547400612
9795,other,2170.0,3.0,265.0,4.0,12211.981566820277
9796,other,1100.0,2.0,55.0,2.0,5000.0
9797,other,1000.0,2.0,45.0,2.0,4500.0
9798,other,1347.0,2.0,55.0,3.0,4083.147735708983
9799,other,1225.0,2.0,71.05,2.0,5800.0
9800,other,4000.0,7.0,90.0,7.0,2250.0
9801,other,1200.0,3.0,78.0,2.0,6500.0
9802,other,2180.0,3.0,273.0,3.0,12522.935779816513
9803,other,1339.0,2.0,55.0,2.0,4107.542942494399
9804,other,1449.0,3.0,72.0,3.0,4968.944099378882
9805,other,1100.0,2.0,38.68,2.0,3516.3636363636365
9806,other,1100.0,2.0,55.0,2.0,5000.0
9807,other,3300.0,8.0,310.0,8.0,9393.939393939394
9808,other,1300.0,2.0,95.0,2.0,7307.692307692308
9809,other,1350.0,2.0,89.5,2.0,6629.62962962963
9810,other,2312.0,3.0,156.0,3.0,6747.404844290658
9811,other,1175.0,2.0,70.0,2.0,5957.446808510638
9812,other,1145.0,2.0,51.0,2.0,4454.14847161572
9813,other,2150.0,3.0,240.0,3.0,11162.790697674418
9814,other,1690.0,3.0,50.0,3.0,2958.579881656805
9815,other,1386.0,3.0,93.0,4.0,6709.95670995671
9816,other,1090.0,2.0,32.0,2.0,2935.7798165137615
9817,other,2400.0,2.0,50.0,3.0,2083.3333333333335
9818,other,1559.0,3.0,62.0,3.0,3976.9082745349583
9819,other,6652.0,6.0,510.0,4.0,7666.867107636801
9820,other,1060.0,2.0,52.0,2.0,4905.66037735849
9821,other,2500.0,2.0,300.0,3.0,12000.0
9822,other,1500.0,2.0,120.0,3.0,8000.0
9823,other,1700.0,3.0,55.0,4.0,3235.294117647059
9824,other,3150.0,4.0,180.0,4.0,5714.285714285715
9825,other,1200.0,1.0,39.82,1.0,3318.3333333333335
9826,other,3520.0,6.0,460.0,5.0,13068.181818181818
9827,other,1330.0,2.0,68.0,3.0,5112.7819548872185
9828,other,927.0,2.0,37.0,2.0,3991.3700107874865
9829,other,1200.0,3.0,68.0,3.0,5666.666666666667
9830,other,760.0,2.0,37.49,2.0,4932.894736842105
9831,other,3800.0,6.0,390.0,6.0,10263.157894736842
9832,other,410.0,1.0,48.0,1.0,11707.317073170732
9833,other,1717.0,3.0,200.0,3.0,11648.223645894
9834,other,880.0,1.0,90.0,2.0,10227.272727272728
9835,other,1250.0,3.0,42.0,3.0,3360.0
9836,other,1293.0,2.0,80.0,2.0,6187.161639597834
9837,other,1280.0,2.0,68.48,2.0,5350.0
9838,other,1065.0,3.0,72.0,3.0,6760.56338028169
9839,other,3200.0,4.0,140.0,3.0,4375.0
9840,other,1250.0,2.0,77.13,3.0,6170.4
9841,other,1475.0,3.0,75.0,3.0,5084.745762711865
9842,other,2100.0,3.0,210.0,4.0,10000.0
9843,other,1330.0,3.0,65.0,3.0,4887.2180451127815
9844,other,1065.0,2.0,45.0,2.0,4225.352112676056
9845,other,7000.0,6.0,560.0,6.0,8000.0
9846,other,1525.0,3.0,65.0,3.0,4262.295081967213
9847,other,1220.0,2.0,72.0,2.0,5901.639344262295
9848,other,1500.0,2.0,60.0,2.0,4000.0
9849,other,2500.0,4.0,65.0,3.0,2600.0
9850,other,1884.0,3.0,95.0,3.0,5042.462845010616
9851,other,1100.0,2.0,75.0,2.0,6818.181818181818
9852,other,1350.0,2.0,90.0,2.0,6666.666666666667
9853,other,4800.0,5.0,350.0,4.0,7291.666666666667
9854,other,1700.0,3.0,74.0,3.0,4352.941176470588
9855,other,1200.0,3.0,110.0,3.0,9166.666666666666
9856,other,705.0,1.0,65.0,1.0,9219.85815602837
9857,other,1495.0,2.0,63.0,3.0,4214.046822742475
9858,other,1250.0,2.0,75.0,2.0,6000.0
9859,other,1230.0,2.0,50.0,2.0,4065.040650406504
9860,other,1275.0,2.0,59.0,2.0,4627.450980392156
9861,other,1040.0,2.0,36.4,2.0,3500.0
9862,other,648.0,1.0,40.0,1.0,6172.83950617284
9863,other,1320.0,2.0,58.0,3.0,4393.939393939394
9864,other,1200.0,5.0,150.0,4.0,12500.0
9865,other,1480.0,3.0,75.48,3.0,5100.0
9866,other,500.0,1.0,13.0,1.0,2600.0
9867,other,2400.0,4.0,325.0,5.0,13541.666666666666
9868,other,1128.0,2.0,48.4,2.0,4290.780141843971
9869,other,1180.0,2.0,65.0,2.0,5508.474576271186
9870,other,1200.0,2.0,60.0,2.0,5000.0
9871,other,1250.0,3.0,39.5,3.0,3160.0
9872,other,1000.0,2.0,45.0,2.0,4500.0
9873,other,975.0,2.0,55.0,2.0,5641.025641025641
9874,other,1190.0,2.0,42.0,2.0,3529.4117647058824
9875,other,1275.0,2.0,55.0,2.0,4313.725490196079
9876,other,1115.0,2.0,115.0,2.0,10313.90134529148
9877,other,1080.0,2.0,38.0,2.0,3518.5185185185187
9878,other,1170.0,2.0,39.0,2.0,3333.3333333333335
9879,other,1070.0,2.0,50.0,2.0,4672.897196261682
9880,other,1532.0,3.0,59.75,3.0,3900.1305483028723
9881,other,1150.0,2.0,46.0,2.0,4000.0
9882,other,1495.0,3.0,90.0,3.0,6020.066889632107
9883,other,1053.0,2.0,51.0,2.0,4843.304843304843
9884,other,1250.0,3.0,39.0,3.0,3120.0
9885,other,1200.0,2.0,75.0,4.0,6250.0
9886,other,1000.0,2.0,60.0,2.0,6000.0
9887,other,830.0,2.0,26.0,2.0,3132.5301204819275
9888,other,2750.0,6.0,200.0,6.0,7272.727272727273
9889,other,660.0,2.0,76.0,2.0,11515.151515151516
9890,other,1470.0,2.0,60.0,3.0,4081.6326530612246
9891,other,1275.0,2.0,76.0,2.0,5960.78431372549
9892,other,1602.0,3.0,56.0,3.0,3495.6304619225966
9893,other,793.0,1.0,40.0,1.0,5044.136191677176
9894,other,1100.0,2.0,38.0,2.0,3454.5454545454545
9895,other,1555.0,3.0,73.0,3.0,4694.5337620578775
9896,other,1630.0,2.0,130.0,3.0,7975.460122699386
9897,other,1563.0,3.0,63.0,3.0,4030.7101727447216
9898,other,1344.0,4.0,84.0,4.0,6250.0
9899,other,3000.0,3.0,400.0,3.0,13333.333333333334
9900,other,1200.0,2.0,82.0,2.0,6833.333333333333
9901,other,1419.0,3.0,85.0,3.0,5990.133897110642
9902,other,1195.0,2.0,42.4,2.0,3548.1171548117154
9903,other,2020.0,3.0,270.0,3.0,13366.336633663366
9904,other,850.0,1.0,50.0,1.0,5882.35294117647
9905,other,933.0,2.0,55.0,2.0,5894.962486602358
9906,other,865.0,2.0,33.0,2.0,3815.0289017341042
9907,other,1145.0,2.0,60.0,3.0,5240.174672489083
9908,other,1250.0,3.0,39.5,3.0,3160.0
9909,other,823.0,2.0,80.0,2.0,9720.534629404618
9910,other,1025.0,2.0,48.0,2.0,4682.926829268293
9911,other,1750.0,3.0,120.0,3.0,6857.142857142857
9912,other,1464.0,3.0,56.0,3.0,3825.136612021858
9913,other,750.0,2.0,40.0,2.0,5333.333333333333
9914,other,1300.0,3.0,46.0,3.0,3538.4615384615386
9915,other,2150.0,3.0,170.0,3.0,7906.976744186047
9916,other,2200.0,2.0,190.0,3.0,8636.363636363636
9917,other,1368.0,2.0,87.0,2.0,6359.649122807017
9918,other,1507.0,3.0,80.0,3.0,5308.560053085601
9919,other,1160.0,2.0,57.0,2.0,4913.793103448276
9920,other,1200.0,3.0,70.0,3.0,5833.333333333333
9921,other,1175.0,2.0,83.0,2.0,7063.829787234043
9922,other,6729.0,4.0,900.0,3.0,13374.944271065537
9923,other,893.0,2.0,34.5,2.0,3863.3818589025755
9924,other,1400.0,3.0,98.0,3.0,7000.0
9925,other,1138.0,2.0,32.0,2.0,2811.95079086116
9926,other,1495.0,2.0,70.0,3.0,4682.274247491639
9927,other,1410.0,2.0,43.71,3.0,3100.0
9928,other,1052.0,2.0,52.0,2.0,4942.9657794676805
9929,other,1000.0,2.0,45.0,2.0,4500.0
9930,other,2240.0,3.0,300.0,3.0,13392.857142857143
9931,other,1300.0,3.0,42.25,3.0,3250.0
9932,other,1300.0,2.0,60.0,3.0,4615.384615384615
9933,other,1520.0,3.0,165.0,3.0,10855.263157894737
9934,other,1050.0,2.0,45.0,2.0,4285.714285714285
9935,other,1567.0,2.0,62.0,3.0,3956.6049776643267
9936,other,2360.0,3.0,185.0,4.0,7838.983050847458
9937,other,1760.0,3.0,90.0,3.0,5113.636363636364
9938,other,1100.0,2.0,58.5,2.0,5318.181818181818
9939,other,1236.0,2.0,50.0,2.0,4045.3074433656957
9940,other,600.0,4.0,70.0,2.0,11666.666666666666
9941,other,800.0,1.0,45.0,2.0,5625.0
9942,other,1200.0,4.0,120.0,4.0,10000.0
9943,other,1892.0,3.0,200.0,3.0,10570.824524312897
9944,other,1095.0,2.0,39.0,2.0,3561.6438356164385
9945,other,1050.0,2.0,65.0,2.0,6190.476190476191
9946,other,1200.0,3.0,56.53,3.0,4710.833333333333
9947,other,1625.0,3.0,92.0,3.0,5661.538461538462
9948,other,1080.0,2.0,38.0,2.0,3518.5185185185187
9949,other,2100.0,3.0,145.0,5.0,6904.761904761905
9950,other,1269.0,2.0,97.0,2.0,7643.81402679275
9951,other,1025.0,2.0,39.98,2.0,3900.4878048780483
9952,other,1410.0,2.0,45.12,3.0,3200.0
9953,other,1353.0,2.0,110.0,3.0,8130.081300813008
9954,other,1200.0,2.0,68.0,2.0,5666.666666666667
9955,other,1250.0,2.0,70.0,3.0,5600.0
9956,other,1950.2,3.0,261.0,3.0,13383.242744333915
9957,other,2171.66,3.0,298.0,3.0,13722.221710580847
9958,other,900.0,2.0,40.0,2.0,4444.444444444444
9959,other,1600.0,3.0,100.0,3.0,6250.0
9960,other,540.0,1.0,22.0,1.0,4074.074074074074
9961,other,1950.2,3.0,193.0,3.0,9896.420879909752
9962,other,1125.0,2.0,55.0,2.0,4888.888888888889
9963,other,1563.0,2.0,52.0,3.0,3326.935380678183
9964,other,1013.0,2.0,60.0,2.0,5923.000987166831
9965,other,2100.0,3.0,220.0,3.0,10476.190476190477
9966,other,1600.0,3.0,77.0,3.0,4812.5
9967,other,1190.0,2.0,48.0,2.0,4033.6134453781515
9968,other,1625.0,3.0,95.0,3.0,5846.153846153846
9969,other,1210.0,2.0,53.0,2.0,4380.165289256199
9970,other,1600.0,5.0,140.0,5.0,8750.0
9971,other,1160.0,2.0,55.0,2.0,4741.379310344828
9972,other,930.0,1.0,55.0,2.0,5913.978494623656
9973,other,1053.0,2.0,44.0,2.0,4178.537511870845
9974,other,1325.0,2.0,56.0,3.0,4226.415094339623
9975,other,1169.0,2.0,50.11,2.0,4286.569717707443
9976,other,2400.0,3.0,185.0,4.0,7708.333333333333
9977,other,1070.0,2.0,38.0,2.0,3551.4018691588785
9978,other,1427.0,2.0,85.0,3.0,5956.552207428171
9979,other,2031.0,2.0,200.0,2.0,9847.365829640572
9980,other,2000.0,3.0,180.0,4.0,9000.0
9981,other,1062.0,2.0,50.0,2.0,4708.097928436911
9982,other,700.0,1.0,25.5,1.0,3642.8571428571427
9983,other,1200.0,3.0,120.0,3.0,10000.0
9984,other,1200.0,2.0,115.0,2.0,9583.333333333334
9985,other,1450.0,3.0,65.0,3.0,4482.758620689655
9986,other,1650.0,6.0,200.0,5.0,12121.212121212122
9987,other,2000.0,3.0,200.0,3.0,10000.0
9988,other,1150.0,2.0,90.0,2.0,7826.086956521739
9989,other,595.0,1.0,40.0,1.0,6722.689075630252
9990,other,3750.0,4.0,190.0,4.0,5066.666666666667
9991,other,5480.0,4.0,400.0,3.0,7299.270072992701
9992,other,1500.0,3.0,75.0,3.0,5000.0
9993,other,5656.0,5.0,499.0,3.0,8822.489391796322
9994,other,1300.0,2.0,33.0,2.0,2538.4615384615386
9995,other,1250.0,3.0,54.0,3.0,4320.0
9996,other,1425.0,2.0,65.0,3.0,4561.403508771929
9997,other,1200.0,1.0,50.0,2.0,4166.666666666667
9998,other,3700.0,4.0,400.0,4.0,10810.81081081081
9999,other,1625.0,3.0,150.0,3.0,9230.76923076923
10000,other,1300.0,3.0,65.0,2.0,5000.0
10001,other,1150.0,2.0,47.0,2.0,4086.9565217391305
10002,other,1515.0,3.0,80.5,3.0,5313.531353135313
10003,other,1250.0,2.0,65.0,2.0,5200.0
10004,other,1115.0,3.0,39.14,3.0,3510.3139013452915
10005,other,1550.0,2.0,70.0,3.0,4516.129032258064
10006,other,2505.0,3.0,165.0,3.0,6586.826347305389
10007,other,1410.0,2.0,54.0,3.0,3829.7872340425533
10008,other,1705.0,2.0,86.96,3.0,5100.2932551319645
10009,other,1650.0,3.0,135.0,3.0,8181.818181818182
10010,other,925.0,2.0,68.0,2.0,7351.351351351352
10011,other,1190.0,2.0,46.41,2.0,3900.0
10012,other,1750.0,3.0,100.0,3.0,5714.285714285715
10013,other,747.0,1.0,27.0,1.0,3614.4578313253014
10014,other,1113.0,2.0,52.0,2.0,4672.057502246182
10015,other,1738.0,3.0,110.0,3.0,6329.113924050633
10016,other,3500.0,6.0,115.0,6.0,3285.714285714286
10017,other,900.0,2.0,27.0,2.0,3000.0
10018,other,1720.0,3.0,95.0,3.0,5523.2558139534885
10019,other,500.0,1.0,51.0,1.0,10200.0
10020,other,850.0,2.0,45.0,2.0,5294.117647058823
10021,other,1020.0,2.0,52.0,2.0,5098.0392156862745
10022,other,1005.0,2.0,40.0,2.0,3980.0995024875624
10023,other,1290.0,2.0,71.95,2.0,5577.519379844961
10024,other,1650.0,3.0,140.0,3.0,8484.848484848484
10025,other,1220.0,2.0,52.0,2.0,4262.295081967213
10026,other,3150.0,4.0,150.0,4.0,4761.9047619047615
10027,other,2000.0,5.0,75.0,5.0,3750.0
10028,other,2559.0,1.0,55.0,1.0,2149.2770613520906
10029,other,720.0,1.0,28.0,1.0,3888.8888888888887
10030,other,1100.0,2.0,90.0,2.0,8181.818181818182
10031,other,1220.0,2.0,60.0,2.0,4918.0327868852455
10032,other,1500.0,3.0,50.0,3.0,3333.3333333333335
10033,other,5000.0,5.0,250.0,4.0,5000.0
10034,other,600.0,1.0,22.8,1.0,3800.0
10035,other,540.0,1.0,24.0,1.0,4444.444444444444
10036,other,620.0,2.0,23.0,2.0,3709.6774193548385
10037,other,1650.0,3.0,78.0,3.0,4727.272727272727
10038,other,1250.0,3.0,44.0,3.0,3520.0
10039,other,2072.0,3.0,108.0,3.0,5212.355212355213
10040,other,1154.0,2.0,57.0,2.0,4939.341421143848
10041,other,1057.0,2.0,42.0,2.0,3973.5099337748343
10042,other,1200.0,4.0,85.0,4.0,7083.333333333333
10043,other,980.0,2.0,35.0,2.0,3571.4285714285716
10044,other,1270.0,2.0,35.56,3.0,2800.0
10045,other,2400.0,3.0,185.0,3.0,7708.333333333333
10046,other,1432.0,3.0,79.0,3.0,5516.7597765363125
10047,other,1500.0,3.0,90.0,3.0,6000.0
10048,other,3500.0,3.0,425.0,4.0,12142.857142857143
10049,other,3100.0,5.0,425.0,4.0,13709.677419354839
10050,other,1100.0,2.0,45.0,3.0,4090.909090909091
10051,other,1260.0,2.0,55.0,2.0,4365.079365079365
10052,other,1200.0,4.0,110.0,4.0,9166.666666666666
10053,other,600.0,1.0,24.0,1.0,4000.0
10054,other,1770.0,3.0,99.0,3.0,5593.220338983051
10055,other,1800.0,3.0,130.0,3.0,7222.222222222223
10056,other,1375.0,2.0,45.0,2.0,3272.7272727272725
10057,other,1570.0,2.0,95.0,3.0,6050.955414012738
10058,other,2250.0,3.0,180.0,3.0,8000.0
10059,other,1270.0,2.0,172.0,2.0,13543.307086614173
10060,other,1145.0,2.0,44.0,2.0,3842.7947598253277
10061,other,2700.0,5.0,150.0,5.0,5555.555555555556
10062,other,3210.0,2.0,353.0,5.0,10996.884735202491
10063,other,1165.0,2.0,45.0,2.0,3862.6609442060085
10064,other,1340.0,2.0,47.0,3.0,3507.4626865671644
10065,other,1210.0,2.0,60.0,2.0,4958.677685950413
10066,other,1684.0,3.0,86.0,3.0,5106.88836104513
10067,other,1686.0,3.0,77.0,3.0,4567.022538552787
10068,other,1654.0,3.0,82.0,3.0,4957.678355501814
10069,other,1200.0,2.0,50.0,2.0,4166.666666666667
10070,other,1950.0,3.0,132.0,3.0,6769.2307692307695
10071,other,1200.0,2.0,130.0,3.0,10833.333333333334
10072,other,2400.0,4.0,150.0,4.0,6250.0
10073,other,1600.0,3.0,102.0,3.0,6375.0
10074,other,1088.0,2.0,46.0,2.0,4227.941176470588
10075,other,1200.0,2.0,45.0,2.0,3750.0
10076,other,1800.0,6.0,101.0,6.0,5611.111111111111
10077,other,1100.0,2.0,65.0,2.0,5909.090909090909
10078,other,1035.0,2.0,55.0,2.0,5314.009661835748
10079,other,600.0,3.0,72.0,2.0,12000.0
10080,other,1200.0,3.0,75.0,3.0,6250.0
10081,other,450.0,1.0,20.0,1.0,4444.444444444444
10082,other,1495.0,2.0,52.33,3.0,3500.334448160535
10083,other,1719.0,3.0,95.0,3.0,5526.468877254218
10084,other,1190.0,2.0,55.0,2.0,4621.848739495798
10085,other,1162.0,2.0,48.0,2.0,4130.808950086059
10086,other,540.0,1.0,22.5,1.0,4166.666666666667
10087,other,970.0,2.0,45.0,2.0,4639.1752577319585
10088,other,1084.0,2.0,51.0,2.0,4704.79704797048
10089,other,1500.0,3.0,85.0,3.0,5666.666666666667
10090,other,1360.0,2.0,73.0,3.0,5367.64705882353
10091,other,30400.0,4.0,1824.0,6.0,6000.0
10092,other,1182.0,2.0,64.0,2.0,5414.551607445009
10093,other,1350.0,1.0,120.0,3.0,8888.888888888889
10094,other,1500.0,3.0,90.0,3.0,6000.0
10095,other,2292.0,2.0,285.0,3.0,12434.554973821989
10096,other,1945.0,3.0,135.0,3.0,6940.874035989717
10097,other,2710.0,5.0,142.0,4.0,5239.852398523985
10098,other,1075.0,2.0,58.0,2.0,5395.3488372093025
10099,other,1410.0,3.0,68.0,3.0,4822.695035460993
10100,other,1256.0,2.0,62.8,2.0,5000.0
10101,other,1786.0,3.0,79.99,3.0,4478.723404255318
10102,other,1369.0,2.0,72.0,3.0,5259.313367421476
10103,other,1418.0,2.0,62.0,2.0,4372.3554301833565
10104,other,1035.0,2.0,60.0,2.0,5797.101449275362
10105,other,1232.0,2.0,94.28,2.0,7652.597402597403
10106,other,980.0,2.0,41.0,2.0,4183.673469387755
10107,other,6652.0,6.0,660.0,4.0,9921.828021647625
10108,other,1307.0,2.0,59.0,2.0,4514.154552410099
10109,other,1215.0,2.0,49.86,3.0,4103.7037037037035
10110,other,1025.0,2.0,43.04,2.0,4199.024390243902
10111,other,2700.0,3.0,230.0,4.0,8518.518518518518
10112,other,1125.0,2.0,46.0,2.0,4088.8888888888887
10113,other,1200.0,2.0,45.0,2.0,3750.0
10114,other,6688.0,6.0,700.0,4.0,10466.507177033493
10115,other,1830.0,3.0,95.0,3.0,5191.256830601093
10116,other,2872.0,4.0,183.0,4.0,6371.866295264624
10117,other,1486.0,2.0,65.0,3.0,4374.158815612383
10118,other,4600.0,9.0,150.0,9.0,3260.8695652173915
10119,other,1100.0,2.0,64.08,2.0,5825.454545454545
10120,other,1464.0,3.0,56.0,3.0,3825.136612021858
10121,other,1975.0,3.0,90.0,3.0,4556.962025316456
10122,other,1600.0,2.0,90.0,2.0,5625.0
10123,other,1100.0,2.0,32.0,2.0,2909.090909090909
10124,other,530.0,1.0,18.0,1.0,3396.2264150943397
10125,other,1010.0,2.0,41.0,2.0,4059.4059405940593
10126,other,1800.0,5.0,140.0,6.0,7777.777777777777
10127,other,1012.0,2.0,62.0,2.0,6126.482213438735
10128,other,1090.0,2.0,55.0,2.0,5045.871559633028
10129,other,1490.0,3.0,140.0,3.0,9395.973154362417
10130,other,1330.0,2.0,56.0,2.0,4210.526315789473
10131,other,1650.0,1.0,130.0,2.0,7878.787878787879
10132,other,1480.0,2.0,75.0,3.0,5067.5675675675675
10133,other,1500.0,2.0,78.0,3.0,5200.0
10134,other,745.0,2.0,36.0,2.0,4832.214765100671
10135,other,1155.0,2.0,64.0,2.0,5541.1255411255415
10136,other,1508.0,3.0,77.0,3.0,5106.100795755968
10137,other,1200.0,2.0,70.0,2.0,5833.333333333333
10138,other,1800.0,1.0,200.0,1.0,11111.111111111111
10139,other,1095.0,2.0,57.0,2.0,5205.479452054795
10140,other,1256.0,2.0,65.0,2.0,5175.15923566879
10141,other,1353.0,2.0,110.0,2.0,8130.081300813008
10142,other,812.0,1.0,26.0,1.0,3201.9704433497536
10143,other,1440.0,2.0,63.93,3.0,4439.583333333333
10144,other,1075.0,2.0,48.0,2.0,4465.116279069767
10145,other,3600.0,5.0,400.0,4.0,11111.111111111111
